1,4.86,8.52,-1.8,-2.31,0.94,-1.21,9.19,0.14,2.59,-0.83,0.56,0,5.18,0,0,0,idle,
2,4.75,8.59,-1.79,-2.19,0.52,-0.87,9.11,0.13,2.57,-1,0.04,0,5.17,0,0,0,idle,
3,4.78,8.55,-1.83,-2.61,-0.06,-1.18,9.08,0.12,2.61,-0.79,-0.13,0,5.17,0,0,0,idle,
4,4.8,8.51,-1.88,-2.95,-0.44,-0.88,9.13,0.17,2.78,-1.18,0.29,0,5.17,0,0,0,idle,
5,4.86,8.59,-1.84,-3.11,-0.76,-0.4,9.09,0.16,2.63,-1.2,0.37,0,5.19,0,0,0,idle,
6,4.85,8.66,-1.93,-4.36,-1.22,0.54,9.13,0.17,2.68,-1,1.02,0,5.18,0,0,0,idle,
7,4.81,8.64,-1.91,-12.69,-6.62,4.86,9.03,0.15,2.63,-0.59,1.08,0,5.19,0,0,0,idle,
8,4.71,8.74,-1.85,-13.27,-4.31,5.47,9.12,0.25,2.6,-0.48,1.44,0,5.19,0,0,0,idle,
9,4.83,8.59,-2.14,-22.55,-6.06,8.85,9.14,0.16,2.77,-0.37,1.65,0,5.18,0,0,0,idle,
10,4.97,8.37,-1.89,-16.75,-5.56,9.58,9.17,0.14,2.7,-0.25,1.58,0,5.17,0,0,0,idle,
11,5.09,8.42,-1.7,-6.87,-6.31,8.6,9.2,0.17,2.65,-0.33,1.02,0,5.17,0,0,0,idle,
12,5.03,8.41,-1.74,-3.92,-5.16,7.04,9.15,0.07,2.7,-0.19,0.98,0,5.17,0,0,0,idle,
13,4.93,8.44,-1.82,-1.72,-4.79,3.44,9.09,0.15,2.59,-0.35,0.62,0,5.17,0,0,0,idle,
14,5.06,8.48,-1.91,-1.39,-4.95,2.59,9.13,0.07,2.66,-0.5,0.85,0,5.17,0,0,0,idle,
15,5.04,8.56,-1.48,0.15,-1.89,3.57,9.08,0.12,2.64,-0.5,0.98,0,5.17,0,0,0,idle,
16,5.11,8.53,-1.49,-0.66,-2.53,2.98,9.09,0.15,2.74,-0.57,0.53,0,5.18,0,0,0,idle,
17,5,8.5,-1.61,-1.49,-1.34,1.02,9.13,0.15,2.72,-0.47,0.69,0,5.18,0,0,0,idle,
18,4.93,8.56,-1.75,-4.56,-3.66,-0.98,9.11,0.17,2.76,-0.38,0.44,0,5.17,0,0,0,idle,
19,4.92,8.42,-1.95,-1.85,-2.11,-3.19,9.07,0.14,2.67,-0.26,0.56,0,5.18,0,0,0,idle,
20,4.95,8.36,-1.91,0.09,-1.85,-4.78,9.08,0.21,2.76,-0.6,0.92,0,5.16,0,0,0,idle,
21,4.88,8.47,-1.91,2.92,-1.35,-4.73,9.09,0.13,2.64,-0.47,0.93,0,5.17,0,0,0,idle,
22,4.88,8.56,-1.92,3.69,-1.1,-3.48,9.16,0.12,2.73,-0.29,0.7,0,5.17,0,0,0,idle,
23,4.98,8.63,-1.76,2.31,-3.43,-1.15,9.24,0.15,2.75,-0.1,0.54,0,5.17,0,0,0,idle,
24,5.05,8.64,-1.7,-0.58,-4.09,-0.82,9.18,0.13,2.74,-0.05,0.55,0,5.17,0,0,0,idle,
25,5.06,8.59,-1.78,-1.58,-1.32,-2.15,9.11,0.16,2.74,-0.3,0.55,0,5.17,0,0,0,idle,
26,5.04,8.47,-1.82,-3.44,-2.08,-2.76,9.2,0.11,2.72,-0.04,0.19,0,5.17,0,0,0,idle,
27,5.02,8.54,-1.99,-1.54,-0.75,-2.31,9.14,0.09,2.78,-0.19,0.37,0,5.16,0,0,0,idle,
28,5.06,8.39,-1.77,-3.21,1.27,-1.66,9.11,0.18,2.74,-0.18,0.53,0,5.17,0,0,0,idle,
29,5.57,8.48,-1.93,-7.68,-24.82,1.77,9.06,0.15,2.7,-7.67,-2.12,0,5.14,0,0,0,idle,
30,4.67,8.4,-2.6,0.56,2.53,-2.07,9.1,0.11,2.62,2.37,1.53,0,5.16,0,0,0,idle,
31,4.65,8.47,-2.64,-1.53,2.76,-1.39,9.15,0.16,2.63,1.38,1.8,0,5.11,0,0,0,idle,
32,4.65,8.43,-2.59,-1.37,3.21,-2.24,9.12,0.11,2.62,1.35,2.02,0,5.14,0,0,0,idle,
33,4.57,8.44,-2.59,0.29,3.1,-2.12,9.14,0.11,2.6,1.04,1.34,0,5.13,0,0,0,idle,
34,4.61,8.48,-2.58,0.38,2.15,-2.18,9.15,0.18,2.67,1.35,2.53,0,5.13,0,0,0,idle,
35,4.63,8.46,-2.59,0.36,2.31,-2.38,9.22,0.18,2.62,1.77,1.2,0,5.16,0,0,0,idle,
36,4.62,8.48,-2.57,1.04,2.73,-2.95,9.15,0.15,2.66,2.16,1.2,0,5.13,0,0,0,idle,
37,4.65,8.51,-2.6,1.44,2.79,-3.76,9.11,0.11,2.69,1.97,1.17,0,5.16,0,0,0,idle,
38,4.7,8.37,-2.71,0.3,0.85,-2.72,9.24,0.2,2.57,2.33,1.55,0,5.16,0,0,0,idle,
39,4.71,8.39,-2.68,1.48,0.85,-2.06,9.21,0.12,2.71,2.29,0.88,0,5.13,0,0,0,idle,
40,4.73,8.52,-2.8,2.81,1.6,-1.72,9.12,0.06,2.75,2.53,0.88,0,5.14,0,0,0,idle,
41,4.74,8.47,-2.81,1.06,1.85,-2.18,9.21,0,2.6,2.52,0.55,0,5.15,0,0,0,idle,
42,4.67,8.41,-2.68,0.24,1.21,-1.65,9.1,0.07,2.5,2.21,1.48,0,5.16,0,0,0,idle,
43,4.8,8.37,-2.59,-0.27,0.52,-1.43,9.15,0.07,2.65,2.05,1.1,0,5.13,0,0,0,idle,
44,4.76,8.36,-2.79,0.83,5.65,-2.44,9.11,0.04,2.61,1.5,0.76,0,5.15,0,0,0,idle,
45,4.72,8.42,-2.78,0.99,6.13,-2.35,9.17,0.09,2.65,1.49,0.88,0,5.15,0,0,0,idle,
46,4.6,8.38,-2.76,1.98,6.38,-2.7,9.08,0.03,2.68,1.31,0.79,0,5.15,0,0,0,idle,
47,4.56,8.43,-2.74,2.37,5.6,-2.44,9.07,0.06,2.52,1.05,1.07,0,5.15,0,0,0,idle,
48,4.58,8.52,-2.79,-0.44,2.49,-2.02,9,-0.02,2.54,1.27,1.75,0,5.16,0,0,0,idle,
49,4.6,8.49,-2.63,-0.44,2,-1.71,9.12,-0.04,2.49,1.12,1.86,0,5.14,0,0,0,idle,
50,4.62,8.5,-2.67,-1.02,0.72,-0.99,9.05,-0.04,2.63,0.98,2.16,0,5.15,0,0,0,idle,
51,4.58,8.54,-2.82,-1.58,0.12,-0.91,9.16,0,2.52,0.7,2.29,0,5.15,0,0,0,idle,
52,4.62,8.44,-2.94,-3.92,-0.85,-0.89,9.33,0.05,2.7,0.78,2.29,0,5.15,0,0,0,idle,
53,4.57,8.35,-2.85,-3.5,-1.11,-0.81,9.15,0,2.84,1.05,1.25,0,5.15,0,0,0,idle,
54,4.66,8.44,-2.69,-1.83,0.09,-1.89,9.2,-0.04,2.72,0.67,0.98,0,5.15,0,0,0,idle,
55,4.7,8.44,-2.74,-2.15,0.49,-2.48,9.21,-0.03,2.73,0.89,0.97,0,5.15,0,0,0,idle,
56,4.74,8.41,-2.81,-3.21,-0.82,-2.31,9.1,-0.04,2.81,1.16,0.27,0,5.16,0,0,0,idle,
57,4.78,8.45,-2.78,-3.24,-0.6,-2.15,9.11,-0.11,2.8,0.73,0.64,0,5.13,0,0,0,idle,
58,4.72,8.44,-2.84,-2.13,2.48,-1.5,9.15,-0.05,2.62,1.13,0.44,0,5.16,0,0,0,idle,
59,4.69,8.38,-2.89,-3.6,2.76,-1.72,9.12,0.05,2.72,1.32,0.41,0,5.11,0,0,0,idle,
60,4.54,8.38,-2.81,-2.43,3.46,-2.76,9.11,-0.14,2.65,1.95,0.33,0,5.16,0,0,0,idle,
61,4.61,8.38,-2.79,-3.88,0.96,-2.72,9.17,-0.06,2.74,2.11,0.47,0,5.15,0,0,0,idle,
62,4.83,8.32,-2.74,-3.28,1.69,-3.24,9.03,-0.11,2.65,1.05,1.12,0,5.15,0,0,0,idle,
63,4.85,8.29,-2.77,-2.56,3.39,-3.81,9.12,-0.07,2.67,0.61,1.11,0,5.16,0,0,0,idle,
64,4.68,8.37,-2.68,-2.32,2.01,-1.85,9.21,-0.05,2.74,-0.94,0.78,0,5.15,0,0,0,idle,
65,4.69,8.26,-2.76,-1.85,1.85,-2.18,9.17,-0.02,2.79,-1.92,0.31,0,5.16,0,0,0,idle,
66,4.52,8.53,-2.83,-0.31,0.11,0.34,9.2,0,2.69,-1.73,-3.03,0,5.15,0,0,0,idle,
67,4.51,8.74,-2.96,-0.98,-0.3,1.31,8.99,0.01,2.63,-0.79,-1.83,0,5.16,0,0,0,idle,
68,4.73,8.35,-2.42,-3.82,3.88,-4.73,9.13,-0.01,2.64,0.35,0.79,0,5.09,0,0,0,idle,
69,4.65,8.2,-2.57,-3.44,1.66,-3.66,9.16,-0.02,2.59,0.05,1.76,0,5.15,0,0,0,idle,
70,4.69,8.18,-2.61,-3.33,-0.74,-1.75,9.18,-0.04,2.64,-0.12,1.62,0,5.15,0,0,0,idle,
71,4.63,8.18,-2.73,-1.37,-1.95,-0.34,9.17,0.03,2.7,-0.05,0.89,0,5.15,0,0,0,idle,
72,4.64,8.2,-2.81,0.07,-2.19,-0.2,9.01,0.03,2.68,-0.12,0.24,0,5.16,0,0,0,idle,
73,4.82,8.43,-2.75,-1.91,-1.42,-1.73,9.09,-0.1,2.73,-0.47,0.88,0,5.13,0,0,0,idle,
74,4.95,8.42,-2.71,-2.27,0.2,-1.78,9.08,-0.09,2.73,-0.66,0.52,0,5.16,0,0,0,idle,
75,4.75,8.39,-2.77,-2.29,5.64,-1.75,9.13,-0.02,2.69,-1.24,0.6,0,5.17,0,0,0,idle,
76,4.67,8.46,-2.68,-1.69,4.44,-0.87,9.1,-0.08,2.65,-1.25,0.49,0,5.16,0,0,0,idle,
77,4.5,8.43,-2.79,-4.3,-1.73,-0.31,9.1,-0.08,2.7,-1.5,-0.55,0,5.15,0,0,0,idle,
78,4.58,8.43,-2.7,-4.32,-2.76,-0.34,9.16,-0.08,2.75,-1.34,-0.29,0,5.16,0,0,0,idle,
79,4.74,8.54,-2.7,-2.44,-0.42,-0.99,9.14,-0.2,2.72,-2.05,-0.4,0,5.15,0,0,0,idle,
80,4.74,8.51,-2.71,-4.39,0.85,-2.08,9.12,-0.06,2.79,-2.38,-0.19,0,5.15,0,0,0,idle,
81,4.66,8.42,-2.82,-5.53,0.5,-1.25,9.08,-0.04,2.63,-2.98,0.69,0,5.15,0,0,0,idle,
82,4.68,8.41,-2.63,-4.45,0.98,-1.96,9.08,0.01,2.71,-3.69,0.95,0,5.1,0,0,0,idle,
83,4.66,8.31,-2.74,-7.27,-3.23,-1.11,9.12,0.14,2.68,-2.89,0.52,0,5.13,0,0,0,idle,
84,4.78,8.31,-2.68,-5.86,-3.63,-0.76,9.12,0.05,2.66,-3.15,0.27,0,5.1,0,0,0,idle,
85,4.86,8.39,-2.66,-2.98,-1.73,-2.25,9.13,0.09,2.68,-3.9,1.16,0,5.15,0,0,0,idle,
86,4.81,8.41,-2.55,-3.15,-1.24,-2.61,9.22,0.13,2.66,-4.15,0.79,0,5.16,0,0,0,idle,
87,4.86,8.37,-2.66,-1.83,-3.16,1.71,9.11,0.1,2.66,-4.85,0.53,0,5.15,0,0,0,idle,
88,4.78,8.43,-2.65,-0.86,-0.95,1.56,9.17,0.13,2.59,-4.73,-0.03,0,5.15,0,0,0,idle,
89,4.56,8.45,-2.77,-3.4,-1.65,-0.02,9.05,0.07,2.6,-3.98,-0.98,0,5.14,0,0,0,idle,
90,4.63,8.44,-2.7,-2.6,-3.09,0,9.07,0.11,2.73,-3.85,0.02,0,5.16,0,0,0,idle,
91,4.72,8.41,-2.6,-3.22,-2.18,-0.98,9.15,0.1,2.64,-2.84,-0.02,0,5.16,0,0,0,idle,
92,4.7,8.43,-2.63,-3.24,-2.54,-1.02,9.14,0.1,2.58,-2.16,-0.44,0,5.15,0,0,0,idle,
93,4.79,8.37,-2.68,-2.92,1.13,-2.84,9.14,0.1,2.66,-0.98,0.75,0,5.16,0,0,0,idle,
94,4.79,8.39,-2.75,-3.34,1.21,-2.63,9.22,0.14,2.48,-0.47,0.58,0,5.13,0,0,0,idle,
95,4.85,8.37,-2.74,-3.15,2.97,-2.53,9.11,0.1,2.64,0.05,0.93,0,5.15,0,0,0,idle,
96,4.84,8.35,-2.74,-3.03,4.17,-3.05,9.11,0.1,2.62,0.22,1.32,0,5.15,0,0,0,idle,
97,4.8,8.28,-2.67,-3.17,4.41,-3.28,9.2,0.04,2.56,0.17,1.79,0,5.16,0,0,0,idle,
98,4.76,8.31,-2.72,-2.5,4.04,-2.78,9.2,0,2.63,0.49,1.6,0,5.15,0,0,0,idle,
99,4.76,8.45,-2.63,-1.53,3.24,-1.95,9.19,0.02,2.75,0.35,1.27,0,5.15,0,0,0,idle,
100,4.69,8.35,-2.68,-1.31,2,-1.11,9.11,0.15,2.72,-0.3,1.39,0,5.15,0,0,0,idle,
101,4.69,8.43,-2.68,-1.11,1.49,-0.82,9.12,0.04,2.61,-0.05,1.23,0,5.16,0,0,0,idle,
102,4.69,8.41,-2.58,-0.87,1.72,-0.59,9.09,-0.01,2.63,-0.27,1.11,0,5.15,0,0,0,idle,
103,4.66,8.41,-2.66,-1.65,1.82,-1.02,9.16,0.06,2.67,-0.24,1.02,0,5.15,0,0,0,idle,
104,4.7,8.41,-2.73,-1.82,1.06,-1.15,9.13,0.04,2.63,-0.63,0.44,0,5.16,0,0,0,idle,
105,4.71,8.49,-2.71,-0.99,0.6,-0.92,9.12,-0.01,2.72,-1.01,0.46,0,5.16,0,0,0,idle,
106,4.8,8.5,-2.72,-2.5,1.92,-1.24,9.1,0.05,2.65,-1.74,0.92,0,5.15,0,0,0,idle,
107,4.75,8.46,-2.68,-3.03,2.44,-1.64,9.06,0.01,2.73,-1.95,0.79,0,5.16,0,0,0,idle,
108,4.54,8.49,-2.64,-3.23,-1.02,0.04,9.13,0.12,2.7,-2.47,0.62,0,5.16,0,0,0,idle,
109,4.62,8.41,-2.56,-3.95,-3.05,0.42,9.1,0.03,2.61,-2.22,0.9,0,5.15,0,0,0,idle,
110,4.86,8.4,-2.68,-3.8,-4.22,0.43,9.07,0.08,2.79,-2.24,0.15,0,5.15,0,0,0,idle,
111,4.97,8.34,-2.66,-3.34,-2.97,0.05,9.1,0,2.65,-2.43,-0.27,0,5.15,0,0,0,idle,
112,4.91,8.37,-2.67,-3.16,-0.86,-0.51,9.13,-0.04,2.76,-3.2,-0.27,0,5.1,0,0,0,idle,
113,4.9,8.35,-2.65,-2.66,0.52,-0.61,9.14,-0.05,2.85,-3.81,-0.48,0,5.16,0,0,0,idle,
114,4.78,8.36,-2.75,-5.02,-1.21,2.97,9.16,0.09,2.65,-6.66,0.12,0,5.16,0,0,0,idle,
115,4.74,8.32,-2.79,-4.96,-0.08,1.91,9.09,0.08,2.79,-6.69,0.67,0,5.15,0,0,0,idle,
116,4.73,8.38,-2.62,-4.25,-2.47,1.37,9.1,0.11,2.67,-6.42,0.4,0,5.15,0,0,0,idle,
117,4.71,8.4,-2.66,-5.07,-3.73,1.28,9.12,0.11,2.64,-6.1,0.48,0,5.15,0,0,0,idle,
118,4.88,8.36,-2.56,-3.6,-4.74,0.07,9.1,0.07,2.69,-5.46,1.33,0,5.15,0,0,0,idle,
119,4.95,8.29,-2.6,-2.84,-4.29,-0.26,9.12,0.15,2.68,-5.03,1.72,0,5.15,0,0,0,idle,
120,4.98,8.32,-2.6,-3.11,-3.21,-0.74,9.13,0.11,2.72,-4.71,2.02,0,5.12,0,0,0,idle,
121,4.97,8.31,-2.64,-3.4,-2.07,-0.97,9.09,0.11,2.66,-4.64,1.59,0,5.16,0,0,0,idle,
122,4.9,8.3,-2.83,-3.4,-1.45,-0.9,9.11,0.06,2.71,-4.36,1.69,0,5.16,0,0,0,idle,
123,4.91,8.28,-2.68,-3.07,-0.39,-1.08,9.02,0.06,2.77,-3.6,1.95,0,5.16,0,0,0,idle,
124,4.96,8.3,-2.71,-2.77,0.81,-1.55,9.05,0.11,2.79,-3.35,2.73,0,5.15,0,0,0,idle,
125,4.98,8.3,-2.77,-3.03,3.69,-2.22,9.22,0.09,2.77,-2.37,1.93,0,5.15,0,0,0,idle,
126,4.9,8.32,-2.71,-3.04,3.92,-2.53,9.2,0.12,2.81,-1.83,2.02,0,5.15,0,0,0,idle,
127,4.86,8.4,-2.67,-0.41,5.63,-3.97,9.1,0.06,2.74,-0.51,1.21,0,5.15,0,0,0,idle,
128,4.84,8.34,-2.71,-1.11,4.31,-3.79,9.14,0.03,2.62,-0.18,1.33,0,5.15,0,0,0,idle,
129,4.75,8.35,-2.64,-1.78,5.58,-3.85,9.2,0.06,2.69,0.79,1.37,0,5.16,0,0,0,idle,
130,4.69,8.38,-2.75,-1.98,5.89,-4.23,9.16,0.06,2.76,1.24,1.35,0,5.13,0,0,0,idle,
131,4.84,8.38,-2.56,-1.89,2.97,-3.93,8.95,0.06,2.72,1.62,1.37,0,5.15,0,0,0,idle,
132,4.82,8.35,-2.56,-2.27,3.14,-4.01,9.01,-0.01,2.72,1.74,1.45,0,5.15,0,0,0,idle,
133,4.82,8.33,-2.52,-2.54,2.57,-3.71,9.08,0.08,2.65,1.71,1.39,0,5.11,0,0,0,idle,
134,4.87,8.35,-2.65,-1.94,1.7,-3.33,9.07,0.02,2.71,1.82,1.36,0,5.16,0,0,0,idle,
135,4.84,8.39,-2.65,-2.03,3.03,-2.08,9.01,0,2.71,0.55,1.59,0,5.15,0,0,0,idle,
136,4.84,8.41,-2.7,-2.85,3.11,-1.6,8.98,0.03,2.7,0.44,1.98,0,5.14,0,0,0,idle,
137,4.71,8.46,-2.56,-2.34,1.41,0,9.1,0.06,2.71,-0.35,2.37,0,5.15,0,0,0,idle,
138,4.7,8.46,-2.59,-2.63,0.64,0.06,9,0.03,2.79,-0.47,2.13,0,5.17,0,0,0,idle,
139,4.67,8.45,-2.57,-3.89,-0.98,0.15,9.01,-0.03,2.78,-0.7,1.95,0,5.11,0,0,0,idle,
140,4.69,8.42,-2.6,-5.32,-2.97,0.33,8.99,-0.08,2.91,-0.92,2.02,0,5.16,0,0,0,idle,
141,4.8,8.35,-2.68,-3.24,-5.12,-0.11,9.05,-0.05,2.91,-2.56,1.94,0,5.16,0,0,0,idle,
142,4.9,8.4,-2.73,-3.24,-4.34,-0.83,9.08,-0.06,2.89,-2.72,1.96,0,5.15,0,0,0,idle,
143,4.86,8.38,-2.61,-3.22,-1.62,-1.45,9.1,-0.09,2.9,-3.42,1.97,0,5.16,0,0,0,idle,
144,4.86,8.41,-2.63,-3.53,-0.52,-2.1,9.09,-0.01,3.02,-3.57,1.31,0,5.15,0,0,0,idle,
145,4.78,8.4,-2.76,-4.37,-0.66,-1.5,9.19,0.19,3,-3.21,-1.34,0,5.14,0,0,0,idle,
146,4.87,8.39,-2.68,-4.54,-0.15,-1.52,9.13,0.09,3,-3.15,-1.63,0,5.16,0,0,0,idle,
147,4.82,8.37,-2.56,-3.22,-0.35,-1.62,9.06,0.03,2.92,-2.98,-1.81,0,5.16,0,0,0,idle,
148,4.75,8.34,-2.48,-3.08,-1.93,-1.27,9.03,0.09,2.65,-3.05,-1.35,0,5.16,0,0,0,idle,
149,4.79,8.42,-2.46,-2.85,-3.32,-0.69,9.11,0.04,2.73,-3.45,-1.76,0,5.13,0,0,0,idle,
150,4.84,8.44,-2.53,-3.28,-4.37,-0.14,9.02,0.13,2.83,-3.28,-1.44,0,5.15,0,0,0,idle,
151,4.95,8.38,-2.64,-4.18,-4.4,0.31,8.98,0.07,2.84,-3.51,-1.48,0,5.16,0,0,0,idle,
152,4.82,8.25,-2.74,-4.01,-2.21,0.08,9.07,0.07,2.9,-3.69,-0.07,0,5.16,0,0,0,idle,
153,4.86,8.24,-2.58,-4.15,-1.43,-0.53,9.01,0.13,2.84,-3.72,0.12,0,5.14,0,0,0,idle,
154,4.89,8.35,-2.6,-3.79,-0.87,-0.84,9.21,0.16,2.86,-2.92,-0.08,0,5.16,0,0,0,idle,
155,4.87,8.39,-2.64,-4.05,-1.4,-0.61,9.09,0.16,2.84,-2.45,-0.38,0,5.15,0,0,0,idle,
156,4.89,8.36,-2.55,-3.37,1.02,-2.2,9.08,0.14,2.8,-1.04,-0.06,0,5.16,0,0,0,idle,
157,4.88,8.33,-2.57,-3.26,1.55,-2.63,9.1,0.16,2.7,-0.6,-0.11,0,5.13,0,0,0,idle,
158,4.81,8.37,-2.56,-2.34,0.89,-2.44,9,0.17,2.74,-0.13,0.45,0,5.12,0,0,0,idle,
159,4.91,8.32,-2.65,-2.4,-0.31,-2.18,9.07,0.12,2.71,0.26,0.5,0,5.15,0,0,0,idle,
160,4.98,8.33,-2.65,-1.15,2.92,-2.5,9.01,0.11,2.72,1.15,0.65,0,5.16,0,0,0,handmoter,
161,4.9,8.37,-2.68,-1.84,3.47,-2.44,9.05,0.09,2.69,1.17,0.69,0,5.13,0,0,0,handmoter,
162,4.92,8.33,-2.57,-1.25,3.53,-2.16,9.07,0.13,2.77,1.05,1.15,0,5.15,0,0,0,handmoter,
163,4.81,8.3,-2.55,0.12,3.15,-1.55,9.08,0.06,2.78,1.21,1.06,0,5.15,0,0,0,handmoter,
164,4.82,8.38,-2.58,-1.31,2.4,-1.41,9.13,0.05,2.74,1.4,0.89,0,5.16,0,0,0,handmoter,
165,4.79,8.29,-2.61,-1.97,2.52,-1.82,9.11,0.15,2.81,1.59,0.7,0,5.13,0,0,0,handmoter,
166,4.87,8.3,-2.65,0.73,1.83,-2.24,9.09,0.17,2.71,2.23,0.35,0,5.15,0,0,0,handmoter,
167,4.92,8.39,-2.68,0.56,2.11,-2.35,9.08,0.18,2.76,2.52,0.05,0,5.16,0,0,0,handmoter,
168,4.96,8.38,-2.78,0.54,4.63,-3.66,9.03,0.14,2.82,3.82,0.54,0,5.16,0,0,0,handmoter,
169,5,8.36,-2.73,1.18,6.37,-4.52,9.07,0.11,2.89,3.89,1.13,0,5.14,0,0,0,handmoter,
170,4.81,8.33,-2.74,0.47,6.75,-3.19,9.12,0.06,2.81,5.21,-0.69,0,5.15,0,0,0,handmoter,
171,4.79,8.38,-2.7,0.36,6.66,-3.31,9.03,0.11,2.8,5.11,-0.56,0,5.14,0,0,0,handmoter,
172,4.78,8.37,-2.61,0.65,4.82,-3.72,9.21,0.1,2.85,5.5,-0.2,0,5.11,0,0,0,handmoter,
173,4.81,8.45,-2.67,0.11,3.5,-3.11,9.26,0.1,2.9,5.49,-0.26,0,5.14,0,0,0,handmoter,
174,4.9,8.3,-2.75,1.14,5.52,-5.34,9.21,0.1,2.62,6.75,-2.27,0,5.15,0,0,0,handmoter,
175,4.85,8.28,-2.71,1.32,5.68,-5.5,9.15,0.14,2.67,6.87,-2.1,0,5.16,0,0,0,handmoter,
176,4.82,8.35,-2.69,1.95,7.01,-6.46,9,0.13,2.85,6.27,-0.11,0,5.1,0,0,0,handmoter,
177,4.86,8.38,-2.68,3.31,8.11,-6.27,8.93,0.21,2.68,6.4,-1.36,0,5.14,0,0,0,handmoter,
178,4.83,8.42,-2.62,2.16,8.64,-6.68,9.19,0,2.76,5.98,-2.63,0,5.15,0,0,0,handmoter,
179,4.76,8.36,-2.57,2.27,9.11,-6.31,9.14,-0.05,3.07,7.54,-3.53,0,5.14,0,0,0,handmoter,
180,4.62,8.5,-2.62,2.62,6.24,-4.72,9.17,-0.03,2.77,3.21,-2.94,0,5.11,0,0,0,handmoter,
181,4.63,8.45,-2.69,1.53,5.44,-4.11,9.21,-0.11,2.63,2.9,-2.72,0,5.15,0,0,0,handmoter,
182,4.56,8.47,-2.6,1.97,5.12,-4.46,9.18,-0.04,2.62,2.67,-2.63,0,5.12,0,0,0,handmoter,
183,4.57,8.54,-2.68,1.34,3.11,-3.65,9.1,0.08,2.67,2.43,-2.36,0,5.1,0,0,0,handmoter,
184,4.75,8.42,-2.63,-2.5,0.58,-2.68,9.05,-0.17,2.63,0.59,-2.11,0,5.16,0,0,0,handmoter,
185,4.73,8.4,-2.6,-2.32,0.11,-2.34,9.17,-0.13,2.64,-0.5,-1.43,0,5.16,0,0,0,handmoter,
186,4.61,8.49,-2.68,-2.38,1.57,-1.11,9.07,-0.17,2.56,-4.98,-1.76,0,5.16,0,0,0,handmoter,
187,4.52,8.49,-2.71,-2.27,0.91,-0.69,9.2,-0.2,2.56,-6.54,-1.34,0,5.15,0,0,0,handmoter,
188,4.44,8.48,-2.72,-2.21,-0.66,0.85,9.18,-0.11,2.48,-7.62,-0.69,0,5.15,0,0,0,handmoter,
189,4.71,8.34,-2.87,-3.4,-0.76,-2.44,9.19,0.25,2.47,0.83,-0.6,0,5.16,0,0,0,handmoter,
190,4.71,8.29,-2.9,1.95,2.49,-2.18,9.26,0.22,2.43,1.05,-0.99,0,5.13,0,0,0,handmoter,
191,4.66,8.43,-2.8,-1.22,3.22,-3.41,9.21,0.18,2.43,1.34,-1.26,0,5.15,0,0,0,handmoter,
192,4.64,8.33,-2.81,-2.11,2.63,-3.7,9.16,0.23,2.46,1.45,-1.09,0,5.13,0,0,0,handmoter,
193,4.67,8.37,-2.84,-4.23,1.74,-4.62,9.22,0.18,2.37,1.3,-0.85,0,5.13,0,0,0,handmoter,
194,4.56,8.31,-2.78,-3.05,1.14,-3.57,9.19,0.2,2.39,1.29,-0.6,0,5.15,0,0,0,handmoter,
195,4.64,8.49,-2.87,1.12,3.24,-3.18,9.24,0.28,2.52,1.29,-0.74,0,5.16,0,0,0,handmoter,
196,4.7,8.45,-2.9,-2.65,4.46,-5.11,9.25,0.23,2.36,0.93,-0.33,0,5.14,0,0,0,handmoter,
197,4.72,8.32,-2.81,-5.31,0.92,-3.73,9.19,0.17,2.47,0.53,-0.17,0,5.15,0,0,0,handmoter,
198,4.63,8.39,-2.86,-0.17,1.18,-1.62,9.22,0.25,2.39,0.22,-0.4,0,5.16,0,0,0,handmoter,
199,4.69,8.43,-2.94,-2.59,1.81,-2.76,9.18,0.22,2.35,0.16,-0.07,0,5.17,0,0,0,handmoter,
200,4.71,8.29,-2.89,-0.24,1.59,-1.59,9.21,0.19,2.41,-0.23,0.47,0,5.12,0,0,0,handmoter,
201,4.71,8.32,-2.98,-1.49,2.17,-1.99,9.17,0.21,2.4,-0.2,0.6,0,5.17,0,0,0,handmoter,
202,4.67,8.39,-2.95,-3.44,1.24,-2.21,9.18,0.23,2.37,-0.54,0.56,0,5.17,0,0,0,handmoter,
203,4.69,8.41,-2.8,-2.56,3.15,-2.76,9.19,0.2,2.41,-0.65,1.47,0,5.15,0,0,0,handmoter,
204,4.65,8.33,-2.9,-2.15,1.52,-1.53,9.22,0.27,2.39,-1.51,2,0,5.16,0,0,0,handmoter,
205,4.66,8.45,-2.87,-2.71,0.63,-0.79,9.23,0.31,2.4,-1.79,1.44,0,5.17,0,0,0,handmoter,
206,4.69,8.43,-2.8,-3.95,0.75,-0.45,9.18,0.32,2.53,-1.95,1.12,0,5.16,0,0,0,handmoter,
207,4.7,8.31,-2.86,-3.29,0.66,-0.18,9.15,0.29,2.27,-2.33,1.5,0,5.15,0,0,0,handmoter,
208,4.61,8.37,-2.87,1.65,2.35,0.32,9.31,0.33,2.42,-1.66,1.45,0,5.15,0,0,0,handmoter,
209,4.56,8.4,-2.92,-3.46,-0.87,0.63,9.27,0.24,2.4,-1.12,1.21,0,5.16,0,0,0,handmoter,
210,4.62,8.4,-2.8,-2.81,-0.55,-0.93,9.23,0.25,2.47,-0.34,0.32,0,5.16,0,0,0,handmoter,
211,4.62,8.35,-2.77,-1.92,-2.74,-0.17,9.24,0.27,2.49,-0.1,0.2,0,5.15,0,0,0,handmoter,
212,4.79,8.33,-2.92,-2.78,-3.06,-0.85,9.21,0.24,2.49,0.13,-0.2,0,5.14,0,0,0,handmoter,
213,4.83,8.31,-2.89,-2.89,-1.42,-1.94,9.2,0.29,2.58,0.31,-0.73,0,5.15,0,0,0,handmoter,
214,4.77,8.32,-2.9,-0.84,2.27,-4.22,9.24,0.27,2.5,-0.14,-0.53,0,5.16,0,0,0,handmoter,
215,4.73,8.43,-2.93,-2.26,2.31,-4.37,9.22,0.3,2.43,-0.17,-0.21,0,5.1,0,0,0,handmoter,
216,4.64,8.4,-2.95,-2.87,3.49,-4.09,9.2,0.26,2.44,-0.35,-0.02,0,5.15,0,0,0,handmoter,
217,4.63,8.4,-2.89,-3.71,2.09,-3.65,9.21,0.28,2.4,-0.25,0.08,0,5.14,0,0,0,handmoter,
218,4.65,8.38,-2.8,-2.67,-1.01,-2.08,9.25,0.29,2.4,-0.16,0.21,0,5.16,0,0,0,handmoter,
219,4.71,8.3,-2.73,-2.17,-1.02,-2.12,9.24,0.27,2.42,-0.23,-0.08,0,5.16,0,0,0,handmoter,
220,4.73,8.34,-2.85,1.66,1.26,-1.53,9.19,0.26,2.34,-0.21,0.11,0,5.16,0,0,0,handmoter,
221,4.69,8.39,-2.87,0.44,0.98,-1.39,9.17,0.2,2.47,-0.38,-0.17,0,5.17,0,0,0,handmoter,
222,4.68,8.36,-2.85,0.25,3.08,-1.58,9.21,0.23,2.43,-0.32,0.27,0,5.17,0,0,0,handmoter,
223,4.62,8.38,-2.86,0.79,2.92,-1.59,9.2,0.28,2.54,-0.13,-0.15,0,5.15,0,0,0,handmoter,
224,4.71,8.51,-2.91,-0.68,-0.92,0.48,9.41,0.29,2.53,0.31,-3.27,0,5.15,0,0,0,handmoter,
225,4.79,8.46,-3.01,-2.2,-1.24,1.23,9.51,0.28,2.49,0.94,-5.73,0,5.16,0,0,0,handmoter,
226,4.42,8.47,-2.98,3.25,2.72,5.18,9.62,-0.1,2.37,-2.44,-18.45,0,5.16,0,0,0,handmoter,
227,4.29,8.3,-3.11,4.58,2.76,6.24,9.6,0.04,2.31,-4.95,-17.21,0,5.17,0,0,0,handmoter,
228,4.13,8.27,-3.12,-1.05,-2.39,8.11,9.47,0.22,2.17,-7.17,-21.76,0,5.15,0,0,0,handmoter,
229,4.54,8.39,-3.78,-0.44,-6.55,11.96,9.69,0.51,1.82,-8.83,-19.19,0,5.1,0,0,0,handmoter,
230,6.43,8.08,-4.7,-16.08,2.57,25.1,9.57,0.98,1.92,-5.15,-28.01,0,5.16,0,0,0,handmoter,
231,9.1,7.36,-4.43,-41.81,41.7,33.06,9.03,1.41,1.66,-0.18,-29.02,0,5.16,0,0,0,handmoter,
232,14.18,8.6,-4.81,82.49,223.7,50.27,8.43,4,0.83,57.52,-46.36,0,5.16,0,0,0,handmoter,
233,14.06,11.34,-5.48,97.25,250.13,68.4,9.17,4.81,0.55,87.16,-53.64,0,5.16,0,0,0,handmoter,
234,19.58,10.63,-7.36,-47.82,132.23,136.48,9.03,3.45,1.2,141.46,-38.5,0,5.17,0,0,0,handmoter,
235,19.62,8.09,-5.95,-74.44,60.36,132.09,8.77,3.25,1.3,162.03,-36.47,0,5.17,0,0,0,handmoter,
236,18.73,1.37,-13.37,178.55,-40.98,178.71,8.94,2.64,1.55,178.05,-36.23,0,5.13,0,0,0,handmoter,
237,17.15,3.01,-9.7,250.13,-57.44,188.11,9.27,2.54,1.78,189.82,-34.55,0,5.16,0,0,0,handmoter,
238,18.46,5.48,-8.85,250.13,35.44,80.5,8.9,2.17,2.05,197.66,-32.89,0,5.15,0,0,0,handmoter,
239,5.63,2.93,-9.52,250.13,91.44,136.3,9.86,1.64,1.96,216.23,-25.62,0,5.16,0,0,0,handmoter,
240,6.54,2.94,-11.47,250.13,49.83,120.01,10.58,1.56,2.05,225.64,-20.65,0,5.11,0,0,0,handmoter,
241,-2.35,-2.17,-2.63,250.13,45.61,95.61,10.18,0.72,2.6,221.79,-15.39,0,5.16,0,0,0,handmoter,
242,-2.18,-0.12,-3.8,250.13,113.42,101.21,9.68,-0.08,2.35,210.23,-16.89,0,5.14,0,0,0,handmoter,
243,-6.6,-1.94,-0.91,250.13,14.28,49.88,9.59,-0.52,1.82,195.52,-29.34,0,5.15,0,0,0,handmoter,
244,-9.19,-3.39,2.21,189.73,-14.44,21.53,9.74,-1.73,0.8,180.83,-35.66,0,5.16,0,0,0,handmoter,
245,-18.09,9.46,2.54,-36.14,-118.26,-101.24,9.1,-0.56,-0.15,167.27,-40.66,0,5.16,0,0,0,handmoter,
246,-18.59,15.86,-0.24,-108.93,-147.53,-130.02,8.26,-0.92,0.14,155.81,-39.17,0,5.12,0,0,0,handmoter,
247,-9.23,19.62,-1.36,-11.76,-26.47,-243.91,9.27,-2.3,-0.87,132.98,-40.5,0,5.14,0,0,0,handmoter,
248,-3.41,19.62,-6.17,41.42,113.21,-250.14,9.99,-2.54,-0.33,114.85,-37.44,0,5.14,0,0,0,handmoter,
249,17.23,19.62,-19.62,-163.63,-3.44,-250.14,9.14,-1.6,-0.31,122.65,-55.5,0,5.16,0,0,0,handmoter,
250,19.62,13.83,-19.62,139.4,-195.39,-250.14,9.75,-1.44,-0.94,109.79,-63.59,0,5.16,0,0,0,handmoter,
251,19.62,10.63,0.73,-121.77,-226.73,-65.46,9.69,-0.87,-3.52,59.75,-71.4,0,5.16,0,0,0,handmoter,
252,19.62,-4.98,-11.03,250.13,-55.51,242.32,9.26,-0.39,-4.57,38.62,-57.37,0,5.17,0,0,0,handmoter,
253,19.62,2.24,-14.31,70.8,-150.15,165.73,8.68,0.35,-5.94,27.31,-48.79,0,5.17,0,0,0,handmoter,
254,19.62,3.97,9.65,119.56,-250.14,250.13,8.8,1.41,-5.85,23.47,-35.57,0,5.16,0,0,0,handmoter,
255,4.47,-7.32,-12.53,-250.14,18.34,223.58,8.61,0.1,-4.46,2.73,-23.5,0,5.17,0,0,0,handmoter,
256,-2.2,5.35,4.02,-44.37,250.13,231.66,8.91,0.63,-5.25,0.65,-46.31,0,5.16,0,0,0,handmoter,
257,-4.12,0.97,3.52,-110.92,201.58,194.69,8.61,3.25,-5.05,28.27,-32.08,0,5.16,0,0,0,handmoter,
258,-3.42,1.8,5.13,48.21,-52.56,217.61,8.81,5.79,-7.36,47.45,-24.18,0,5.16,0,0,0,handmoter,
259,-5.29,3.28,5.25,-30.76,8.2,160.53,7.94,6.39,-6.99,62.96,-14.95,0,5.13,0,0,0,handmoter,
260,-9.14,5.42,4.22,-130.83,22.69,84.47,7.77,5.75,-6.91,85.18,-13.59,0,5.15,0,0,0,handmoter,
261,-6.81,18.09,-2.25,-115.56,-64.35,-62,8.37,-5.24,-6.92,58.64,-15.85,0,5.16,0,0,0,handmoter,
262,-2.47,19.62,-5.49,-3.59,-24.52,-66.57,8.2,-3.2,-5.24,51.93,-1.56,0,5.16,0,0,0,handmoter,
263,5.02,19.62,-17.82,-111.49,23.2,-150.49,7.62,-2.05,-4.66,48.63,-4.24,0,5.16,0,0,0,handmoter,
264,9.12,19.62,-18.78,-125.44,-6.66,-172.73,7.79,-1.51,-4.25,22.27,-8.71,0,5.16,0,0,0,handmoter,
265,14.78,11.71,-14.6,249.67,-58.76,-157.24,8.01,-3.87,-4.71,6.57,-29.76,0,5.16,0,0,0,handmoter,
266,19.62,16.06,-19.62,250.13,250.13,-250.14,8.51,-2.28,-5.11,7.32,-27.35,0,5.16,0,0,0,handmoter,
267,13.98,-5.64,-19.39,250.13,-47.31,72.99,8.94,-1.27,-6.38,-40.37,-8.89,0,5.17,0,0,0,handmoter,
268,19.62,-1.78,-19.62,14.18,-179.37,-151.51,8.7,-1.22,-7.39,-60.87,0.5,0,5.17,0,0,0,handmoter,
269,19.62,-2.88,-12.58,139.62,-45.85,-136.8,8.62,-1.11,-6.39,-74.21,-0.79,0,5.12,0,0,0,handmoter,
270,19.62,-3.7,-8.25,250.13,1.77,21.5,8.37,-1.06,-6.72,-92.61,10.5,0,5.16,0,0,0,handmoter,
271,13.71,8.88,8.97,250.13,116.69,250.13,8.27,-1.48,-5.31,-125.43,12.56,0,5.17,0,0,0,handmoter,
272,12.07,14.82,-4.15,4.51,197.61,250.13,8.43,-1.79,-5.52,-129.76,21.53,0,5.16,0,0,0,handmoter,
273,1.84,11.09,5.94,47.47,81.02,250.13,9.09,-1.1,-5.09,-168.65,43.5,0,5.17,0,0,0,handmoter,
274,-0.91,13.9,4.38,-30.28,13.52,250.13,8.72,-1.13,-4.86,-160.31,35.34,0,5.16,0,0,0,handmoter,
275,-1.24,14.06,-1.45,-198.45,55.39,250.13,9.46,0.78,-4.05,-159.18,49.02,0,5.17,0,0,0,handmoter,
276,-2.79,13.78,-1.86,-186.92,94.48,250.13,9.96,0,-3.68,-159.24,57.47,0,5.16,0,0,0,handmoter,
277,-1.81,13.44,-5.66,-250.14,85.47,233.11,10.38,-2.75,-2.11,-211.72,58.01,0,5.17,0,0,0,handmoter,
278,-1.48,11.78,-5.7,-250.14,78.76,193.85,10.22,-2.27,-1.22,-221.76,48.53,0,5.17,0,0,0,handmoter,
279,-0.33,12.02,-7.65,-250.14,-0.13,138.44,9.92,-0.85,-0.89,-249.18,43.44,0,5.17,0,0,0,handmoter,
280,2.95,15.89,-13.17,-250.14,-53.76,91.81,10.5,0.69,-0.25,-250.14,29.62,0,5.17,0,0,0,handmoter,
281,4.65,9.82,-13.78,-250.14,54.23,224.8,10.53,1.38,1.16,-250.14,34.71,0,5.17,0,0,0,handmoter,
282,9.47,11.75,-16.77,-182.64,183.61,250.13,10.21,3.31,0.74,-250.14,32.5,0,5.16,0,0,0,handmoter,
283,10.54,11.33,-19.62,-199.11,250.13,80.98,9.72,2.37,0.57,-250.14,20.74,0,5.17,0,0,0,handmoter,
284,6.1,5.99,-19.62,-250.14,136.02,117.31,9.23,2.21,1.08,-242.6,7.44,0,5.16,0,0,0,handmoter,
285,7.1,6.11,-19.62,-250.14,41.96,94.34,9.47,1.93,0.06,-248.49,4.08,0,5.16,0,0,0,handmoter,
286,10.51,2.27,-17.05,-166,-22.81,37.53,9.65,0.55,0.85,-249.3,-8.88,0,5.16,0,0,0,handmoter,
287,10.97,2.43,-15.05,-100.88,9.85,25.6,9.36,-0.1,0.41,-250.14,-3.69,0,5.16,0,0,0,handmoter,
288,16.15,-2.04,-14.53,13.92,-94.56,23.08,9.86,3.89,2.93,-240.27,-24.6,0,5.17,0,0,0,handmoter,
289,19.62,-4.8,-12.62,-192.77,-144.91,-12.12,9.43,2.02,2.14,-235.68,-28.39,0,5.16,0,0,0,handmoter,
290,19.62,-3.73,-5.05,-137.02,-103.43,25.4,11.33,2.3,0.9,-208.26,-37.02,0,5.16,0,0,0,handmoter,
291,19.62,-4.16,-4.92,-76.7,-42.4,75.52,10.84,2.85,0.35,-207.35,-59.08,0,5.17,0,0,0,handmoter,
292,13.09,-1.06,7.26,-112.02,-50.09,245.17,9.77,3.84,-0.91,-196.29,-59.19,0,5.17,0,0,0,handmoter,
293,8.44,1.42,7.23,-12.85,58.46,250.13,9.3,3.02,-0.3,-189.01,-58.6,0,5.17,0,0,0,handmoter,
294,-3.31,0.2,2.23,-91.82,-3.45,245.58,7.43,2.48,-0.23,-169.6,-74.16,0,5.19,0,0,0,handmoter,
295,-4.31,-0.74,3.37,-172.27,-163.95,167.28,8.14,3.05,-0.76,-169.82,-87.27,0,5.21,0,0,0,handmoter,
296,-14.33,13.45,3.28,-123.11,-81.21,-42.85,6.78,5.49,-6.93,-43.88,-73.22,0,5.3,0,0,0,handmoter,
297,-10.87,15.87,3.36,-107.4,-100.49,-98.18,6.03,3.63,-6.88,-37.19,-68.84,0,5.28,0,0,0,handmoter,
298,-5.65,19.62,1.83,-72.51,-22.73,-143.12,4.93,-0.52,-7.99,-43.3,-62.14,0,5.24,0,0,0,handmoter,
299,-1.65,19.62,-5.71,-120.95,131.51,-218.58,6.24,0.51,-7.4,-39.44,-53.32,0,5.22,0,0,0,handmoter,
300,2.53,19.62,-17.9,-30.73,107.22,-218.67,8.41,0.41,-6.37,-29.02,-48.25,0,5.2,0,0,0,handmoter,
301,14.9,19.62,-19.62,-181.15,-30.04,-250.14,9.95,1.72,-4.93,-15.02,-45.68,0,5.23,0,0,0,handmoter,
302,19.62,15,-19.62,-189.97,-235.95,-250.14,9.65,2.32,-4.22,-1.08,-41.03,0,5.2,0,0,0,handmoter,
303,19.62,6.83,-19.62,20.94,-188.15,-250.14,8.36,1.66,-3.62,-13.65,-33.69,0,5.24,0,0,0,handmoter,
304,19.62,-4.5,-19.62,60.95,-82.21,-146.1,8.46,1.07,-7.42,-35.15,-23.29,0,5.23,0,0,0,handmoter,
305,18.03,-4.27,-17.89,250.13,63.98,-89.05,9.65,1.35,-6.81,-27.09,-26.37,0,5.22,0,0,0,handmoter,
306,18.42,-8.24,-19.62,-250.14,-250.14,250.13,7.91,1.83,-5.55,-40.18,-19.09,0,5.19,0,0,0,handmoter,
307,9.5,-10.88,13.12,133.03,104.07,246.02,7.64,1.5,-4.99,-44.82,-18.89,0,5.21,0,0,0,handmoter,
308,5.09,2.26,15.51,-60.47,-45.02,250.13,7.5,0.9,-4.91,-49.31,-29.33,0,5.16,0,0,0,handmoter,
309,-0.43,0.65,-14.05,34.49,144.31,250.13,8.65,1.08,-3.92,-52.79,-40.66,0,5.2,0,0,0,handmoter,
310,-11.08,3.55,7.61,-250.14,5.62,-8.74,7.55,5.7,-7.15,9.42,-29.63,0,5.21,0,0,0,handmoter,
311,-12.14,4.13,5.44,152.52,-62.71,150.04,6.55,5.55,-7.38,34.12,-24.54,0,5.16,0,0,0,handmoter,
312,-11.23,15.43,3.08,-41.31,74.76,-43.61,6.14,0.64,-8.72,38.51,-14.97,0,5.18,0,0,0,handmoter,
313,-8.14,18.89,1.47,57.82,87.43,-73.18,8.36,-0.25,-8.21,26.29,-0.66,0,5.16,0,0,0,handmoter,
314,17.42,19.62,-19.62,-250.14,-115.15,-250.14,7.8,1.16,-6.46,17.37,8.18,0,5.18,0,0,0,handmoter,
315,19.62,16.36,-19.62,-193.27,-180.95,-242.89,7.16,2.11,-6.48,19.04,10.04,0,5.18,0,0,0,handmoter,
316,19.62,12.55,-19.62,0.61,-183.17,-216.19,7.09,3.21,-6.49,23.68,14.76,0,5.11,0,0,0,handmoter,
317,19.62,9.21,-19.62,-81.86,-121.17,-250.14,7.05,3.53,-7.24,41.89,22.56,0,5.17,0,0,0,handmoter,
318,19.62,5.75,-19.62,-128.6,-38.32,-175.57,6.71,3.81,-7.81,46.89,27.64,0,5.19,0,0,0,handmoter,
319,14.48,-1.4,-13.1,250.13,-1.47,-195.42,7.59,3.53,-7.96,46.18,55.6,0,5.17,0,0,0,handmoter,
320,17.31,-2.42,-12,100.63,55.15,-250.14,7.79,3.29,-7.57,56.79,59.44,0,5.16,0,0,0,bunny,
321,14.5,12.12,19.62,227.28,250.13,-250.14,8.32,3.03,-5.84,59.21,79.44,0,5.17,0,0,0,bunny,
322,16.02,1.77,-9.29,250.13,-47.33,219.94,8.45,3.36,-5.84,79.34,82.21,0,5.16,0,0,0,bunny,
323,16.18,-0.95,-19.62,43.29,-16.17,38.14,8.28,3.88,-4.67,108.16,99.47,0,5.18,0,0,0,bunny,
324,-0.43,1.22,11.71,-250.14,-22.66,-145.27,8.75,4.36,-4.82,133.8,100.24,0,5.16,0,0,0,bunny,
325,-1.03,3.06,-4.57,83.15,157.79,-74.37,9.06,1.83,-1.1,204.21,143.53,0,5.18,0,0,0,bunny,
326,-0.7,2.73,-3.83,6.72,148.67,-117.26,10.19,2.99,-1.55,219.48,89.71,0,5.16,0,0,0,bunny,
327,10.79,3.23,-10.94,93.89,106.28,-111.35,8.67,0.04,-0.17,231.22,72.29,0,5.18,0,0,0,bunny,
328,11.93,-1.57,-12.84,97.65,-35.18,-36.92,8.42,0.22,0.07,233.24,67.46,0,5.16,0,0,0,bunny,
329,19.62,2.14,-19.14,250.13,250.13,-192.38,8.8,0.49,0.31,231.92,69.92,0,5.18,0,0,0,bunny,
330,13.68,1.3,-10.24,120.27,12.91,-51.07,8.76,0.75,0.93,234.79,66.53,0,5.18,0,0,0,bunny,
331,13.12,-0.97,-10.85,250.13,66.76,-46.05,8.56,1.01,0.91,232.2,68.33,0,5.17,0,0,0,bunny,
332,11.4,2.29,-7.81,226.81,45.27,-22.66,8.65,0.98,1.08,224.5,69.98,0,5.18,0,0,0,bunny,
333,14.05,1.06,-5,184.38,103.56,-23.95,8.77,0.01,1.44,219.89,57.96,0,5.18,0,0,0,bunny,
334,15.77,0.11,-4.17,154.22,132.66,-1.8,8.88,-0.54,1.59,215.9,55.89,0,5.12,0,0,0,bunny,
335,8.22,-0.34,-13.48,50.82,-8.57,-30.23,10.18,-0.72,1.72,206.56,47.43,0,5.15,0,0,0,bunny,
336,11.66,-1.09,-10.62,124.83,-76.57,20.11,10.23,-0.33,2.38,214.52,42.69,0,5.17,0,0,0,bunny,
337,17.85,-6.06,-13.47,106.6,-69.27,-22.96,9.68,0.18,2.51,216.05,20.05,0,5.17,0,0,0,bunny,
338,14.94,-3.57,-11.09,148.41,35.5,-20.98,9.67,0.64,2.41,225.86,9.03,0,5.17,0,0,0,bunny,
339,7.36,-1.92,-11.62,239.47,153.13,17.47,9.98,0.84,2.31,237.26,1.75,0,5.17,0,0,0,bunny,
340,3.08,0.83,-8.69,4.44,117.73,-13.15,10,0.34,2.94,230.27,-4.18,0,5.16,0,0,0,bunny,
341,-3.15,-1.1,-2.03,134.43,-58.49,8.25,10.68,-0.6,3.3,239.41,-40.56,0,5.17,0,0,0,bunny,
342,-4.54,-0.73,-0.89,173.92,-81.16,-12.24,10.39,-0.93,3.93,237.44,-50.21,0,5.14,0,0,0,bunny,
343,-6.36,0.1,2.32,190.68,-110.11,-80.17,10.32,-1,1.23,216.73,-60.41,0,5.17,0,0,0,bunny,
344,-7.41,3.25,3.96,185.21,-91.86,-115.88,9.61,-0.77,0.85,203.17,-68.14,0,5.17,0,0,0,bunny,
345,-7.74,9.49,0.69,7.63,10.79,-93.66,6.91,-2.42,-1.26,143.42,-120.63,0,5.17,0,0,0,bunny,
346,-6.61,11.62,-1.07,28.13,35.56,-118.58,7.74,-5.49,-1.73,137.31,-108.93,0,5.17,0,0,0,bunny,
347,4.08,19.62,-14.99,-9.6,135.72,-196.92,7.35,-4.8,-3.53,70.92,-110.85,0,5.16,0,0,0,bunny,
348,9.27,19.62,-19.39,-4.79,74.84,-177,8.86,-4.21,-2.79,42.6,-97.71,0,5.16,0,0,0,bunny,
349,6.24,7.69,-7.08,139.62,9.54,-91.27,10.01,-1.57,3.9,250.13,-4.69,0,5.13,0,0,0,bunny,
350,6.63,6.91,-10.26,250.13,7.24,-42.7,10.3,-1.74,3.96,250.13,-0.16,0,5.14,0,0,0,bunny,
351,11.26,6.08,-11.21,250.13,-60.32,19.1,10.79,-1.84,3.25,250.13,-4.78,0,5.03,0,0,0,bunny,
352,16.37,7.1,-14.71,250.13,34.51,17.04,11.04,-1.41,2.4,246.02,-4.53,0,5.13,0,0,0,bunny,
353,13.2,2.61,-19.43,124.76,113.51,-73.39,10.14,-0.56,2.12,243.57,-8.42,0,5.15,0,0,0,bunny,
354,10.46,5.24,-13.16,118.05,185.66,-91.8,9.47,-0.21,1.88,236.81,-9.53,0,5.15,0,0,0,bunny,
355,9.64,4.35,-15.24,250.13,110.63,22.1,9.52,-0.07,2.37,220.1,-11.51,0,5.15,0,0,0,bunny,
356,11.87,5.3,-15.26,250.13,82.17,-54.34,9.6,-1.01,1.86,211.47,-19.03,0,5.15,0,0,0,bunny,
357,16.27,7.92,-14.7,235.29,-165.67,47.73,9.24,-0.75,2.25,186.31,-21.86,0,5.15,0,0,0,bunny,
358,13.5,3.87,-10.15,57.4,130.07,-76.79,8.85,-2.86,0.95,195.32,-37.53,0,5.15,0,0,0,bunny,
359,12.07,3.18,-4.85,250.13,141.58,5.53,8.62,-2.05,2.51,181.8,-56.51,0,5.14,0,0,0,bunny,
360,7.72,4.13,2.04,250.13,10.4,203.55,9.87,-2.7,-0.31,106.37,-47.55,0,5.15,0,0,0,bunny,
361,4.33,5.07,0.46,205.1,52.06,222.21,8.95,-1.55,-1.02,97.13,-55.76,0,5.13,0,0,0,bunny,
362,-1.53,3.37,3.02,91.67,78.56,218.83,9.03,-0.24,-1.45,86.95,-46.94,0,5.11,0,0,0,bunny,
363,-4.75,1.72,3.63,139.44,24.74,234.98,8.46,-0.18,-2.41,66.05,-44.62,0,5.13,0,0,0,bunny,
364,-10.6,2.88,3.87,53.76,-3.85,31.1,10.14,0.04,-2.06,49.25,-62.66,0,5.15,0,0,0,bunny,
365,-11.43,6.74,3.05,31.4,-35.9,-40.31,10.23,0.17,-4.36,61.28,-54.87,0,5.14,0,0,0,bunny,
366,-12.04,12.56,-0.05,-44.72,-120.14,-155.79,8.25,2.03,-4.88,80.58,-49.15,0,5.15,0,0,0,bunny,
367,-8.82,14.55,-1.24,-55.43,-153.77,-189.58,7.8,2.02,-5.39,77.06,-39.1,0,5.14,0,0,0,bunny,
368,4.54,19.62,-11.72,-61.58,22.72,-250.14,10.68,-1.72,-4.4,57.74,-27.6,0,5.14,0,0,0,bunny,
369,10.46,19.62,-19.62,-204.45,62.25,-250.14,11,-1.89,-4.14,56.69,-27.2,0,5.13,0,0,0,bunny,
370,19.62,18.88,-19.62,-250.14,-81.2,-250.14,9.42,-1.01,-2.91,61.64,-30.09,0,5.06,0,0,0,bunny,
371,19.62,10.1,-19.62,-209.72,-246.3,-250.14,9.47,0.23,-3.03,56.4,-38.76,0,5.15,0,0,0,bunny,
372,19.62,2.37,-6.62,250.13,250.13,-250.14,8.48,0.17,-4.26,-5.92,-37.03,0,5.16,0,0,0,bunny,
373,19.62,2.64,-19.62,-250.14,-197.64,-250.14,7.02,-2.81,-7.12,-21.6,-20.76,0,5.15,0,0,0,bunny,
374,19.62,1.47,2.92,250.13,220.24,-11.91,8.57,-0.5,-6.32,-17.91,-9.97,0,5.12,0,0,0,bunny,
375,19.62,-1.42,-8.45,-85.65,-177.31,-37.08,9.56,-0.14,-5.54,-23.15,-4.02,0,5.15,0,0,0,bunny,
376,14.78,3.84,-10.11,158.73,-9.37,250.13,8.35,0.3,-4.72,-19.48,1.21,0,5.17,0,0,0,bunny,
377,7.82,4.78,4.82,21.36,-12.1,221.32,8.11,-0.24,-3.68,-32.34,0.96,0,5.16,0,0,0,bunny,
378,0.44,2.43,-1.24,102.3,-12.94,250.13,8.84,-0.5,-4.33,-44.38,-2.95,0,5.13,0,0,0,bunny,
379,0.79,6.81,-3.49,60.4,-139.53,218.41,8.93,0.75,-4.76,-31.44,-1.37,0,5.16,0,0,0,bunny,
380,5.52,-2.01,-3.99,-199.12,110.05,167.19,8.95,2.16,-5.66,-12.52,-2.42,0,5.13,0,0,0,bunny,
381,-4.34,5.13,-2.02,-146.02,53.15,219.59,8.35,2.93,-5.02,-6.87,0.19,0,5.17,0,0,0,bunny,
382,-6.43,14.57,4.29,250.13,-220.99,250.13,8.84,-3.29,-4.8,-27.87,-1.04,0,5.17,0,0,0,bunny,
383,-7.29,15.94,8.74,-18.89,162.07,129.53,8.64,-5.19,-6.25,-42.66,15.06,0,5.18,0,0,0,bunny,
384,-5.22,19.62,-3.47,-250.14,209.85,-116.02,10.01,-4.72,-5.06,-83.53,39.15,0,5.17,0,0,0,bunny,
385,-1.67,18.32,-3.47,-250.14,208.21,-154.55,9.86,-3.98,-4.4,-103.31,47.05,0,5.17,0,0,0,bunny,
386,10.5,19.62,-17.91,-250.14,119.5,-233.68,9.19,-0.6,-3.09,-137.66,66.89,0,5.17,0,0,0,bunny,
387,17.8,18.39,-19.62,-250.14,189.2,-250.14,9.74,-0.35,-2.2,-140.34,72.29,0,5.17,0,0,0,bunny,
388,19.62,7.08,-19.62,-27.66,19.11,-51.59,9.24,-0.05,-0.81,-144.32,89.42,0,5.17,0,0,0,bunny,
389,19.62,-19.62,5.93,-129.87,250.13,-37.64,9.45,-0.65,-0.8,-126.69,83.74,0,5.16,0,0,0,bunny,
390,19.62,-6.45,-16.71,-246.87,-198.37,179.09,9.31,1.85,-0.95,-117.85,94.5,0,5.16,0,0,0,bunny,
391,19.62,-4.24,-11.21,250.13,250.13,105.83,9.34,2,-1.83,-112.92,97.41,0,5.15,0,0,0,bunny,
392,19.62,-2.4,-3.26,0.61,232.94,161.98,10.01,2.68,-1.64,-91.86,122.3,0,5.12,0,0,0,bunny,
393,19.62,3.75,-2.73,169.5,250.13,250.13,9.96,5.68,-0.58,-69.34,93.98,0,5.15,0,0,0,bunny,
394,19.62,4.85,-0.35,250.13,245.45,250.13,9.82,4.28,-0.47,-59.91,107.09,0,5.15,0,0,0,bunny,
395,17.09,11.75,-19.62,-250.14,250.13,250.13,7.65,2.74,0,-38.24,130.98,0,5.16,0,0,0,bunny,
396,15.85,17.36,19.62,44.21,-75.55,250.13,7.62,1.55,-0.44,-9.18,106.39,0,5.16,0,0,0,bunny,
397,8.6,10.15,-3.15,-195.79,190.42,250.13,8.78,-0.08,2.22,9.14,76.92,0,5.16,0,0,0,bunny,
398,5.48,3.15,-2.03,-101.35,12.8,250.13,8,0.97,3.59,40.92,83.84,0,5.16,0,0,0,bunny,
399,1.9,-2.04,-5,-87.47,138.92,207.78,9.08,-1.55,4.56,25.28,40.76,0,5.16,0,0,0,bunny,
400,1.6,-4.24,-3.62,-62.76,87.92,191.79,9.57,-2.45,3.76,19.27,41.71,0,5.15,0,0,0,bunny,
401,3.54,-3.42,0.29,-41.02,69.29,186.72,11.08,-1.28,3.64,-5.07,52.56,0,5.16,0,0,0,bunny,
402,3.57,-1.44,1.79,18.7,121.71,204.21,10.38,-1.17,3.4,-10.52,50.85,0,5.16,0,0,0,bunny,
403,2.44,3.33,2.67,16.17,250.13,211.15,9.29,-0.01,3.62,-4.13,49.04,0,5.17,0,0,0,bunny,
404,2.11,3.11,1.21,-74.11,250.13,166.98,8.2,0.12,2.93,2.4,35.7,0,5.13,0,0,0,bunny,
405,-5.09,3.23,-9.21,-182.46,14.57,26.58,7.04,0.41,2.2,21.85,20.21,0,5.16,0,0,0,bunny,
406,-9.22,2.49,-12.57,-112.75,-140.31,37.55,6.35,0.38,2.12,14.79,27.28,0,5.16,0,0,0,bunny,
407,-5.19,-2.85,-9.19,250.13,102.99,-250.14,7.83,-0.46,3.95,-6.21,27.24,0,5.16,0,0,0,bunny,
408,-5.47,-2.93,-7.66,250.13,177.07,-250.14,9.24,-0.93,4.59,3.17,17.56,0,5.16,0,0,0,bunny,
409,-3.49,7.3,6.73,250.13,-59.6,-250.14,11.44,-0.68,6.09,-7.09,36.76,0,5.16,0,0,0,bunny,
410,18.29,19.62,19.62,250.13,-140.37,-250.14,11.35,1.59,5.66,4.03,18.17,0,5.14,0,0,0,bunny,
411,9.73,11.74,19.62,-73.08,250.13,27.15,5.79,-0.46,4.95,3.34,-31.38,0,5.16,0,0,0,bunny,
412,0.85,5.08,19.62,-250.14,233.16,152.65,4.96,-2.17,4.11,3.34,-19.54,0,5.14,0,0,0,bunny,
413,2.54,-1.3,10.69,-178.92,-250.14,250.13,8.57,-1.9,4.81,13.4,10.56,0,5.14,0,0,0,bunny,
414,6.02,-1.55,7.75,-106.34,-250.14,240.34,10.23,-1.1,5.95,-1.51,-20.3,0,5.16,0,0,0,bunny,
415,6.17,-3.39,4.83,-151.09,60.52,245.18,9.48,-0.4,4.44,-19.19,-5.06,0,5.16,0,0,0,bunny,
416,4.13,-0.47,5.23,-184.76,242.89,135.4,7.83,-0.52,4.65,-18.4,-11.76,0,5.15,0,0,0,bunny,
417,1.49,-4.13,3.68,-250.14,221.92,199.73,6.84,-0.98,3.92,-19.25,-12.56,0,5.09,0,0,0,bunny,
418,-1.94,-2.28,1.35,-250.14,169.75,203.2,7.3,-1.15,3,-20.34,-10.3,0,5.16,0,0,0,bunny,
419,-5.34,-8.64,0.77,-250.14,40.56,250.13,8.08,-0.8,3.19,-24.94,-9.54,0,5.16,0,0,0,bunny,
420,-19.62,-2.03,-14.48,-250.14,-250.14,250.13,8.41,0.04,2.87,-35.34,2.37,0,5.16,0,0,0,bunny,
421,-14.83,-11.32,-11.49,47.83,-98.94,44.12,8.27,0.25,2.85,-52.91,14.44,0,5.16,0,0,0,bunny,
422,-5.11,0.87,6.64,250.13,243.24,-250.14,8.64,-1.41,4.5,-57.09,0.58,0,5.16,0,0,0,bunny,
423,-8.43,15.29,8.01,250.13,107.59,-250.14,8.98,-2.22,4.41,-64.53,-1.93,0,5.14,0,0,0,bunny,
424,3.32,14.22,9.89,250.13,82.18,-250.14,8.7,-3.87,5.19,-91.76,22.01,0,5.16,0,0,0,bunny,
425,8.18,10.55,12.53,242.44,102.38,-250.14,7.49,-3.84,5.7,-101.8,10.63,0,5.16,0,0,0,bunny,
426,2.65,11.47,14.94,-96.09,81.99,-148.87,7.59,-4.36,2.88,-124.33,-4.58,0,5.15,0,0,0,bunny,
427,3.52,9.52,15.99,-125.79,-56.74,-127.08,7.69,-3.77,5.09,-126.24,40.49,0,5.14,0,0,0,bunny,
428,7.12,1.41,16.86,-57.25,-250.14,-81.38,8.84,-1.49,6.36,-152.06,-11.54,0,5.16,0,0,0,bunny,
429,16.01,7.25,12.7,-209.32,-164.16,-219.33,7.77,-1.54,5.54,-167.52,9.24,0,5.14,0,0,0,bunny,
430,19.62,7.58,9.32,-250.14,51.57,-250.14,7.75,-2.72,5.9,-184.77,21,0,5.14,0,0,0,bunny,
431,19.62,5.92,7.89,-250.14,85.99,-237.76,8.4,-2.58,6.28,-193.76,13.08,0,5.14,0,0,0,bunny,
432,19.62,3.25,6.04,-250.14,137.95,-94.85,8.11,-0.26,6.58,-198.07,10.34,0,5.15,0,0,0,bunny,
433,16.69,3,4.59,-250.14,151.59,-51.53,8.45,0.62,8.4,-186.95,6.49,0,5.12,0,0,0,bunny,
434,12.15,-2.41,3.1,-250.14,-10.18,101.09,6.23,1.15,6.6,-183.7,9.73,0,5.16,0,0,0,bunny,
435,11.92,-2.56,1.23,-250.14,38.27,71.5,5.95,1.7,5.91,-179.98,8.76,0,5.15,0,0,0,bunny,
436,9.49,-2.75,0.33,-250.14,33.87,82.09,5.62,1.17,6.2,-176.89,17.12,0,5.12,0,0,0,bunny,
437,9.13,-4.38,-0.93,-250.14,-50.32,86.99,5.91,1.82,6.12,-168.75,10.6,0,5.15,0,0,0,bunny,
438,4.96,-4.47,-3.45,-250.14,250.13,115.48,8.4,2.03,4.96,-144.19,1.34,0,5.15,0,0,0,bunny,
439,1.69,-4.14,-6.17,-225.02,250.13,173.89,8.1,1.83,4.6,-138.19,-2.68,0,5.16,0,0,0,bunny,
440,-8.86,-5.75,-14.02,-250.14,202.88,250.13,7.83,1.87,3.26,-111.07,-8.33,0,5.15,0,0,0,bunny,
441,-11.23,-5.77,-18.06,-250.14,172.55,250.13,7.32,1.98,2.53,-97.45,0.98,0,5.15,0,0,0,bunny,
442,-5.69,-7.46,-18.54,245.03,250.13,-250.14,7.81,1.92,3.35,-82.08,11.31,0,5.16,0,0,0,bunny,
443,-4.99,-8.12,-16.04,250.13,250.13,-250.14,9.09,1.63,2.98,-69.34,11.12,0,5.15,0,0,0,bunny,
444,-1.97,-3.86,-5.78,250.13,20.69,-250.14,10.89,0.87,4.28,-75.66,22.79,0,5.14,0,0,0,bunny,
445,-18.66,9.38,19.62,250.13,-250.14,-96.05,11.18,0.47,5.09,-74.41,19.78,0,5.15,0,0,0,bunny,
446,0.07,19.62,-11.43,250.13,145.66,-232.25,11.02,0.87,5.3,-59.63,15.98,0,5.15,0,0,0,bunny,
447,12.8,19.62,12.45,250.13,-250.14,-250.14,9.86,1.22,5.09,-47.08,7.2,0,5.15,0,0,0,bunny,
448,17.75,19.62,9.11,250.13,250.13,-250.14,8.75,2.09,4.64,-25.96,-3.71,0,5.15,0,0,0,bunny,
449,9.86,8.96,8.13,-250.14,-250.14,250.13,6.65,-1.75,3.35,-8.12,-30.47,0,5.15,0,0,0,bunny,
450,3.34,2.51,12.64,-250.14,250.13,220.88,7.56,-2.66,3.43,4.81,-10.5,0,5.17,0,0,0,bunny,
451,-0.78,5.57,7.19,-250.14,85.6,250.13,9.05,-1.47,4.03,5.05,-3.71,0,5.14,0,0,0,bunny,
452,2.01,5.88,8.05,-250.14,187.98,250.13,10.32,-0.61,4.24,2.56,-11.13,0,5.15,0,0,0,bunny,
453,1.81,-7.05,4.02,-250.14,121.22,250.13,8.75,-1.43,3.52,-3.61,-27.95,0,5.16,0,0,0,bunny,
454,3.95,-7.69,-0.87,-250.14,-99.82,189.81,8.24,-1.85,2.56,-2.53,-18.54,0,5.14,0,0,0,bunny,
455,-0.83,-12.17,-1.51,-250.14,54.74,118.55,9.18,-0.2,3.05,7.63,-13.02,0,5.12,0,0,0,bunny,
456,-4.37,-9.95,-7.43,-250.14,95.47,217.76,9.53,0.28,3.19,13.34,-18.73,0,5.15,0,0,0,bunny,
457,-7.07,-13.54,-19.62,-250.14,170.59,-198.47,8.12,0.52,1.08,23.71,-4.31,0,5.15,0,0,0,bunny,
458,-4.33,-10.47,-19.62,140,250.13,-161.98,8.08,1.01,1.17,26.43,3.24,0,5.16,0,0,0,bunny,
459,-8.21,-4.56,-13.45,250.13,145.97,-250.14,9.33,-0.18,3.78,33.85,7.15,0,5.13,0,0,0,bunny,
460,-1.62,-0.75,-10.39,250.13,-189.07,-250.14,10.33,0.35,3.64,42.55,3.27,0,5.16,0,0,0,bunny,
461,15.97,18.44,-4.17,250.13,-211.55,-188.97,9.42,1.29,3.34,89.36,-12.69,0,5.16,0,0,0,bunny,
462,17.42,4.9,-1.5,75.95,27.17,-52.53,8.45,0.3,5.16,76.8,-17.05,0,5.15,0,0,0,bunny,
463,11.56,-1.42,2.6,28.63,88.53,147.61,8.08,-0.16,3.68,102.63,-29.15,0,5.15,0,0,0,bunny,
464,12.47,-6.98,2.59,-44.66,173.36,44.92,7.42,-1.24,4.81,95.46,-34.55,0,5.15,0,0,0,bunny,
465,12.05,-10.44,3.42,109.59,-34.95,34.37,9.58,1,3.5,122.9,-40.54,0,5.16,0,0,0,bunny,
466,17.54,-11.74,3.91,82.78,-155.2,3.37,9.05,1.87,3.54,120.59,-25.1,0,5.15,0,0,0,bunny,
467,19.62,-13.76,2.78,250.13,-250.14,250.13,8.57,2.12,4.28,140.19,-16.93,0,5.14,0,0,0,bunny,
468,18.49,1.59,0.66,176.66,250.13,176.55,9.11,3.08,3.75,152.4,-24.47,0,5.15,0,0,0,bunny,
469,14.66,-1.41,9.68,77.99,-250.14,203.18,8.21,2,4.61,184.05,-2.39,0,5.16,0,0,0,bunny,
470,14.29,-5.54,9.34,160.08,-124.44,250.13,8.25,1.57,4.51,198.73,3.05,0,5.16,0,0,0,bunny,
471,8.9,-6.2,10.23,56.63,-195.62,250.13,8.57,1.01,6.07,211.85,7.51,0,5.14,0,0,0,bunny,
472,8.48,-6.34,9.51,47.63,-250.14,250.13,8.53,0.5,6.01,212.55,9.66,0,5.16,0,0,0,bunny,
473,10.53,-4.6,9.35,40.31,-171.44,222.52,7.89,-0.73,6.38,211.18,4.15,0,5.15,0,0,0,bunny,
474,9.92,-4.93,9.13,-32.05,-115,207.08,8.15,-1.4,6.19,205.19,10.15,0,5.15,0,0,0,bunny,
475,7.37,-5.16,8.73,-83.76,-78.61,217.43,8.08,-1.76,6.22,203.04,0.02,0,5.14,0,0,0,bunny,
476,7.26,-5.67,8.46,-74.31,-101.31,200.02,8.02,-1.19,6.66,187.09,-0.92,0,5.15,0,0,0,bunny,
477,8.58,-4.53,9.38,-78.28,-92.64,177.79,7.57,-2.53,6.55,198.15,-3.09,0,5.15,0,0,0,bunny,
478,6.77,-3.84,10.85,-166.99,-112.51,189.19,7.97,-3.73,6.1,174.22,-4.53,0,5.15,0,0,0,bunny,
479,6.19,-3.68,10.37,-209.58,-149.32,223.61,7.75,-3.28,4.99,160.66,-11.08,0,5.15,0,0,0,tapshoulder,
480,3.44,-3.24,8.18,-241.04,-161.73,245.34,7.44,-3.61,4.92,154.94,-10.66,0,5.13,0,0,0,tapshoulder,
481,0.92,-2.25,6.69,-195.73,-92.46,227.09,6.79,-3.64,4.5,144.73,-24.95,0,5.14,0,0,0,tapshoulder,
482,-17.35,4.31,-7.81,-236.41,-162.05,225.52,7.25,-3.61,2.11,120.69,-23.59,0,5.16,0,0,0,tapshoulder,
483,-19.62,3.91,-19.62,-244.18,-250.14,135.18,6.71,-3.57,2.17,107.55,-5.67,0,5.16,0,0,0,tapshoulder,
484,-10.44,-8.95,-12.48,238.97,250.13,-250.14,8.29,-3.73,2.61,74.78,-1.24,0,5.15,0,0,0,tapshoulder,
485,-6.56,-4.08,2.39,250.13,158.61,-250.14,9.6,-3.48,2.74,64.31,13.96,0,5.16,0,0,0,tapshoulder,
486,-19.62,13.8,19.62,250.13,24.31,-250.14,10.47,-2.97,4.26,58.57,19.5,0,5.12,0,0,0,tapshoulder,
487,-10.68,19.62,19.47,250.13,-250.14,-250.14,10.9,-2.63,4.69,58.27,11.27,0,5.16,0,0,0,tapshoulder,
488,17.07,12.41,19.62,-101.23,250.13,-107.72,7.59,-2.57,3.32,21.37,10.03,0,5.15,0,0,0,tapshoulder,
489,5.83,9.25,18.92,-250.14,230.85,109.9,6.62,-3.65,3.8,13,12.75,0,5.16,0,0,0,tapshoulder,
490,-1.99,2.37,10.74,-250.14,-250.14,250.13,7.55,-3.32,4.85,6.33,2.25,0,5.15,0,0,0,tapshoulder,
491,6.47,0.04,9.8,-250.14,-250.14,250.13,9.29,-2.6,4.58,-1.95,-10.53,0,5.16,0,0,0,tapshoulder,
492,8.29,-0.94,5.51,-250.14,-63.85,250.13,10.14,-0.72,4.47,-23.39,-0.53,0,5.16,0,0,0,tapshoulder,
493,5.01,-1.44,3.66,-250.14,128.84,148.21,8.97,-0.97,4.23,-35.49,-9.31,0,5.13,0,0,0,tapshoulder,
494,-5.02,-6.26,-3.59,-250.14,131.88,250.13,7.96,-2.56,2.5,-43.55,-11.79,0,5.16,0,0,0,tapshoulder,
495,-8.4,-5.24,-2.32,-250.14,250.13,227.55,8.49,-1.66,2.62,-51.38,-13.72,0,5.15,0,0,0,tapshoulder,
496,-13.84,-5.99,-12.41,-250.14,151.64,250.13,8.94,-1.58,2.87,-54.85,-9.09,0,5.1,0,0,0,tapshoulder,
497,-15.29,-2.24,-19.62,-250.14,-23.48,126.71,8.94,-0.9,2.32,-59.85,-0.33,0,5.16,0,0,0,tapshoulder,
498,-12.51,-7,-15.22,250.13,250.13,-22.11,8.13,-1.47,3.33,-103.16,11.47,0,5.16,0,0,0,tapshoulder,
499,-12.08,6.5,-11.86,250.13,-234.82,93.72,8.42,-1.63,3.64,-98.4,12.17,0,5.16,0,0,0,tapshoulder,
500,-12.03,19.62,-4.41,250.13,-228.53,54.94,9.6,-2.76,4.89,-122.79,38.46,0,5.16,0,0,0,tapshoulder,
501,18.44,16.32,9.72,250.13,-250.14,-250.14,9.38,-3.45,6.14,-125.22,42.35,0,5.16,0,0,0,tapshoulder,
502,13.27,14.78,19.62,-250.14,199.52,-79.37,6.03,-3.04,3.92,-100.47,32.39,0,5.15,0,0,0,tapshoulder,
503,-0.1,13.9,13.64,-250.14,60.56,72.8,5.32,-3.61,5.05,-133.23,21.09,0,5.16,0,0,0,tapshoulder,
504,10.03,-2.36,9.81,-250.14,-250.14,19.02,9.15,-2.35,7.38,-117.66,0.62,0,5.16,0,0,0,tapshoulder,
505,14.53,-3.2,9.79,-208.79,-250.14,57.05,10.68,-2.27,5.98,-149.75,-4.47,0,5.15,0,0,0,tapshoulder,
506,18.83,-4.98,4.97,-250.14,191.27,48.34,9.22,-2.01,5.1,-178.1,17.65,0,5.15,0,0,0,tapshoulder,
507,15.4,-6.52,3.16,-250.14,250.13,18.73,8,-2.66,5.69,-182.31,29.23,0,5.15,0,0,0,tapshoulder,
508,9.05,9.18,7.58,-250.14,70.85,165.89,8.33,-1.25,3.76,-12.8,-6.43,0,5.16,0,0,0,tapshoulder,
509,8.13,6.47,5.9,-250.14,150.52,188.34,8.59,-1.15,4.18,-10.16,-5.6,0,5.14,0,0,0,tapshoulder,
510,4.78,3.35,4.31,-250.14,1.95,250.13,7.96,-1.43,2.82,-15.5,1.68,0,5.13,0,0,0,tapshoulder,
511,3.12,1.64,3.5,-250.14,-27.55,250.13,8.57,-1.4,3.7,-18.49,-5.67,0,5.13,0,0,0,tapshoulder,
512,0.99,-0.26,2.38,-250.14,-48.83,250.13,8.6,-1.5,3.59,-18.24,-13.25,0,5.15,0,0,0,tapshoulder,
513,-1.32,-2.6,0.39,-250.14,-77.88,250.13,8.57,-0.94,3.49,-20.69,-22.13,0,5.14,0,0,0,tapshoulder,
514,-3.02,-5.17,0.39,-250.14,-22.87,250.13,8.67,-2.36,2.1,-25.99,-17.67,0,5.15,0,0,0,tapshoulder,
515,-7,-3.54,-3.41,-250.14,-228.74,250.13,8.74,-1.57,2.52,-27.21,-15.84,0,5.14,0,0,0,tapshoulder,
516,-11.21,-3.95,-6.84,-250.14,-193.66,250.13,8.64,-1.14,2.29,-20.06,-12.18,0,5.16,0,0,0,tapshoulder,
517,-14.92,-2.07,-11.75,-250.14,-43.53,250.13,8.5,-0.76,1.67,-14.94,-5.13,0,5.15,0,0,0,tapshoulder,
518,-13.35,-8.2,-19.62,160.73,250.13,-250.14,8.52,-0.91,1.94,-26.56,-0.8,0,5.15,0,0,0,tapshoulder,
519,-3.37,-7.43,-19.62,203.24,250.13,-250.14,8.42,-1.52,2.79,-24.12,1.82,0,5.16,0,0,0,tapshoulder,
520,-12.7,-6.77,4.24,250.13,-250.14,56.66,10.26,-1.25,3.68,-18.43,11.53,0,5.15,0,0,0,tapshoulder,
521,-3.11,11.76,2.09,250.13,-250.14,-15.36,10.55,-0.79,4.32,-17.77,10.08,0,5.15,0,0,0,tapshoulder,
522,19.62,19.62,-15.07,250.13,-169.31,-250.14,9.11,0.52,3.99,-6.36,14.5,0,5.16,0,0,0,tapshoulder,
523,19.62,-9.84,16.13,250.13,-176.75,-250.14,8.47,0.47,3.66,2.64,6.12,0,5.15,0,0,0,tapshoulder,
524,18.91,11.7,9.24,-250.14,24.85,-1.08,8.73,-0.67,3.42,26.47,-3.37,0,5.15,0,0,0,tapshoulder,
525,16.39,4.92,9.22,-250.14,31.74,24.75,8.58,-0.56,4.11,35.82,-3.55,0,5.15,0,0,0,tapshoulder,
526,13.14,1.51,5.03,-175.5,-25.18,160.56,8.64,-0.37,3.4,58.6,-13.95,0,5.15,0,0,0,tapshoulder,
527,15.47,0.35,3.68,-147.28,-122.92,171.32,9.31,0.58,3.58,65.13,-9.27,0,5.15,0,0,0,tapshoulder,
528,14.5,-0.71,3.31,-26.41,-125.01,169.22,9.29,0.13,3.94,55.74,-3.81,0,5.11,0,0,0,tapshoulder,
529,14.74,-1.24,2.74,80.19,-53.22,181.25,9.16,0.33,3.71,63.39,-7.12,0,5.16,0,0,0,tapshoulder,
530,12.62,-1.36,-0.57,231.28,-66.37,205.49,9.64,0.71,4,88.52,5.27,0,5.15,0,0,0,tapshoulder,
531,11.05,-2.53,-0.46,243.76,-69.69,208.84,9.26,1.05,3.68,92.64,0.07,0,5.15,0,0,0,tapshoulder,
532,10.91,-0.63,1.37,250.13,-72.76,250.13,9.08,1.37,4.35,109.37,0.09,0,5.16,0,0,0,tapshoulder,
533,9.99,1.16,3.01,250.13,-75.45,250.13,8.83,0.79,3.9,120.15,3.76,0,5.14,0,0,0,tapshoulder,
534,-0.53,3.29,2.96,193.23,-130.36,232.78,8.43,0.21,4.34,134.62,12.38,0,5.16,0,0,0,tapshoulder,
535,-1.41,2.68,3.34,153.6,-189.67,206.04,8.51,-0.65,4.48,134.02,17.56,0,5.14,0,0,0,tapshoulder,
536,0.48,6.7,5.76,168.86,1.82,119.5,9.4,-3.02,4.97,140.5,-16.47,0,5.15,0,0,0,tapshoulder,
537,-1.32,6.33,5.68,146.4,-2.75,109.48,9.75,-3.15,4.27,135.85,-19.09,0,5.15,0,0,0,tapshoulder,
538,0.85,4.99,5.59,38.08,-104.08,55.21,7.49,-2.09,4.97,112.69,-27.47,0,5.16,0,0,0,tapshoulder,
539,1.02,3.62,5.75,-8.19,-94.99,14.92,6.94,-1.94,4.74,101.34,-34,0,5.16,0,0,0,tapshoulder,
540,0.22,2.27,5.28,-34.77,-91.33,-15.48,6.9,-2.24,4.3,92.82,-32.93,0,5.1,0,0,0,tapshoulder,
541,-0.46,1.59,4.87,-55.13,-108.19,-33.24,7.19,-2.75,4.01,81.05,-32.44,0,5.15,0,0,0,tapshoulder,
542,6.63,4.82,6.33,-140.19,15.03,-173.19,8.33,-2.34,2.26,61.79,-29.02,0,5.16,0,0,0,tapshoulder,
543,5.41,5.91,4.37,-181.38,-63.92,-250.14,8.54,-1.53,1.42,47.73,-15.59,0,5.14,0,0,0,tapshoulder,
544,17.71,1.9,-2.21,-250.14,-149.41,-233.45,9.49,-2.91,2.46,-3.11,-32.89,0,5.16,0,0,0,tapshoulder,
545,13.11,0.88,-3.44,-157.08,-130.52,-109.14,10.4,-2.97,0.41,-15.19,-23.26,0,5.15,0,0,0,tapshoulder,
546,19.62,4.8,-5.86,250.13,167.79,-250.14,10.89,-2.92,2.05,-22.24,-6.73,0,5.1,0,0,0,tapshoulder,
547,17.1,-4.02,-0.21,250.13,-20.47,-250.14,9.96,-2.62,3.14,-26.91,-2.08,0,5.15,0,0,0,tapshoulder,
548,19.62,-1.63,-5.58,168.35,-250.14,-98.33,8.1,-1.76,1.69,-41.65,12.51,0,5.14,0,0,0,tapshoulder,
549,19.62,-2.28,-4.11,-121.02,-241.07,-53.44,8.93,-1.34,1.51,-39.39,15.4,0,5.17,0,0,0,tapshoulder,
550,19.62,-2.83,0.87,-122.24,-67.77,128.25,9.18,-1.49,2.27,-30.87,4.04,0,5.16,0,0,0,tapshoulder,
551,19.62,2.82,2.34,49.09,-124.83,195.27,9.41,-2.39,1.77,-32.02,9.53,0,5.13,0,0,0,tapshoulder,
552,15.77,-0.45,-0.83,-250.14,-17.95,250.13,8.85,-2.5,2,-15.15,20.79,0,5.16,0,0,0,tapshoulder,
553,12.55,4.9,-3.86,-137.56,-84.7,250.13,9.32,-1.82,1.7,-11.08,20.6,0,5.11,0,0,0,tapshoulder,
554,15.14,0.81,-2.91,-102.15,206.79,217.39,9.43,-0.99,3.08,-7.01,19.98,0,5.1,0,0,0,tapshoulder,
555,7.07,8.65,-6.5,-124.24,25.47,250.13,9.31,-1.43,4.09,-0.57,24.93,0,5.16,0,0,0,tapshoulder,
556,4.59,10.05,-8.33,-101.55,-74.84,250.13,9.23,-1.41,4.11,-5.52,16.69,0,5.15,0,0,0,tapshoulder,
557,6.29,11.24,-19.62,109.36,130.11,115.69,8.37,1.01,4.41,11.92,16.8,0,5.15,0,0,0,tapshoulder,
558,8.05,10.98,-19.62,250.13,151.96,116.04,8.23,1.45,4.03,10.05,20.26,0,5.1,0,0,0,tapshoulder,
559,5,9.81,-19.62,250.13,142.64,157.53,9.41,0.87,3.83,-13.32,24.94,0,5.14,0,0,0,tapshoulder,
560,-2.7,19.62,-19.62,250.13,-152.39,250.13,10.06,0.64,3.05,-8.81,25.35,0,5.14,0,0,0,tapshoulder,
561,3.31,19.62,11.4,250.13,-250.14,-36.11,9.18,0.6,2.32,21.31,-4,0,5.16,0,0,0,tapshoulder,
562,6.42,19.62,19.62,250.13,-117.18,-61.2,8.78,-0.47,2.62,22.03,-23.53,0,5.13,0,0,0,tapshoulder,
563,19.36,16.75,19.62,37.35,-193.67,10.79,6.97,-1.26,3.7,17.93,-36.99,0,5.15,0,0,0,tapshoulder,
564,19.4,9.25,17.85,-173.95,33.09,-11.67,6.75,-0.73,3.14,8.5,-16.67,0,5.13,0,0,0,tapshoulder,
565,15.33,5.28,11.83,-250.14,107.61,-3.05,8.38,-0.98,3.01,5.84,-37.98,0,5.1,0,0,0,tapshoulder,
566,16.46,4.2,9.05,-250.14,15.05,33.01,9.75,-1.11,2.97,-6.49,-21.95,0,5.15,0,0,0,tapshoulder,
567,14.44,6.4,-0.5,-250.14,250.13,250.13,9.77,-2.37,1.72,-29.1,2.76,0,5.15,0,0,0,tapshoulder,
568,9.86,6.3,-2.31,-250.14,241.11,250.13,9.89,-1.7,1.97,-33.18,9.01,0,5.11,0,0,0,tapshoulder,
569,-4.96,4.98,-8.68,-250.14,-114.37,250.13,11.21,0.4,1.91,-14.02,24.89,0,5.14,0,0,0,tapshoulder,
570,-4.14,7.4,-12.16,-250.14,-173.66,250.13,10.32,0.02,1.52,-55.54,48.55,0,5.15,0,0,0,tapshoulder,
571,-12.52,12.29,-19.62,-229.98,250.13,28.66,9.1,1.19,2.67,-9.3,24.99,0,5.16,0,0,0,tapshoulder,
572,-2.39,7.11,-19.62,111.55,250.13,-250.14,8.5,1.34,3.48,-4.68,17.95,0,5.14,0,0,0,tapshoulder,
573,19.62,4.66,-19.62,213.92,250.13,-250.14,7.51,0.7,2.68,-8.4,-13.08,0,5.16,0,0,0,tapshoulder,
574,4.9,14.71,-11.05,250.13,-64.49,154.53,6.95,-0.05,2.5,0.07,-18.72,0,5.15,0,0,0,tapshoulder,
575,13.82,19.62,-8.1,250.13,-250.14,24.67,8.59,0.26,3.21,7.12,-10.77,0,5.15,0,0,0,tapshoulder,
576,19.62,19.62,13.13,250.13,-250.14,-250.14,10.59,0.07,3.12,16.47,-17.43,0,5.14,0,0,0,tapshoulder,
577,6.16,19.62,19.62,177.83,36.47,-56.68,11.04,-0.6,3.19,39.21,-6.5,0,5.16,0,0,0,tapshoulder,
578,8,19.62,19.62,-201.83,-95.95,131.55,9.64,-0.62,3.34,38.79,-8.15,0,5.15,0,0,0,tapshoulder,
579,9.78,12.47,-0.81,-250.14,1.79,250.13,7.64,-0.84,3.34,40.76,12.84,0,5.15,0,0,0,tapshoulder,
580,7.29,11.56,-4.75,-250.14,135.27,250.13,7.37,-1.3,2.83,35.21,1.26,0,5.15,0,0,0,tapshoulder,
581,-6.68,14.75,-12.08,-250.14,216.68,250.13,7.65,-2.3,2.46,41.6,2.46,0,5.15,0,0,0,tapshoulder,
582,-12.65,17.23,-19.62,-250.14,250.13,250.13,8.49,-2.83,2.33,43.98,-6.44,0,5.16,0,0,0,tapshoulder,
583,-0.88,0.89,-19.62,50.36,250.13,-114.34,7.33,-0.61,2.46,11.98,31.93,0,5.16,0,0,0,tapshoulder,
584,1.28,0.74,-19.62,250.13,250.13,-200.06,8.27,0.75,5.95,55.28,16.92,0,5.15,0,0,0,tapshoulder,
585,6.24,10.76,-12.6,250.13,-250.14,3.01,9.21,0.45,3.88,14.72,-4.9,0,5.09,0,0,0,tapshoulder,
586,-5.82,19.62,17.25,250.13,-250.14,-184.11,8.76,-1.01,3.51,-9.01,-9.9,0,5.14,0,0,0,tapshoulder,
587,9.95,19.62,-3.92,250.13,-250.14,-250.14,9.37,-1.25,3.34,-6.65,-13.18,0,5.14,0,0,0,tapshoulder,
588,19.62,19.62,13.78,250.13,-29.83,151.86,9.85,0.02,2.69,-0.68,-7.53,0,5.16,0,0,0,tapshoulder,
589,19.62,19.62,19.62,250.13,40.46,-199.33,9.14,1.87,3.19,9.82,-7.66,0,5.13,0,0,0,tapshoulder,
590,19.62,10.84,19.62,9.31,-250.14,172.66,9.62,3.17,2.23,26.37,15.02,0,5.14,0,0,0,tapshoulder,
591,17.62,4.32,8.39,-241.16,-181.3,59.34,10.02,1.43,4.05,29.91,-8.22,0,5.15,0,0,0,tapshoulder,
592,6.59,-6.79,-2.49,-199.21,-14.04,31.8,10.87,1.02,3.54,16.64,8.34,0,5.15,0,0,0,tapshoulder,
593,7.71,-5.69,-2.22,-66.23,115.37,-44.31,8.29,1.08,3.75,5.6,10.78,0,5.14,0,0,0,tapshoulder,
594,9.91,-0.48,3.99,187.4,18.9,-18.96,7.49,1.2,3.34,-14.13,0.47,0,5.14,0,0,0,tapshoulder,
595,11.9,-0.75,10.09,207.6,-98.34,27.58,8.14,1.13,3.09,-19.89,-4.34,0,5.15,0,0,0,tapshoulder,
596,19.62,8.88,12.16,-160.79,-28.9,33.26,8.27,1.73,3.2,-28.95,-3.71,0,5.15,0,0,0,tapshoulder,
597,19.62,12.99,12.27,-233.34,250.13,44.66,8.21,1.72,2.96,-30.25,1.25,0,5.15,0,0,0,tapshoulder,
598,11.04,11.53,3.1,-250.14,250.13,212.27,9.13,1.92,3.62,-31.54,-1.81,0,5.16,0,0,0,tapshoulder,
599,6.22,9.06,0.16,-250.14,250.13,250.13,9.22,1.03,3.23,-36.72,1.86,0,5.16,0,0,0,tapshoulder,
600,-5.19,9.81,-7.22,-250.14,250.13,250.13,9.18,0.94,2.97,-24.22,-0.58,0,5.15,0,0,0,tapshoulder,
601,-15.34,16.26,-19.62,-250.14,250.13,250.13,9.12,1.24,2.25,-18.3,15.8,0,5.15,0,0,0,tapshoulder,
602,-0.21,-4.9,-19.62,250.13,250.13,-215.94,9.38,1.87,3.14,-9.05,12.15,0,5.15,0,0,0,tapshoulder,
603,-0.39,-3.19,-19.62,250.13,250.13,-250.14,10.07,1.79,4.23,-11.89,2.6,0,5.12,0,0,0,tapshoulder,
604,2.92,7.88,-7.36,250.13,-250.14,-136.08,8.94,-1.37,2.52,-19.88,-7.96,0,5.15,0,0,0,tapshoulder,
605,7.49,15.36,-5.77,250.13,-250.14,-250.14,8.56,-1.06,2.77,-16.45,4.91,0,5.15,0,0,0,tapshoulder,
606,18.08,19.62,9.83,250.13,-126.67,-154.98,8.99,0.74,2.11,-18.03,12.55,0,5.15,0,0,0,tapshoulder,
607,18.25,14.83,18.24,250.13,70.02,-132.63,9.58,0.91,2.4,-15.74,18.03,0,5.15,0,0,0,tapshoulder,
608,13.11,19.62,19.62,250.13,-241.4,-84.02,8.52,0.36,4.15,0.49,10.24,0,5.15,0,0,0,tapshoulder,
609,19.62,19.57,17.41,-10.38,-169.85,113.42,8.59,-0.02,3.59,3.36,2.25,0,5.15,0,0,0,tapshoulder,
610,19.58,12.91,5.57,-250.14,161.39,156.92,9.38,-1.77,3.9,2.26,4.51,0,5.15,0,0,0,tapshoulder,
611,18.21,12.47,1.23,-250.14,118.14,219.16,10.42,-1.98,3.68,0.85,10.34,0,5.15,0,0,0,tapshoulder,
612,18.35,9.04,-2.86,-250.14,250.13,250.13,10.67,-2.37,3.25,3.45,20.6,0,5.16,0,0,0,tapshoulder,
613,8.99,7.8,-2.44,-250.14,250.13,250.13,7.62,-1.08,2.51,3.5,12.7,0,5.16,0,0,0,tapshoulder,
614,7.16,12.47,-5.07,-250.14,-158.6,250.13,7.09,-0.97,2.43,3.71,4.87,0,5.15,0,0,0,tapshoulder,
615,-3.31,15.24,-13.43,-250.14,56.82,250.13,6.92,-1.71,3.21,-11.98,-4.02,0,5.16,0,0,0,tapshoulder,
616,-10.12,11.72,-11.99,-250.14,191.54,250.13,8.59,-0.9,2.12,0.4,-7.87,0,5.16,0,0,0,tapshoulder,
617,-19.62,7.96,-19.62,-165.57,223.05,71.35,9.47,-0.82,6.11,-42.71,-21.03,0,5.16,0,0,0,tapshoulder,
618,-14.17,2.53,-19.62,32.55,216.34,-92.95,10.91,-0.47,5.81,-34.09,-2.82,0,5.17,0,0,0,tapshoulder,
619,-8.16,-1.11,-19.62,209.73,250.13,-193.17,12.85,-0.02,4.51,-22.05,-25.96,0,5.11,0,0,0,tapshoulder,
620,-2.48,-2.84,-18.93,250.13,220.63,-234.03,12.05,0.16,4.41,-19.79,3.53,0,5.15,0,0,0,tapshoulder,
621,13.87,2.12,-8.54,-250.14,250.13,-250.14,8.47,-1.15,2.23,-16.13,5.28,0,5.16,0,0,0,tapshoulder,
622,13.9,-18.54,-14.91,-152.31,-152.79,-217.17,7.5,-0.81,1.94,-14.78,4.15,0,5.16,0,0,0,tapshoulder,
623,10.84,3.37,-17.49,102.12,18.53,-7.43,7.51,-0.84,2.28,-12.07,-3.1,0,5.15,0,0,0,tapshoulder,
624,6.22,0.93,-19.62,250.13,-149.16,175.03,8.22,-0.65,1.83,-6.31,-8.21,0,5.16,0,0,0,tapshoulder,
625,4.28,2.81,-18.03,250.13,5.82,-29.2,9.57,-0.86,3.12,6.07,-9.1,0,5.15,0,0,0,tapshoulder,25
626,2.51,4.12,-13.65,250.13,-55.92,-70.36,10.2,-1.64,3.12,4.98,-0.96,0,5.15,0,0,0,tapshoulder,
627,1.74,10.36,-7.84,250.13,-250.14,-31.75,9.64,-2.8,3.21,-9.47,-0.89,0,5.13,0,0,0,tapshoulder,
628,0.5,18.5,6.6,250.13,-250.14,-15.57,9.45,-1.49,2.63,-19.28,10.66,0,5.15,0,0,0,tapshoulder,
629,19.62,13.76,18.23,250.13,-250.14,48.04,9.42,-1.07,1.6,-50.69,29.69,0,5.16,0,0,0,tapshoulder,
630,19.62,19.62,10.18,250.13,-169.11,-201.97,8.61,-0.53,3.14,-30.48,1.85,0,5.17,0,0,0,tapshoulder,
631,19.3,19.62,19.62,-34.92,-122.77,61.46,7.44,0.65,2.55,-9.77,-7.29,0,5.16,0,0,0,tapshoulder,49
632,18.4,17.13,19.62,-250.14,-127.77,142.96,8.16,0.37,3.41,1.02,-7.28,0,5.16,0,0,0,tapshoulder,
633,18.87,10.59,6.35,-250.14,101.98,198.6,10.64,0.1,2.76,-0.31,5.45,0,5.15,0,0,0,tapshoulder,
634,12.98,9.96,2.01,-250.14,213.4,234.8,12.16,-0.34,1.21,-5.82,10.27,0,5.15,0,0,0,tapshoulder,
635,3.09,1.43,-2.8,-250.14,250.13,250.13,10.54,-0.85,-1.15,1.73,14.36,0,5.15,0,0,0,tapshoulder,
636,-3.31,3.02,-6.31,-250.14,250.13,249.1,7.91,-0.85,3.88,9.44,-8.2,0,5.15,0,0,0,tapshoulder,
637,-2.76,5.44,-19.62,-250.14,-17.72,234.01,8.19,0.23,2.86,24.88,10.3,0,5.15,0,0,0,tapshoulder,
638,-2.33,1.47,-19.62,-250.14,-153.82,193.06,8.17,0.45,3.11,25.93,3.63,0,5.15,0,0,0,tapshoulder,
639,2,7.5,-19.62,90.79,250.13,-49.66,8.08,0.43,3.24,24.4,-3.97,0,5.15,0,0,0,rocket,
640,2.08,1.55,-19.62,90.33,71.5,-150.3,7.78,-0.39,2.75,23.11,-5.1,0,5.13,0,0,0,rocket,
641,3.88,6.78,-15.94,250.13,-163.75,-128.18,6.25,-0.35,2.03,25.4,1.63,0,5.16,0,0,0,rocket,
642,2.16,11.3,-10.39,250.13,-124.95,-250.14,6.22,0.13,1.16,22.85,-1.97,0,5.11,0,0,0,rocket,
643,10.45,-1.55,15.71,250.13,-250.14,-250.14,6.24,-1.05,3.68,5.53,2.1,0,5.16,0,0,0,rocket,
644,12.96,14.39,2.96,250.13,-250.14,-3.49,7.78,-1.82,3.48,15.73,-2.44,0,5.14,0,0,0,rocket,
645,12.69,17.12,19.62,250.13,72.24,-117.27,17.56,2.46,5.41,52.98,-33.46,0,5.16,0,0,0,rocket,
646,3.99,11.03,19.62,250.13,-181.9,-20.2,14.92,3.93,7.95,63.56,-39.9,0,5.15,0,0,0,rocket,
647,19.62,1.02,7.98,-225.62,-91.17,59.34,8.83,-0.8,4.51,28.82,2.3,0,5.16,0,0,0,rocket,42
648,12.6,-0.3,3.54,-250.14,133.24,14.87,8.2,0.08,4.31,21.11,30.37,0,5.15,0,0,0,rocket,42
649,5.7,-6.84,2.64,-95.13,-248.05,11.42,7,1.33,3.18,2.96,25.64,0,5.16,0,0,0,rocket,42
650,7.82,0.86,0.04,80.08,250.13,-24.06,6.73,1.41,2.67,6.36,6.2,0,5.15,0,0,0,rocket,42
651,4.19,0.23,1.03,29.25,-111.92,65.92,6.69,1.2,2.74,3.05,2.31,0,5.13,0,0,0,rocket,42
652,4.8,-1.58,3.73,38.76,33.82,6.61,7.11,0.98,2.4,-1.89,-8.2,0,5.16,0,0,0,rocket,42
653,5.09,-0.05,4.66,80.92,22.51,8.9,7.6,0.65,2.71,-6.03,-12.51,0,5.15,0,0,0,rocket,42
654,16.37,6.04,12.99,55.85,10.48,-88.92,9.13,0.67,4.02,-19.37,-13.58,0,5.16,0,0,0,rocket,
655,19.62,8.85,15.6,16,0.34,-90.47,9.31,1.17,4.47,-22.82,-12.56,0,5.15,0,0,0,rocket,
656,19.62,12.3,6.48,-250.14,154.81,136.56,9.56,1.91,4.7,-10.99,2.05,0,5.16,0,0,0,rocket,
657,19.48,12.65,5.33,-250.14,250.13,204.21,9.81,2.68,5.3,-6.84,8.63,0,5.15,0,0,0,rocket,
658,9.45,8.56,-0.09,-250.14,140.65,250.13,10.29,1.66,4.32,5.53,20.33,0,5.15,0,0,0,rocket,
659,5.44,11.69,-3.69,-250.14,174.87,250.13,10.3,1.1,4.44,14.33,26.5,0,5.15,0,0,0,rocket,
660,-4.99,10.76,-9.97,-250.14,178.35,250.13,9.19,0.47,3.41,31.24,20.18,0,5.14,0,0,0,rocket,
661,-8.64,11.1,-19.62,-250.14,250.13,250.13,9.31,1.23,2.48,36.66,6.96,0,5.15,0,0,0,rocket,
662,-10.73,6.22,-19.62,-250.14,250.13,-7.93,7.32,0.55,3.14,31.66,0.36,0,5.16,0,0,0,rocket,
663,2.13,7.59,-19.62,53.72,222.79,-166.66,7.13,0.44,3.43,21.44,-11.71,0,5.16,0,0,0,rocket,
664,8.15,9,-19.62,250.13,228.95,-250.14,8.67,0.04,3.09,-2.44,-20.19,0,5.16,0,0,0,rocket,
665,9.85,6.88,-19.62,250.13,171.18,-229.47,8.31,-1.15,3.46,-10.36,-16.05,0,5.16,0,0,0,rocket,
666,0.78,19.62,-6.84,250.13,-250.14,-0.6,9.71,-0.95,2.51,-16.46,10.34,0,5.15,0,0,0,rocket,
667,16.04,19.62,7.39,250.13,-250.14,-199.47,9.89,-0.84,2.61,-20.21,19.75,0,5.15,0,0,0,rocket,
668,14.78,4.48,6.52,-250.14,239.43,36.25,7.44,-0.43,3.03,18.76,-1.34,0,5.15,0,0,0,rocket,59
669,12.4,2.13,7.18,-250.14,182.86,79.43,7.91,-0.73,3.07,25.92,7.6,0,5.12,0,0,0,rocket,59
670,9.58,-0.58,2.26,-250.14,61.51,177.07,10.77,-3.31,4.05,20.21,-11.98,0,5.14,0,0,0,rocket,
671,5.9,-0.91,-0.74,-250.14,79.84,250.13,12.66,-3.5,2.21,10.08,14.18,0,5.14,0,0,0,rocket,
672,1.7,-2.53,-3.05,-250.14,124.34,250.13,13.09,-2.02,2.56,16.39,23.31,0,5.12,0,0,0,rocket,
673,0.35,-4.4,-4.98,-250.14,65.53,250.13,11.12,-0.7,2.46,33.35,36.05,0,5.16,0,0,0,rocket,
674,0.77,-5.58,-6.55,-250.14,17.67,238.95,9.88,1.1,3.14,19.92,16.63,0,5.15,0,0,0,rocket,
675,0.79,-2.76,-15.11,-250.14,250.13,58.61,7.91,0.43,3.44,28.33,6.47,0,5.16,0,0,0,rocket,
676,1.1,-1.49,-17.97,-250.14,250.13,23.43,8,0.75,3.83,33.37,9.81,0,5.14,0,0,0,rocket,
677,4.44,1.05,-19.62,-53.7,132.92,-183.76,7.57,1.31,3.88,32.76,1.31,0,5.13,0,0,0,rocket,
678,5.38,1.02,-18.49,119.69,-36.91,-124.95,7.22,1.18,3.2,31.17,1.72,0,5.16,0,0,0,rocket,
679,11.95,6.89,-19.62,250.13,250.13,31.21,4.58,1,2.19,31.55,11.78,0,5.15,0,0,0,rocket,
680,4.83,5.45,-11.91,250.13,-250.14,-9.8,4.04,1.2,1.58,28.82,16.08,0,5.15,0,0,0,rocket,
681,7.35,8.84,-9.78,250.13,-14.82,97.34,3.75,1.88,2.72,31.93,1.87,0,5.1,0,0,0,rocket,
682,3.34,8.72,-9.37,250.13,-245.36,-30.99,7.25,0.94,2.95,58.63,-16.43,0,5.13,0,0,0,rocket,
683,5.42,6.62,-3.2,250.13,-250.14,49.02,14.32,1.6,3.41,23.06,-35.95,0,5.15,0,0,0,rocket,
684,19.62,12.77,7.71,250.13,-250.14,-129.02,11.7,-1.25,4.49,-9.08,14.27,0,5.16,0,0,0,rocket,
685,19.62,14.2,12.89,250.13,-99.1,-175.12,9.45,-2.71,4.27,6.31,-11.18,0,5.14,0,0,0,rocket,
686,-0.41,4.98,2.53,-228.93,-240.73,123.99,8.59,2.12,2.67,18.46,22.46,0,5.15,0,0,0,rocket,
687,11.34,-7.42,-0.54,-173.64,42.83,14.44,8.07,1.84,2.54,19.33,18.35,0,5.13,0,0,0,rocket,
688,8.31,-0.29,-3.93,-157.98,-85.27,-44.11,7.16,1.33,2.33,15.95,8.74,0,5.14,0,0,0,rocket,
689,6.96,-5.16,3.98,4.18,20.01,-81.47,6.51,0.46,2.41,10.47,3.4,0,5.14,0,0,0,rocket,
690,7.09,-1.56,-2.17,-30.63,-46.1,-63.11,6.56,-0.01,3.06,2.79,-0.99,0,5.16,0,0,0,rocket,
691,8.61,-2.45,1.51,77.08,34.77,-38.15,7.02,-0.25,2.91,-6.69,0.02,0,5.14,0,0,0,rocket,
692,9.43,-1.49,1.63,97.03,78.01,-25.39,7.7,-0.08,2.88,-11.79,-4.7,0,5.11,0,0,0,rocket,
693,8.15,-0.17,1.05,11.45,15.66,-1.53,8.42,0.21,3.38,-16.1,-8.24,0,5.15,0,0,0,rocket,
694,4.38,-1.33,0.28,98.24,-250.14,-29.69,10.87,1.08,4.09,-29.94,-15.91,0,5.16,0,0,0,rocket,
695,6.84,-3.22,2.2,-56.5,171.89,65.82,11.11,0.97,4.06,-32.78,-5.3,0,5.14,0,0,0,rocket,
696,5.88,-1.83,5.64,-32.3,-46.97,84.46,9.18,1.41,4.54,-34.38,-13.51,0,5.15,0,0,0,rocket,
697,7.27,2.64,6.79,-103.15,-185.96,74.85,9.02,1.35,3.84,-45.04,5.63,0,5.15,0,0,0,rocket,
698,4.3,7.16,4.73,-250.14,180.65,-76.77,9.26,1.37,3.32,-35.34,0.89,0,5.15,0,0,0,rocket,
699,2.24,7.39,2.39,-250.14,213.98,-134.02,8.75,1.31,2.81,-26.83,-2.18,0,5.12,0,0,0,rocket,
700,-0.2,5.74,-6.8,-250.14,197.09,-250.14,8.66,1.37,2.45,-8.34,-8.88,0,5.15,0,0,0,rocket,
701,2.66,4.94,-8.6,-250.14,197.74,-250.14,8.64,0.71,2.36,-4.57,-18.03,0,5.15,0,0,0,rocket,
702,13.73,4.42,-10.71,-19.67,184.8,-250.14,8.87,-1.45,3.66,-4.91,-30.15,0,5.15,0,0,0,rocket,
703,12.71,4.61,-11.22,83.23,169.24,-250.14,8.94,-1.96,2.71,-4.88,-32.24,0,5.12,0,0,0,rocket,
704,19.62,7.48,-19.62,-250.14,67.79,250.13,8.67,-0.73,1.5,1.63,-21.14,0,5.15,0,0,0,rocket,
705,0.46,7.71,-3.57,250.13,236.43,-213.7,8.37,-0.15,2.49,5.96,-31.96,0,5.11,0,0,0,rocket,
706,19.62,7.02,10.18,-250.14,203.93,98.53,9.42,-6.77,-0.54,-55.4,-2.87,0,5.15,0,0,0,rocket,
707,19.62,9.77,6.58,-124.56,130,132.24,8.55,-3.34,2.1,-58.54,27.82,0,5.15,0,0,0,rocket,
708,19.62,11.04,3.43,-250.14,46.3,236.19,8.7,-3.4,1.91,-72.63,18.82,0,5.15,0,0,0,rocket,
709,19.62,11.8,1.13,-250.14,63.23,250.13,8.48,-2.62,2.72,-81.94,22.78,0,5.15,0,0,0,rocket,
710,19.62,9.17,2.11,-147.73,250.13,250.13,8.36,-1.96,2.69,-93.09,25.01,0,5.14,0,0,0,rocket,
711,18.31,11.74,-0.79,-165.88,223.43,237.31,9.13,-2.23,3.33,-103.36,25.92,0,5.14,0,0,0,rocket,
712,19.62,10.71,0.48,108.73,250.13,119.53,9.23,-1.08,3.28,-104.23,31.29,0,5.1,0,0,0,rocket,
713,11.8,10.11,-2.37,-68.18,250.13,250.13,9.4,-1.34,2.67,-99.24,9.34,0,5.15,0,0,0,rocket,
714,9.45,6.15,1.64,-149.89,250.13,206.4,9.28,-0.01,3.8,-76.98,13.37,0,5.15,0,0,0,rocket,
715,6.62,5.85,2.46,-171.53,250.13,175.51,9.46,0.52,3.24,-68.76,14.05,0,5.15,0,0,0,rocket,
716,2.51,4.52,5.16,-249.14,250.13,149.79,8.64,0.59,3.28,-49.11,16.95,0,5.15,0,0,0,rocket,
717,-0.03,2.8,7.23,-212.18,250.13,141.37,8.97,0.68,3.1,-35.81,6.5,0,5.13,0,0,0,rocket,
718,-3.75,5.21,5.81,-212.38,250.13,-8.55,8.89,0.74,3.06,-0.95,10.79,0,5.15,0,0,0,rocket,
719,-5.29,5.09,5.39,-240.93,224.56,-49.85,8.58,0.45,2.52,7.01,13.05,0,5.09,0,0,0,rocket,
720,-3.17,6.65,6.22,-140.31,187.47,-207.92,8.93,0.05,2.86,25.26,3.64,0,5.15,0,0,0,rocket,
721,1.17,8.92,7.07,-167.5,238.2,-250.14,9.39,0.52,2.96,30.78,-2.24,0,5.15,0,0,0,rocket,
722,5.65,10.92,4.29,-173.61,250.13,-250.14,9.4,0.69,3.39,46.11,1.54,0,5.15,0,0,0,rocket,
723,9.53,12.77,2.54,-113.03,242.38,-250.14,9.16,0.98,3.83,56.56,0.47,0,5.13,0,0,0,rocket,
724,19.62,-5.31,-14.52,-237.24,250.13,-250.14,8.49,-1.18,2.79,34.51,-6.98,0,5.15,0,0,0,rocket,
725,19.62,-9.96,-14.39,-103.62,149.59,-126.11,8.25,-1.99,3.18,13.27,-8.71,0,5.15,0,0,0,rocket,
726,17.03,-3.72,-2.74,-194.61,193,-250.14,8.77,-2,2.56,-42.05,-3.39,0,5.15,0,0,0,rocket,
727,16.37,-13.52,-7.97,-250.14,250.13,-228.94,9.16,-0.96,3.12,-45.52,-3.68,0,5.16,0,0,0,rocket,
728,7.82,-9.3,-14,-24.32,175.67,107.68,9.28,1.66,3.36,-35.74,0.27,0,5.15,0,0,0,rocket,
729,4.81,-3.66,-1.57,250.13,146.88,125.02,8.65,1.35,3.31,-31.66,4.38,0,5.14,0,0,0,rocket,
730,2.01,-3.47,-6.41,21.08,-250.14,-55.97,9.03,-0.28,3.23,-15.4,2.15,0,5.15,0,0,0,rocket,
731,2.52,-1.79,0.17,21.54,-165.95,-37.68,9.14,-0.48,3.4,-14.81,2.64,0,5.15,0,0,0,rocket,
732,2.92,-2.39,0.11,133.96,35.78,35.65,9.2,-0.32,3.23,-11.07,1.79,0,5.08,0,0,0,rocket,
733,2.03,1.17,-1.68,246.44,-63.7,97.02,9.44,-0.02,3.35,-4.74,-1.39,0,5.14,0,0,0,rocket,
734,1.2,2.57,-2.19,194.08,-203.81,68.22,9.66,0.67,3.51,-0.27,-3.67,0,5.14,0,0,0,rocket,
735,2.69,3.24,-0.81,206.85,-64.42,7.73,8.74,0.46,3.38,2.22,-8.9,0,5.14,0,0,0,rocket,
736,2.5,1.36,0.05,224.85,-35.45,-0.37,9.11,0.63,3.43,6.88,-10.47,0,5.15,0,0,0,rocket,
737,4.16,2.07,0.35,201.95,14.47,-58.69,8.8,1.04,3.07,13.9,-13.4,0,5.15,0,0,0,rocket,
738,4.29,-0.93,3.01,181.72,12.56,-75.34,9.31,1.07,2.71,17.08,-11.4,0,5.14,0,0,0,rocket,
739,4.49,0.01,3.14,231.59,-44.22,-115.47,9.4,0.61,2.51,19.01,-15.19,0,5.16,0,0,0,rocket,
740,6.02,0.11,6.22,195.17,-123.59,-136.08,8.85,0.53,2.38,18.58,-19.02,0,5.15,0,0,0,rocket,
741,9.87,1.93,8.67,129.18,-52.28,-184.1,8.43,0.41,3.69,21.75,-4.52,0,5.16,0,0,0,rocket,
742,11.98,3.77,9.99,185.24,-121.36,-151.62,8.96,0.35,2.24,18.83,-1.62,0,5.14,0,0,0,rocket,
743,13.95,6.07,10.31,136.65,-1.19,-168.85,8.88,0.34,2.27,17.95,8.5,0,5.15,0,0,0,rocket,
744,14.1,7.21,10.67,171.76,-11.37,-133.96,9.13,0.23,2.85,18.44,8.89,0,5.15,0,0,0,rocket,
745,15.08,8.87,9.57,148.64,-53.23,-108.7,9.13,0.13,2.97,23.65,11.01,0,5.12,0,0,0,rocket,
746,15.02,8.96,9.47,115.61,-53.71,-128.6,9.26,0.12,2.76,24.93,13.82,0,5.16,0,0,0,rocket,
747,13.87,8.96,8.19,106.93,-53.78,-66.49,8.63,-0.04,2.57,34.14,8.22,0,5.15,0,0,0,rocket,
748,12.48,8.51,6.97,80.98,-49.51,-69.4,8.32,0.07,2.41,41.1,9.81,0,5.15,0,0,0,rocket,
749,11.04,7.93,4.66,74.77,-63.17,-37.71,8.77,0.09,3.07,48.34,16.61,0,5.15,0,0,0,rocket,
750,10.75,7.78,4.75,115.92,-64.53,-15.48,8.79,-0.07,2.84,51.02,19.58,0,5.13,0,0,0,rocket,
751,9.55,9.43,2.6,101.94,-25.24,-65.05,8.07,-0.12,4.24,55.2,32.2,0,5.15,0,0,0,rocket,
752,8.96,9.51,0.53,45.76,-68.16,-85.01,8.71,0.06,3.05,62.56,-3.13,0,5.14,0,0,0,rocket,
753,9.55,10.34,-0.29,-226.69,21.62,-152.76,8.69,-1.43,4.5,51.04,16.6,0,5.15,0,0,0,rocket,
754,7.49,8.12,2.83,-52.75,-146.4,9.12,8.91,-1.33,4.1,47.73,8.79,0,5.15,0,0,0,rocket,62
755,6.54,8.01,1.03,-220.95,-250.14,102.4,8.91,-2.08,4.1,33.02,4.84,0,5.11,0,0,0,rocket,
756,8.78,6.88,2.23,-46.78,-29.92,49.53,9.15,-1.9,4.25,23.1,2.31,0,5.16,0,0,0,rocket,
757,7.41,7.93,0.97,69.36,45.38,-19.32,9.04,-1.75,4.19,-18.8,3.66,0,5.13,0,0,0,rocket,
758,6.51,7.96,-0.88,50.63,-3.66,-32.91,8.28,-1.7,4.5,-24.79,-8.18,0,5.15,0,0,0,rocket,
759,6.01,7.8,-1.22,39.34,57.37,-53.54,8.55,-0.58,1.03,-2.66,-5.77,0,5.14,0,0,0,rocket,
760,5.3,7.86,-1.33,33.73,39.51,-25.15,8.15,0.68,2,9.21,-3.29,0,5.15,0,0,0,rocket,
761,6.43,7.89,-2.46,-30.4,-32.61,-10.38,8.65,1.34,2.15,50.61,4.35,0,5.15,0,0,0,rocket,
762,7.07,6.36,-2.29,-23.06,-25.65,-18.46,9.16,0.33,4.07,48.5,-3.89,0,5.14,0,0,0,rocket,
763,7.67,5.73,-1.46,6.91,-6.44,-15.05,9.91,-0.04,2.99,55.44,-10.02,0,5.09,0,0,0,rocket,
764,8.25,5.68,-0.96,34.56,15.34,-20.53,9.3,-2.26,2.56,45.08,-10.97,0,5.12,0,0,0,rocket,
765,8.61,5.93,-0.08,45.97,32.66,-28.8,8.9,-3.05,3.14,33.76,-6.44,0,5.16,0,0,0,rocket,
766,9.97,7.45,1.86,48.33,52.01,22.49,8.59,-1.75,2.47,4.66,-0.82,0,5.15,0,0,0,rocket,
767,8.42,7.64,0.2,26.49,52.79,17.53,8.87,-0.75,3.32,2.54,0.62,0,5.15,0,0,0,rocket,
768,5.24,8.24,-2.29,0.8,52.96,0.63,9.1,-0.24,3.16,-2.43,2.99,0,5.16,0,0,0,rocket,
769,5.25,8.1,-2.57,-19.56,23.79,8.76,8.79,-0.08,3.34,3.71,-4.11,0,5.1,0,0,0,rocket,
770,4.21,7.6,-2.65,-30.4,-7.64,18.73,9.01,-0.85,3.24,-3.06,-3.21,0,5.15,0,0,0,rocket,
771,4.28,7.4,-2.48,-17.17,-5.49,17.95,8.86,-1.06,3.22,-2.77,5.34,0,5.16,0,0,0,rocket,
772,5.92,8.18,-1.78,52.55,89.37,-15.14,8.74,-1.36,3.24,-2.53,-13.8,0,5.15,0,0,0,rocket,
773,7.76,7.7,-0.82,59.8,134.65,-29.65,8.99,-1.29,3.05,-3.15,-11.66,0,5.12,0,0,0,rocket,
774,13.92,5.45,12.56,132.4,145.07,17.25,8.98,-2.61,2.56,-26.73,-12.77,0,5.14,0,0,0,rocket,
775,18.22,7.95,11.13,158.76,211.25,75.02,8.95,-2.69,2.59,-25.74,-14.45,0,5.15,0,0,0,rocket,
776,19.62,12.3,7.72,14.44,234.32,154.18,8.31,-3.17,3.78,-44.09,-14.05,0,5.16,0,0,0,rocket,
777,18.64,12.27,9.02,-108.84,181.55,161.29,8.66,-3.09,2.74,-48.27,-7.35,0,5.16,0,0,0,rocket,
778,19.62,10.04,7.07,-211.44,40.94,244.5,8.21,-1.56,3.05,-66.85,3.86,0,5.15,0,0,0,rocket,
779,19.62,9.93,6.43,-201.56,76.31,198.51,8.61,-1.05,2.56,-72.95,5.77,0,5.16,0,0,0,rocket,
780,12.84,8.86,4.84,-83.83,250.13,250.13,8.85,-0.11,2.98,-69.38,16.35,0,5.16,0,0,0,rocket,
781,12.78,9.43,3.79,-110.01,213.56,238.23,7.93,-0.33,4.29,-67.07,14.17,0,5.16,0,0,0,rocket,
782,10.78,7.4,4.44,-155.21,181.56,182.98,8.56,-0.53,3.76,-69.27,9.98,0,5.15,0,0,0,rocket,
783,8.98,6.18,6.15,-186.77,199.58,153.78,9.19,-0.06,3.02,-66.03,9.91,0,5.15,0,0,0,rocket,
784,7.16,4.72,6.33,-158.02,236.82,103.79,8.87,0.49,3.82,-58.28,4.21,0,5.15,0,0,0,rocket,
785,3.68,3.91,6.61,-167.57,137.18,100.24,8.27,0.7,3.71,-50.69,-1.55,0,5.16,0,0,0,rocket,
786,4.36,2.83,6.7,-181.63,123.62,63.94,8.74,1.25,2.96,-40.08,-3.17,0,5.15,0,0,0,rocket,
787,3.88,2.64,6.74,-180.98,122.38,42.82,9.64,0.9,3.56,-35.66,-0.9,0,5.15,0,0,0,rocket,
788,2.05,2.33,7.73,-161.01,141.51,26.34,9.74,0.39,3.58,-29.21,-0.81,0,5.1,0,0,0,rocket,
789,0.43,2.41,7.98,-164.11,113.92,29.53,9.64,-0.02,3.23,-22.76,-4.62,0,5.15,0,0,0,rocket,
790,-2.3,1.51,9.49,-188.7,203.15,-65.49,8.68,0.29,2.97,-3.24,0.87,0,5.15,0,0,0,rocket,
791,-1.53,4.08,9.29,-198.25,230.05,-125.72,8.87,0.26,2.6,1.64,4,0,5.12,0,0,0,rocket,
792,-2.43,7.31,7.96,-238.79,250.13,-250.14,9.22,0.29,2.59,11.02,-2.43,0,5.15,0,0,0,rocket,
793,2.31,9.81,4.18,-250.14,170.98,-250.14,9.42,0.51,2.88,16.71,4.9,0,5.16,0,0,0,rocket,
794,18.43,11.12,-10.93,-250.14,152.47,-250.14,9.16,0.32,3.18,30.79,1.56,0,5.15,0,0,0,rocket,
795,19.62,0.67,-12.57,-250.14,204.07,-250.14,8.93,-0.41,2.75,24.25,-1.09,0,5.16,0,0,0,rocket,
796,19.62,-5.3,-13.03,-26.09,100.61,-33.15,8.71,-3.69,2.21,-27,-1.71,0,5.13,0,0,0,rocket,
797,17.56,-3.2,-7.67,-59.29,44.56,-36.77,9.05,-1.89,2.32,-31.82,3.38,0,5.14,0,0,0,rocket,
798,11.16,-10.02,-3,27.05,-100.95,46.37,9.61,-0.19,3.52,-40.5,9.79,0,5.15,0,0,0,rocket,
799,9.99,-7.03,2.81,143.7,206.98,128.21,9.14,0.75,3.04,-40.95,3.36,0,5.15,0,0,0,cowboy,
800,6.85,-6.65,2.2,94.08,131.52,106.43,9.43,0.97,3.38,-33.07,4.1,0,5.15,0,0,0,cowboy,
801,3.25,-5.77,2.71,56.2,83.18,63.23,9.28,0.58,3.04,-19.1,-0.15,0,5.12,0,0,0,cowboy,
802,3.86,-6.28,2.26,-15.15,-54.76,2.08,9.4,-0.05,2.78,-14.59,-6.81,0,5.15,0,0,0,cowboy,
803,3.3,-3.71,1.04,58.2,-49.74,35.37,9.23,-0.59,3.01,-14.31,-3.78,0,5.16,0,0,0,cowboy,
804,1.92,-1.19,-0.1,34.15,-66.55,18.44,9.09,-0.46,3.05,-15,-2.37,0,5.15,0,0,0,cowboy,
805,2.55,-0.82,-1.31,187.63,-188.78,67.95,8.78,-0.15,2.95,-18.08,-2.29,0,5.16,0,0,0,cowboy,
806,2.48,1.14,-1.72,235.92,-156.08,61.92,8.87,-0.18,2.83,-17.66,-3.59,0,5.14,0,0,0,cowboy,
807,2.26,1.88,-2.14,239.87,-82.79,18.59,9.1,-0.19,2.98,-18.37,-4.26,0,5.14,0,0,0,cowboy,
808,2.73,1.34,-1.88,239.69,-33.5,-18.17,9.27,-0.12,2.82,-19.86,-2.04,0,5.16,0,0,0,cowboy,
809,3.86,0.48,-0.34,114.2,56.21,-67.31,9.33,0.3,2.98,-21,-20.45,0,5.17,0,0,0,cowboy,
810,3.42,-1.15,2.96,200.5,-70.78,-58.58,9.1,0.44,2.57,-22.73,-18.18,0,5.16,0,0,0,cowboy,
811,5.07,0.39,5.04,250.13,83.85,-118.81,8.8,0.57,2.15,-15.09,-10.76,0,5.16,0,0,0,cowboy,
812,5.48,0.3,4.41,250.13,59.82,-129.4,8.78,0.98,2.68,-5.66,-14.11,0,5.16,0,0,0,cowboy,
813,9.72,4.23,9.02,154.7,-171.39,-94.17,9.19,0.87,1.72,0.68,-5.73,0,5.17,0,0,0,cowboy,
814,12.13,4.38,9.97,208.86,-50.35,-181.47,9.29,1.28,2.34,5.53,-2.01,0,5.17,0,0,0,cowboy,
815,13.69,7.9,10.69,183.66,-53.4,-93.82,9.13,0.61,2.31,23.19,0.59,0,5.15,0,0,0,cowboy,
816,13.77,8.13,9.77,156.14,-35.4,-111.91,9.01,0.73,2.41,26.19,10.27,0,5.15,0,0,0,cowboy,
817,13.86,7.48,7.02,179.5,-85.27,-56.76,8.86,0.12,1.6,30.67,8.81,0,5.14,0,0,0,cowboy,
818,12.89,7.8,7.47,136.25,-91.74,-76.04,9.05,-0.1,2.64,34.95,13.78,0,5.16,0,0,0,cowboy,
819,13.48,9.11,6.96,116.02,-62.6,-117.71,8.7,-0.38,2.76,48.45,16.56,0,5.17,0,0,0,cowboy,
820,11.89,8.38,6.38,87.98,-13.49,-126.85,8.97,-0.43,2.46,42.39,15.21,0,5.15,0,0,0,cowboy,
821,11.19,9.64,5.93,92.79,-73.4,-63.95,8.8,-0.54,3.54,41.77,18.44,0,5.17,0,0,0,cowboy,
822,10.85,10.16,4.63,62.29,-68.5,-78.19,8.89,-0.71,3.1,42.02,21.74,0,5.17,0,0,0,cowboy,
823,10.37,8.68,3.94,117.98,18.08,-56.12,8.8,-0.68,3.53,39.46,20.91,0,5.13,0,0,0,cowboy,
824,16.23,9.37,3.54,131.21,87.29,-182.68,8.72,-0.61,3.22,38.88,21.76,0,5.16,0,0,0,cowboy,
825,8.7,9.2,2.5,84.37,-4.18,-24.95,8.79,-0.9,3.65,36.48,13.34,0,5.16,0,0,0,cowboy,
826,7.57,9.38,3.19,132.95,59.99,-23.76,8.84,-0.97,3.84,32.68,14.81,0,5.16,0,0,0,cowboy,
827,7.24,9.71,3.27,34.11,-29.76,-0.76,8.91,-1.55,3.72,24.31,4.72,0,5.14,0,0,0,cowboy,
828,5.11,8.34,4.46,29.79,10.66,0.12,8.26,-0.95,3.84,-12.2,-12.7,0,5.14,0,0,0,cowboy,
829,6.25,8.45,5.02,2.48,-62.19,24.18,9.24,-0.91,2.3,-7.33,-2.81,0,5.13,0,0,0,cowboy,
830,7.65,6.67,2.24,-4.62,52.05,-38.79,8.36,-1.23,3.22,-10,-3.16,0,5.13,0,0,0,cowboy,
831,8.15,6.27,1.32,18.88,77.31,-24.42,9.17,-1.43,2.22,-11.2,2.57,0,5.16,0,0,0,cowboy,
832,10.23,6.59,0.67,41.52,96.79,17.37,9.65,-1.58,2.56,-12.5,5.85,0,5.12,0,0,0,cowboy,
833,12.65,6.95,0.91,48.32,89.02,52.99,8.97,-1.33,2.71,-13.96,1.99,0,5.15,0,0,0,cowboy,
834,13.67,6.66,3.46,16.56,118.7,69.75,8.68,-1.45,3.23,-20.02,-0.49,0,5.14,0,0,0,cowboy,
835,15.74,10.21,7.02,128.38,250.13,146.67,9.18,-1.36,2.88,-32.64,2.98,0,5.15,0,0,0,cowboy,
836,15.34,10.65,10.49,60.82,183.66,168.47,9.24,-1.16,2.68,-32.66,2.53,0,5.15,0,0,0,cowboy,
837,13.02,11.98,12.63,-122.59,31.02,160.5,8.79,-0.73,2.97,-41.75,5.61,0,5.15,0,0,0,cowboy,
838,8.76,10.78,11.67,-250.14,-192.38,250.13,8.82,-0.85,2.79,-40.95,3.78,0,5.16,0,0,0,cowboy,
839,14.23,8.35,7.07,-43.51,9.88,219.98,8.74,-0.87,2.93,-33.85,7.72,0,5.15,0,0,0,cowboy,
840,13.64,9.07,6.63,-92.31,51.44,211.82,8.78,-0.88,3.11,-36.71,8.65,0,5.15,0,0,0,cowboy,
841,9.48,7.73,5.14,-96.21,222.53,170.09,9.47,0.01,2.69,-22.21,12.38,0,5.16,0,0,0,cowboy,
842,9.08,7.23,5.33,-117.96,201.63,124.2,9.33,0.18,3.08,-19.54,14.79,0,5.15,0,0,0,cowboy,
843,7.66,3.88,5.49,-132.69,119.08,132.72,9,0.08,3.33,-12.69,8.74,0,5.15,0,0,0,cowboy,
844,8.7,3.45,5.94,-112.02,105.31,127.03,9.26,0.09,3.18,-13.27,12.33,0,5.15,0,0,0,cowboy,
845,1.12,2.22,7.62,-198.37,166.89,113.96,9.34,-0.85,3.17,0.46,8.14,0,5.15,0,0,0,cowboy,
846,1.02,-4.16,11.76,-149.5,93.4,162.79,8.85,-0.13,3.29,0.44,5.35,0,5.15,0,0,0,cowboy,
847,3.89,2.82,6.11,-149.37,85.34,78.05,8.53,0.36,3.51,13.31,0.57,0,5.16,0,0,0,cowboy,
848,2.17,2.31,6.67,-149.92,80.4,74.53,8.15,-1.45,1.86,8.66,11.88,0,5.16,0,0,0,cowboy,
849,1.53,2.66,6.59,-162.03,108.95,31.24,8.6,0,3.21,16.6,0.97,0,5.13,0,0,0,cowboy,
850,-1.11,0.74,8.45,-177.82,10.44,54.25,8.31,-0.18,3.48,16.58,16.31,0,5.16,0,0,0,cowboy,
851,-5.86,2.6,9.34,-224.68,131.83,-76.57,8.9,-0.14,2.85,28.6,6.69,0,5.16,0,0,0,cowboy,
852,-7.99,4.88,8.03,-236.15,149.92,-147.3,8.91,0.15,3.28,35.53,1.95,0,5.16,0,0,0,cowboy,
853,-1.28,8.17,1.33,-204.27,112.38,-250.14,9.09,0.93,3.77,54.85,-7.86,0,5.16,0,0,0,cowboy,
854,4.9,8.78,-1.55,-241.22,38.43,-250.14,9.9,1.33,3.35,68.67,-15.86,0,5.15,0,0,0,cowboy,
855,17.21,2.44,-19.13,-239.52,172.31,-250.14,8.97,0.72,3.09,66.71,-22.71,0,5.16,0,0,0,cowboy,
856,19.62,-1.19,-15.86,-180.82,133.75,-100.78,7.94,-1.04,2.73,62.86,-36.39,0,5.14,0,0,0,cowboy,
857,13.56,-0.26,-8.45,150.24,-14.17,89.81,7.99,-2.53,1.61,-3.43,9.04,0,5.16,0,0,0,cowboy,
858,12.11,-1.43,-6.64,125.02,-92.95,63.98,8.93,-2.25,2.67,14.33,5.7,0,5.16,0,0,0,cowboy,
859,14.45,-4.63,-2.5,183.22,-250.14,67.84,11.02,0.65,3.82,-2.78,-10.4,0,5.09,0,0,0,cowboy,
860,13.4,-4.45,-0.67,171.8,-250.14,87.82,10.9,1.21,3.77,-0.6,-2.29,0,5.16,0,0,0,cowboy,
861,16.82,-12.83,9.45,48.58,-250.14,30.4,8.77,2.99,5.94,31.57,-22.98,0,5.16,0,0,0,cowboy,
862,14.16,-12.47,8.15,33.81,-250.14,103.09,9.03,3.14,4.21,33.79,-29.82,0,5.16,0,0,0,cowboy,
863,11.81,-11.03,7.13,-51.81,-250.14,158.61,8.82,4.48,4.02,89.87,-4.79,0,5.15,0,0,0,cowboy,
864,8.12,-11.06,5.77,-133.61,-250.14,160.39,8.38,4,3.62,91.24,-21.09,0,5.13,0,0,0,cowboy,
865,-14.18,-11.15,-5.37,-250.14,-250.14,175.12,4.88,3.35,0.33,143.69,-16.37,0,5.16,0,0,0,cowboy,
866,-17.77,-4.85,-10.92,-250.14,-175.15,158.17,3.18,3.53,0.06,152.5,-23.34,0,5.15,0,0,0,cowboy,
867,-19.62,18.99,-19.62,-223.27,-23.09,165.11,1.83,4.37,-0.17,162.05,-26.95,0,5.16,0,0,0,cowboy,
868,-15.75,19.62,-19.62,-250.14,208.89,-250.14,2.2,5.22,1.19,182.78,-28.09,0,5.12,0,0,0,cowboy,
869,5.82,12.78,-19.62,34.19,239.83,-250.14,4.56,5.88,2.95,207.18,-1.82,0,5.16,0,0,0,cowboy,
870,19.62,19.62,-19.62,250.13,250.13,-250.14,19.62,-0.22,7.76,216.63,-17.17,0,5.18,0,0,0,cowboy,
871,18.85,19.62,-13.5,250.13,250.13,-96.79,19.62,-3.76,6.98,216.89,15.62,0,5.17,0,0,0,cowboy,
872,19.62,18.86,18.45,250.13,-250.14,235.61,11.59,-0.12,4.73,215.34,76.84,0,5.16,0,0,0,cowboy,
873,19.62,19.62,19.62,250.13,250.13,250.13,11.28,-2.14,3.31,206.85,74.45,0,5.16,0,0,0,cowboy,
874,-6.2,5.58,19.62,-124.18,-250.14,250.13,6.38,-2.2,4.16,205.28,66.25,0,5.17,0,0,0,cowboy,
875,-2.13,2.26,19.62,-145.36,-250.14,250.13,5.2,-2.19,4.04,207.25,61.01,0,5.17,0,0,0,cowboy,
876,-6.88,9.13,13.76,-250.14,-190.93,250.13,3.34,-0.95,4.33,182.05,16.02,0,5.17,0,0,0,cowboy,
877,-11.53,9.79,7.71,-250.14,-109.22,250.13,2.63,-2.57,0.86,181.84,-16.6,0,5.15,0,0,0,cowboy,
878,-19.62,19.62,-13.51,-250.14,-26.43,250.13,-0.91,1.07,1.22,203.14,-24.44,0,5.17,0,0,0,cowboy,
879,-19.62,19.62,-19.62,-250.14,-69.96,53.37,-0.83,2.75,1.64,215.1,-25.65,0,5.17,0,0,0,cowboy,
880,-19.62,10.8,-19.62,-29.35,-111.12,-250.14,4.64,3.81,0.98,250.13,8.36,0,5.15,0,0,0,cowboy,
881,0.06,14.54,-19.62,250.13,-22.55,-250.14,8.26,8.23,6.31,250.13,-11.86,0,5.16,0,0,0,cowboy,
882,13.2,19.62,-19.62,250.13,181.16,-250.14,16.99,3.56,10.92,221.53,-27.92,0,5.16,0,0,0,cowboy,
883,19.62,16.17,-19.62,250.13,250.13,-250.14,19.62,5.79,13.78,250.13,-56.83,0,5.16,0,0,0,cowboy,
884,19.62,4.4,-17.32,250.13,250.13,-250.14,19.62,-0.17,15.66,250.13,29.33,0,5.16,0,0,0,cowboy,
885,19.62,5.71,19.62,250.13,250.13,242.04,9.02,3.14,6.88,176.47,39.4,0,5.16,0,0,0,cowboy,
886,19.62,-3.37,13.02,250.13,250.13,250.13,8.75,3.28,4.89,164.3,26.29,0,5.14,0,0,0,cowboy,
887,9.32,9.93,19.62,250.13,143.7,250.13,8.16,2.97,4.71,128.75,15.92,0,5.16,0,0,0,cowboy,
888,-6.3,11.25,19.62,250.13,211.77,250.13,7.09,0.56,4.12,131.58,-2.55,0,5.15,0,0,0,cowboy,
889,-3.88,6.62,17.55,-250.14,-250.14,250.13,1.36,-0.99,0.29,114.43,34.54,0,5.16,0,0,0,cowboy,
890,-4.05,14.73,11.65,-250.14,-250.14,250.13,0.69,0.21,-0.9,149.44,-16.15,0,5.15,0,0,0,cowboy,
891,-10,13.44,6.53,-250.14,-230.18,250.13,-0.11,0.57,0.36,139.63,-8.13,0,5.11,0,0,0,cowboy,
892,-15.64,16.08,0.38,-250.14,-171.39,250.13,-2.89,2.66,0.54,159.7,-21.79,0,5.16,0,0,0,cowboy,
893,-19.62,14.38,-19.62,-250.14,239.66,-250.14,-0.28,2.79,0.43,213.69,-14.64,0,5.2,0,0,0,cowboy,
894,-12.95,-14.36,-19.62,-162.95,250.13,-250.14,2.57,2.73,3.85,250.13,-27.67,0,5.16,0,0,0,cowboy,
895,-19.62,-6.25,-19.62,250.13,-75.61,167.45,12.7,1.8,9.64,202.25,-8.53,0,5.22,0,0,0,cowboy,
896,-1.87,19.62,-19.62,250.13,-250.14,-132.1,19.62,-1.2,11.57,197.08,-14.01,0,5.28,0,0,0,cowboy,
897,19.62,19.62,-5.55,250.13,250.13,-250.14,18.44,0.19,7.87,148.46,156.46,0,5.2,0,0,0,cowboy,
898,19.62,19.62,-19.62,250.13,-202.08,-250.14,9.56,-0.99,7.68,172.5,180.29,0,5.21,0,0,0,cowboy,
899,16.83,-4.11,19.62,250.13,216.13,250.13,9.28,-0.4,4.26,165.4,33.77,0,5.17,0,0,0,cowboy,
900,19.62,19.33,5.21,250.13,200.85,250.13,8.56,-0.85,5.46,162,48.1,0,5.19,0,0,0,cowboy,
901,-1.91,11.94,19.62,141.75,-143.17,250.13,0.51,0.23,3.94,170.76,62.86,0,5.19,0,0,0,cowboy,
902,-10.78,4.05,19.23,-35.82,-196.5,250.13,0.44,1.47,1.4,205.85,-36.43,0,5.18,0,0,0,cowboy,
903,-9.44,2.72,14.26,-243.83,-250.14,250.13,-1.7,1.76,0.37,157.5,-23.6,0,5.17,0,0,0,cowboy,
904,-9.41,4.44,9.08,-250.14,-185.05,250.13,-1.98,2.03,1.49,176.98,-25.46,0,5.16,0,0,0,cowboy,
905,-19.62,13.43,-0.48,-250.14,0.02,250.13,-1.73,3.47,-1.8,237.6,-50.25,0,5.14,0,0,0,cowboy,
906,-19.62,19.62,-8,-250.14,-60.08,233.2,1.36,3.35,-2.22,237.61,-43.6,0,5.16,0,0,0,cowboy,
907,-19.62,19.62,-19.62,-250.14,-108.98,69.19,4.69,1.86,-2.73,245.26,17.54,0,5.14,0,0,0,cowboy,
908,-19.62,19.62,-19.62,-250.14,1.63,-182.58,5.81,2.7,3.23,250.13,-24.11,0,5.17,0,0,0,cowboy,
909,-19.62,-3.84,-19.62,-250.14,241.77,-250.14,16.28,3.37,6.1,224.74,-73.93,0,5.15,0,0,0,cowboy,
910,19.62,19.32,-19.62,250.13,144.56,-250.14,19.62,-0.11,-1.12,29.64,5.16,0,5.16,0,0,0,cowboy,
911,19.62,19.62,-19.62,250.13,250.13,-250.14,16.04,-2.29,4.42,150.81,80.28,0,5.16,0,0,0,cowboy,
912,10.28,19.62,19.62,-250.14,-250.14,250.13,8.93,8.59,6.54,127.84,84.2,0,5.12,0,0,0,cowboy,
913,-9.82,-8.78,19.62,250.13,250.13,-250.14,7.84,8.6,5.25,103.14,28.69,0,5.15,0,0,0,cowboy,
914,5.24,15.33,10.63,250.13,250.13,250.13,2.97,1.82,0.16,83.83,-21.74,0,5.16,0,0,0,cowboy,
915,-11.48,4.42,17.39,210.08,-250.14,250.13,0.43,-1.1,-2.47,37.18,111.53,0,5.16,0,0,0,cowboy,
916,-2.48,-1.68,17.53,174.56,-250.14,216.73,-1.69,4.15,-0.42,109.47,70.27,0,5.12,0,0,0,cowboy,
917,6.34,-1.12,19.32,111.52,-250.14,156.58,-2.56,2.21,-0.09,132.01,-14.91,0,5.16,0,0,0,cowboy,
918,-19.62,1.89,15.26,-250.14,-94.71,250.13,-2.01,-0.96,-2.12,182.56,22.55,0,5.15,0,0,0,cowboy,
919,-13.69,-7.11,11.83,-250.14,209.8,178.37,-1.68,-0.34,-1.09,200.76,51.28,0,5.16,0,0,0,cowboy,
920,-19.62,4.25,-12.22,-250.14,-250.14,152.62,3.42,3.35,-3.42,249.02,-3.34,0,5.13,0,0,0,cowboy,
921,-19.62,11.19,-19.62,-250.14,-228.05,-47.93,8.23,5.88,3.75,250.13,21.17,0,5.17,0,0,0,cowboy,
922,-11.05,1.31,-19.62,-126.85,250.13,-250.14,19.62,15.12,13.05,239.02,52.7,0,5.16,0,0,0,cowboy,
923,5.87,19.62,-15.49,89.87,35.44,-250.14,19.62,5.26,10.93,206.42,65.79,0,5.16,0,0,0,cowboy,
924,19.62,4.85,-19.62,-152.11,250.13,-250.14,16.13,-3.13,4.94,210.1,58.45,0,5.16,0,0,0,cowboy,
925,19.62,1.4,-19.62,164.03,250.13,37.05,12.89,-2.33,5.44,187.19,61.11,0,5.16,0,0,0,cowboy,
926,19.62,-7.47,-19.26,250.13,-250.14,100.75,8.13,-0.52,2.61,164.73,57.36,0,5.15,0,0,0,cowboy,
927,19.62,19.62,10.71,250.13,236.21,250.13,7.48,-0.63,1.4,153.56,42.69,0,5.18,0,0,0,cowboy,
928,-13.65,8.21,19.62,3.69,-100.01,250.13,6.12,1.68,2.35,133.49,20.92,0,5.19,0,0,0,cowboy,
929,-17.23,6.17,15.14,-232.7,-86.79,250.13,5.09,-2.62,0.07,138.63,10.01,0,5.18,0,0,0,cowboy,
930,-17.73,10.86,15.94,-247.77,-250.14,250.13,0.1,0.24,-0.36,130.56,-31.37,0,5.18,0,0,0,cowboy,
931,-19.62,16.05,13.1,-250.14,-250.14,250.13,0.05,-1.12,-1.21,133.95,-6.47,0,5.15,0,0,0,cowboy,
932,-19.62,19.62,-8.79,-250.14,-191.27,250.13,-1.98,4.26,-4.28,173.73,48.37,0,5.18,0,0,0,cowboy,
933,-19.62,19.62,-19.23,-250.14,87.61,-4.81,-0.97,9.93,2.09,250.13,24.15,0,5.18,0,0,0,cowboy,
934,-11.86,19.62,-10.83,9.15,-40.5,-250.14,16.94,10.34,12.39,194.15,63.92,0,5.18,0,0,0,cowboy,
935,19.62,19.62,-5.88,250.13,250.13,-250.14,19.62,7.15,13.26,185.93,29.5,0,5.15,0,0,0,cowboy,
936,19.62,19.62,-19.62,-250.14,250.13,-250.14,19.62,3.97,11.84,165.18,-10.41,0,5.14,0,0,0,cowboy,
937,19.62,19.62,-19.62,-250.14,105.59,-203.85,19.62,2.51,9.67,157.76,76.72,0,5.16,0,0,0,cowboy,
938,19.62,-19.62,-4.33,-245.73,250.13,-124.02,16.18,3.32,8.84,159.53,105.21,0,5.18,0,0,0,cowboy,
939,19.62,19.57,2.24,250.13,250.13,250.13,11.1,6.71,4.56,148.98,5.33,0,5.17,0,0,0,cowboy,
940,6.29,19.62,19.62,250.13,-218.86,250.13,11.5,5.52,5.24,146.08,1.62,0,5.13,0,0,0,cowboy,
941,-6.03,-9.37,13.14,41.98,-250.14,16.96,6.5,2.11,2.6,108.29,-2.56,0,5.16,0,0,0,cowboy,
942,-2.2,-4.75,12.52,169.84,-250.14,212.83,4.46,0.23,0.54,105.63,41.56,0,5.11,0,0,0,cowboy,
943,-3.95,1.14,12.66,85.65,-250.14,250.13,0.95,1.02,-0.99,123.98,56.33,0,5.15,0,0,0,cowboy,
944,-3.89,5.86,13.42,-35.48,-250.14,250.13,0.25,3.16,-1.73,155.95,27.31,0,5.15,0,0,0,cowboy,
945,-19.62,5.55,8.93,-250.14,-250.14,250.13,-1.61,6.4,-1.79,212.37,60.31,0,5.15,0,0,0,cowboy,
946,-19.62,10.15,6,-250.14,-212,250.13,-2.39,5.96,-0.68,226.89,69.9,0,5.1,0,0,0,cowboy,
947,-19.62,12.18,-8.93,-250.14,-104.93,91.16,-1.79,5.71,1.57,239.8,88.04,0,5.16,0,0,0,cowboy,
948,-19.62,14.63,-19.51,-250.14,-250.14,13.15,1.55,4.96,2.76,250.13,77.46,0,5.13,0,0,0,cowboy,
949,-2.64,-2.08,-19.62,-208.38,250.13,-250.14,18.05,8.44,9.91,250.13,7.39,0,5.15,0,0,0,cowboy,
950,-0.98,19.62,-17.67,184.11,-50.08,-250.14,19.62,0.46,19.62,250.13,43.07,0,5.14,0,0,0,cowboy,
951,19.62,7.16,-19.62,-207.74,250.13,-145.18,14.6,-0.89,8.51,194.66,105.9,0,5.15,0,0,0,cowboy,
952,19.62,-8.11,-19.62,-16.34,250.13,-48.66,10.94,1.87,7.16,227.34,131.51,0,5.11,0,0,0,cowboy,
953,19.62,6.3,1.18,250.13,110.92,250.13,10.61,-0.16,5,237.74,77.47,0,5.13,0,0,0,cowboy,
954,19.62,19.62,4.37,250.13,-250.14,250.13,10.85,0.41,6.14,197.37,59.01,0,5.16,0,0,0,cowboy,
955,-19.62,7.81,16.41,-217.32,46.65,250.13,5.32,-0.32,4.17,197.39,52.63,0,5.17,0,0,0,cowboy,
956,-19.62,-3.48,10.6,-250.14,-250.14,250.13,3.04,-1.92,1.12,154.93,41.15,0,5.16,0,0,0,cowboy,
957,-9.61,-0.27,8.09,-184.31,-250.14,250.13,-0.6,1.4,-3.16,176.13,-24.69,0,5.18,0,0,0,cowboy,
958,-13.94,7.08,8.42,-250.14,-159.93,250.13,-2.32,1.18,-0.02,155.68,29.92,0,5.18,0,0,0,cowboy,
