1,1.71,9.73,0.89,-4.95,7.63,-1.12,9.51,0.3,1.62,-1.21,0.91,0,5.16,0,0,0,idle,
2,1.72,9.7,0.95,-5.49,9.22,-0.37,9.38,0.24,1.53,-1.72,1.08,0,5.15,0,0,0,idle,
3,1.64,9.71,1.02,-5.78,9.77,0.11,9.4,0.28,1.63,-2.16,0.8,0,5.16,0,0,0,idle,
4,1.66,9.74,0.95,-5.4,9.03,0.47,9.29,0.32,1.52,-2.54,1.02,0,5.16,0,0,0,idle,
5,1.53,9.7,0.91,-5.47,7.45,-0.2,9.34,0.31,1.54,-2.69,0.9,0,5.15,0,0,0,idle,
6,1.44,9.64,0.93,-4.98,5.16,-0.18,9.41,0.31,1.6,-2.55,1.27,0,5.15,0,0,0,idle,
7,1.41,9.7,0.92,-4.44,2.42,-0.44,9.38,0.25,1.58,-2.64,1.31,0,5.16,0,0,0,idle,
8,1.43,9.77,1.14,-5,-0.88,-1.03,9.44,0.35,1.69,-2.72,1.16,0,5.15,0,0,0,idle,
9,1.52,9.71,1.12,-5.02,-3.6,-1.37,9.38,0.28,1.61,-3.14,1.33,0,5.15,0,0,0,idle,
10,1.61,9.75,0.99,-4.92,-4.94,-1.95,9.31,0.27,1.61,-3.27,1.56,0,5.16,0,0,0,idle,
11,1.82,9.72,1.08,-4.19,-4.56,-2.34,9.38,0.23,1.53,-3.6,1.92,0,5.15,0,0,0,idle,
12,1.81,9.64,1.1,-3.3,-3.95,-1.59,9.53,0.26,1.63,-3.73,2.16,0,5.15,0,0,0,idle,
13,1.82,9.68,1.11,-2.86,-3.61,-0.54,9.44,0.28,1.63,-3.67,1.65,0,5.15,0,0,0,idle,
14,1.82,9.74,1.22,-3.33,-2.95,-0.24,9.44,0.38,1.64,-3.2,1.57,0,5.14,0,0,0,idle,
15,1.77,9.7,1.14,-2.61,-2.04,-0.26,9.39,0.27,1.64,-3.21,1.69,0,5.14,0,0,0,idle,
16,1.59,9.76,1.14,-1.66,-1.55,-0.23,9.4,0.26,1.55,-2.92,1.47,0,5.14,0,0,0,idle,
17,1.54,9.8,1.1,-1.84,-1.5,-0.6,9.47,0.37,1.58,-1.76,1.43,0,5.16,0,0,0,idle,
18,1.57,9.84,1.06,-2.85,-1.92,-1.63,9.47,0.43,1.7,-0.72,0.98,0,5.15,0,0,0,idle,
19,1.61,9.75,1.08,-2.86,-2.15,-3.19,9.31,0.25,1.46,-0.51,0.77,0,5.15,0,0,0,idle,
20,1.77,9.78,1.14,-2.57,-0.31,-3.35,9.35,0.19,1.62,-0.5,1.11,0,5.16,0,0,0,idle,
21,1.75,9.72,1.14,-2.95,1.16,-2.24,9.44,0.26,1.73,-0.55,1.22,0,5.16,0,0,0,idle,
22,1.74,9.63,1.04,-3.12,1.76,-1.41,9.52,0.28,1.71,-0.82,0.36,0,5.16,0,0,0,idle,
23,1.77,9.59,1.05,-2.85,2.83,-1.15,9.59,0.3,1.77,-1.47,-0.41,0,5.16,0,0,0,idle,
24,1.65,9.62,1.04,-2.2,3.22,-0.66,9.42,0.31,1.7,-1.91,-0.51,0,5.15,0,0,0,idle,
25,1.5,9.62,1.03,-1.69,2.1,-0.27,9.28,0.3,1.67,-2.69,-0.46,0,5.16,0,0,0,idle,
26,1.37,9.7,0.91,-1.98,-0.95,-1.06,9.27,0.35,1.73,-2.93,-0.37,0,5.16,0,0,0,idle,
27,1.43,9.67,0.92,-2.27,-4.05,-2.02,9.32,0.41,1.73,-3.56,-0.35,0,5.15,0,0,0,idle,
28,1.52,9.73,1.08,-2.57,-6.44,-2.52,9.46,0.37,1.75,-3.77,-0.18,0,5.16,0,0,0,idle,
29,1.71,9.75,0.98,-3.5,5.67,-1.18,9.5,0.37,1.68,1.58,0.24,0,5.16,0,0,0,idle,
30,1.77,9.67,0.97,-1.53,1.49,-2.07,9.44,0.42,1.57,-1.12,0.71,0,5.16,0,0,0,idle,
31,1.83,9.66,0.99,-2.56,0.47,-2.49,9.37,0.38,1.61,-0.69,0.37,0,5.16,0,0,0,idle,
32,1.85,9.68,1.08,-2.04,0.79,-2.58,9.43,0.35,1.66,-0.82,0.15,0,5.16,0,0,0,idle,
33,1.85,9.69,1.13,-1.85,1.21,-2.27,9.44,0.37,1.65,-1.21,0.27,0,5.09,0,0,0,idle,
34,1.86,9.84,1.01,-2.22,2.02,-1.85,9.38,0.34,1.65,-1.18,0.11,0,5.15,0,0,0,idle,
35,1.81,9.74,0.97,-3.03,2.24,-1.96,9.4,0.33,1.7,-1.44,-0.2,0,5.15,0,0,0,idle,
36,1.6,9.68,1.02,-2.11,-1.05,-2.23,9.42,0.41,1.74,-2.15,-0.18,0,5.16,0,0,0,idle,
37,1.68,9.56,1.05,-1.57,-2.56,-2.63,9.5,0.4,1.62,-1.87,-0.54,0,5.15,0,0,0,idle,
38,1.89,9.8,1.06,-1.99,-3.92,-2.69,9.44,0.42,1.64,-1.63,0.32,0,5.16,0,0,0,idle,
39,1.96,9.84,1.09,-2.53,-2.12,-2.99,9.39,0.49,1.58,-1.6,0.22,0,5.16,0,0,0,idle,
40,1.8,9.58,1.02,-2.13,2.4,-1.4,9.4,0.36,1.53,-1.03,0.35,0,5.15,0,0,0,idle,
41,1.71,9.63,1.05,-1.06,1.23,-1.55,9.53,0.41,1.68,-1.16,0.41,0,5.15,0,0,0,idle,
42,1.73,9.65,0.95,-0.33,0.31,-2.24,9.42,0.29,1.61,-1.24,0.31,0,5.15,0,0,0,idle,
43,1.79,9.78,1.02,-1.2,0.18,-1.92,9.38,0.34,1.67,-1.26,0.78,0,5.16,0,0,0,idle,
44,1.78,9.7,1,-2.12,-1.52,-1.45,9.47,0.35,1.65,-0.92,1.08,0,5.15,0,0,0,idle,
45,1.88,9.77,1.08,-2.49,-0.86,-1.73,9.43,0.34,1.6,-1.04,1.08,0,5.15,0,0,0,idle,
46,1.85,9.66,1.03,-2.15,2.11,-1.89,9.41,0.4,1.61,-0.88,0.73,0,5.13,0,0,0,idle,
47,1.78,9.63,1.11,-1.95,3.09,-1.51,9.4,0.39,1.57,-0.75,0.74,0,5.13,0,0,0,idle,
48,1.75,9.67,0.98,-1.62,1.7,-2.04,9.4,0.4,1.62,-0.36,0.75,0,5.16,0,0,0,idle,
49,1.72,9.74,1.05,-2.11,1.24,-1.95,9.43,0.33,1.7,-0.27,0.8,0,5.13,0,0,0,idle,
50,1.91,9.7,1.1,-2.28,0.47,-2.08,9.43,0.25,1.62,-0.73,1.11,0,5.16,0,0,0,idle,
51,1.9,9.62,1.08,-2.31,0.89,-1.76,9.48,0.29,1.63,-0.74,1.12,0,5.16,0,0,0,idle,
52,1.71,9.72,0.99,-2.85,0.76,-1.61,9.42,0.3,1.55,-1.26,0.73,0,5.16,0,0,0,idle,
53,1.7,9.65,0.95,-2.4,0.56,-1.87,9.36,0.35,1.5,-1.16,0.56,0,5.15,0,0,0,idle,
54,1.78,9.67,1.02,-2.25,0.17,-1.93,9.45,0.4,1.64,-1.05,0.85,0,5.15,0,0,0,idle,
55,1.73,9.75,1.12,-2.44,0.03,-2.31,9.34,0.39,1.6,-0.98,0.63,0,5.15,0,0,0,idle,
56,1.8,9.7,1.07,-2.5,-0.17,-2.36,9.35,0.35,1.55,-0.97,0.66,0,5.15,0,0,0,idle,
57,1.82,9.7,1.09,-2.59,0.1,-2.53,9.41,0.4,1.6,-0.77,0.56,0,5.16,0,0,0,idle,
58,1.89,9.73,1.21,-2.54,1.07,-1.98,9.45,0.32,1.59,-1.04,0.95,0,5.1,0,0,0,idle,
59,1.93,9.68,1.05,-2.79,1.94,-1.66,9.42,0.31,1.69,-1.18,0.64,0,5.15,0,0,0,idle,
60,1.84,9.7,1,-2.35,2.73,-1.66,9.42,0.37,1.62,-1.15,0.66,0,5.16,0,0,0,idle,
61,1.67,9.65,1.01,-2.56,0.36,-1.63,9.38,0.32,1.6,-1.52,0.9,0,5.16,0,0,0,idle,
62,1.77,9.71,0.91,-2.53,-1.08,-1.74,9.42,0.39,1.73,-1.36,0.6,0,5.16,0,0,0,idle,
63,1.96,9.72,0.97,-1.59,-3.31,-0.89,9.44,0.23,1.56,-1.11,0.85,0,5.15,0,0,0,idle,
64,2.07,9.72,0.93,-2.5,-1.21,-0.41,9.34,0.37,1.62,-1.03,1.38,0,5.15,0,0,0,idle,
65,1.95,9.67,1.18,-3.21,4.08,-1.92,9.32,0.45,1.64,-0.75,2.19,0,5.15,0,0,0,idle,
66,1.94,9.61,1.14,-2.6,6.13,-1.92,9.33,0.3,1.52,-0.6,2.27,0,5.12,0,0,0,idle,
67,1.66,9.75,0.98,-1.4,4.73,-1.22,9.48,0.37,1.68,0.15,1.64,0,5.16,0,0,0,idle,
68,1.69,9.67,1.02,-1.5,4.01,-2.06,9.42,0.3,1.82,0.12,1.23,0,5.14,0,0,0,idle,
69,1.81,9.78,1.03,-2.09,-0.92,-2.32,9.44,0.26,1.81,-0.24,1.05,0,5.16,0,0,0,idle,
70,1.91,9.83,1.02,-2.28,-1.2,-2.08,9.42,0.21,1.58,-0.31,1.15,0,5.14,0,0,0,idle,
71,1.86,9.66,1.03,-2.79,1.79,-1.83,9.45,0.28,1.73,-0.62,0.95,0,5.15,0,0,0,idle,
72,1.83,9.62,1.07,-1.97,2.09,-2.08,9.42,0.26,1.74,-0.75,0.85,0,5.16,0,0,0,idle,
73,1.74,9.7,1.09,-1.53,3.51,-2.11,9.42,0.3,1.63,-0.88,0.76,0,5.15,0,0,0,idle,
74,1.72,9.75,1.03,-1.62,3.77,-2.07,9.45,0.38,1.65,-0.76,0.59,0,5.16,0,0,0,idle,
75,1.7,9.74,0.94,-2.71,1.24,-2.79,9.37,0.36,1.57,-0.69,0.33,0,5.16,0,0,0,idle,
76,1.79,9.7,1.05,-2.54,0.39,-2.67,9.43,0.28,1.65,-1.04,0.26,0,5.15,0,0,0,idle,
77,1.77,9.66,1.13,-2.36,-0.24,-2.69,9.39,0.28,1.68,-1.05,0.25,0,5.09,0,0,0,idle,
78,1.8,9.63,1.17,-2.14,-0.6,-2.28,9.38,0.31,1.6,-0.97,0.31,0,5.15,0,0,0,idle,
79,1.93,9.64,0.99,-1.56,-0.28,-1.73,9.41,0.34,1.7,-1.59,0.19,0,5.16,0,0,0,idle,
80,1.87,9.64,1.02,-1.3,0.34,-1.36,9.34,0.36,1.62,-1.67,0.31,0,5.16,0,0,0,idle,
81,1.77,9.75,1.01,-2.01,0.79,-1.48,9.4,0.36,1.69,-1.5,0.59,0,5.16,0,0,0,idle,
82,1.74,9.67,1.07,-2,0.13,-1.93,9.48,0.37,1.57,-1.47,0.64,0,5.16,0,0,0,idle,
83,1.89,9.7,1.11,-1.32,0.48,-2.1,9.4,0.3,1.67,-0.76,0.3,0,5.16,0,0,0,idle,
84,1.91,9.69,1.08,-1.42,1.07,-2.02,9.43,0.29,1.76,-0.82,0.05,0,5.16,0,0,0,idle,
85,1.76,9.69,0.97,-1.99,0.98,-2.15,9.39,0.28,1.57,-0.6,-0.26,0,5.15,0,0,0,idle,
86,1.81,9.72,0.99,-1.77,0.4,-2.28,9.33,0.27,1.58,-0.55,-0.2,0,5.16,0,0,0,idle,
87,1.88,9.6,0.95,-2.34,1.44,-2.06,9.46,0.23,1.73,-0.4,-0.11,0,5.13,0,0,0,idle,
88,1.8,9.72,0.94,-1.76,1.45,-1.67,9.37,0.17,1.69,-0.47,0.13,0,5.16,0,0,0,idle,
89,1.78,9.74,1.08,-2.98,0.72,-2.27,9.4,0.46,1.6,-0.18,0.68,0,5.16,0,0,0,idle,
90,1.89,9.7,1.08,-3.4,2.18,-2.82,9.35,0.34,1.62,-0.13,0.55,0,5.16,0,0,0,idle,
91,1.86,9.59,1.03,-3.4,3.09,-2.24,9.41,0.35,1.65,-0.01,0.73,0,5.15,0,0,0,idle,
92,1.67,9.55,0.98,-2.48,2.44,-1.63,9.51,0.27,1.52,0.07,0.97,0,5.11,0,0,0,idle,
93,1.68,9.64,1.06,-1.76,0.38,-1.66,9.39,0.32,1.64,-0.16,0.79,0,5.13,0,0,0,idle,
94,2,9.67,0.9,-2.55,2.46,-1.26,9.37,0.3,1.71,-0.92,0.94,0,5.16,0,0,0,idle,
95,1.84,9.71,0.89,-2.16,2.36,-0.93,9.42,0.34,1.62,-1.05,1.18,0,5.16,0,0,0,idle,
96,1.8,9.65,1.07,-2.69,0.02,-2.31,9.36,0.33,1.59,-0.86,0.83,0,5.13,0,0,0,idle,
97,1.87,9.66,1.02,-2.81,0.93,-2.38,9.33,0.39,1.62,-0.87,0.97,0,5.16,0,0,0,idle,
98,1.75,9.67,0.96,-2.11,2.09,-1.44,9.49,0.35,1.6,-0.47,0.83,0,5.15,0,0,0,idle,
99,1.81,9.6,1.07,-1.69,2.12,-2.27,9.44,0.39,1.73,-0.48,0.79,0,5.13,0,0,0,idle,
100,1.85,9.73,0.98,-1.05,3.55,-2.18,9.44,0.32,1.67,-0.45,0.61,0,5.15,0,0,0,idle,
101,1.7,9.68,0.98,-1.4,3.63,-2.33,9.37,0.3,1.47,-0.45,0.95,0,5.16,0,0,0,idle,
102,1.82,9.7,1.04,-1.48,1.71,-1.76,9.46,0.25,1.68,-0.62,0.77,0,5.1,0,0,0,idle,
103,1.74,9.82,1.03,-1.68,1.69,-1.5,9.4,0.29,1.72,-0.55,0.67,0,5.16,0,0,0,idle,
104,1.78,9.72,1.02,-2.29,0.07,-2.05,9.39,0.3,1.59,-0.76,0.29,0,5.15,0,0,0,idle,
105,1.84,9.75,0.99,-2.92,-0.11,-1.34,9.37,0.33,1.58,-1.1,0.21,0,5.16,0,0,0,idle,
106,1.89,9.72,1.05,-2.9,0.6,-1.28,9.44,0.39,1.57,-1.29,-0.06,0,5.15,0,0,0,idle,
107,1.81,9.73,0.94,-2.84,1.31,-1.56,9.47,0.23,1.72,-1.4,-0.22,0,5.15,0,0,0,idle,
108,1.86,9.76,1.08,-1.28,-0.3,-2.74,9.38,0.34,1.61,-1.26,-0.07,0,5.14,0,0,0,idle,
109,1.91,9.76,1.09,-1.83,1.36,-2.03,9.47,0.3,1.63,-1.5,-0.03,0,5.15,0,0,0,idle,
110,1.71,9.72,1.02,-2.95,2.18,-1.6,9.4,0.26,1.65,-1.25,-0.47,0,5.15,0,0,0,idle,
111,1.74,9.64,1,-2.4,1.27,-2.28,9.37,0.26,1.56,-1.37,-0.31,0,5.15,0,0,0,idle,
112,1.84,9.7,1.02,-3.09,-2.36,-2.63,9.37,0.33,1.77,-1.98,-0.61,0,5.13,0,0,0,idle,
113,1.8,9.58,1.03,-2.37,-2.1,-2.6,9.46,0.34,1.69,-2.27,-0.34,0,5.15,0,0,0,idle,
114,1.81,9.73,1.08,-3.15,-4.96,-3.31,9.49,0.5,1.63,-2.27,-0.09,0,5.09,0,0,0,idle,
115,2,9.71,1.09,-2.36,-2.35,-4.18,9.38,0.4,1.47,-2.16,0.11,0,5.16,0,0,0,idle,
116,1.92,9.68,1.12,-2.82,3.15,-1.14,9.38,0.29,1.6,-1.66,0.57,0,5.16,0,0,0,idle,
117,1.68,9.65,1.07,-2.66,3.13,-1.3,9.4,0.37,1.63,-1.36,0.81,0,5.12,0,0,0,idle,
118,1.89,9.7,1.01,-1.49,-0.11,-2.8,9.48,0.35,1.61,-0.82,0.59,0,5.16,0,0,0,idle,
119,1.8,9.76,0.9,-2.05,0.15,-1.54,9.37,0.28,1.67,-0.47,0.47,0,5.13,0,0,0,idle,
120,1.97,9.64,1.03,-2.04,-1.25,-2.38,9.41,0.35,1.61,-0.53,1.02,0,5.15,0,0,0,idle,
121,1.99,9.69,1.05,-2.41,0,-1.89,9.4,0.41,1.69,-0.55,1.27,0,5.15,0,0,0,idle,
122,1.64,9.7,1.09,-1.53,1.85,-2.51,9.4,0.32,1.66,0.63,0.76,0,5.15,0,0,0,idle,
123,1.8,9.67,0.94,-1.81,1.4,-3.12,9.39,0.33,1.72,0.79,0.8,0,5.15,0,0,0,idle,
124,1.9,9.75,0.92,-1.74,2.04,-2.53,9.43,0.34,1.68,0.83,0.72,0,5.1,0,0,0,idle,
125,1.82,9.75,0.96,-2.34,1.9,-1.34,9.4,0.31,1.62,0.63,0.56,0,5.15,0,0,0,idle,
126,1.72,9.66,0.96,-2.57,1.14,-1.73,9.38,0.35,1.65,0.89,0.44,0,5.13,0,0,0,idle,
127,1.76,9.67,1.09,-2.18,0.73,-2.48,9.45,0.35,1.64,0.86,0.12,0,5.14,0,0,0,idle,
128,1.85,9.69,1.09,-1.47,1.4,-2.99,9.48,0.3,1.62,0.64,0.05,0,5.14,0,0,0,idle,
129,1.87,9.67,1.09,-1.75,2.28,-2.5,9.39,0.29,1.67,0.58,0.06,0,5.16,0,0,0,idle,
130,1.64,9.69,1.05,-1.95,2.39,-2.59,9.44,0.22,1.69,0.33,0.15,0,5.16,0,0,0,idle,
131,1.74,9.74,0.96,-2.02,1.9,-2.98,9.35,0.34,1.62,0.08,0.02,0,5.15,0,0,0,idle,
132,1.86,9.71,1.13,-3,0.95,-2.67,9.36,0.35,1.64,-1.45,-0.03,0,5.15,0,0,0,idle,
133,1.81,9.67,1.02,-2.73,1.37,-2.45,9.37,0.35,1.69,-1.35,-0.45,0,5.11,0,0,0,idle,
134,1.7,9.63,1.04,-2.47,1.42,-2.3,9.43,0.36,1.64,-1.8,-0.61,0,5.1,0,0,0,idle,
135,1.69,9.71,1.05,-2.37,0.4,-2.26,9.44,0.29,1.6,-2.03,-0.18,0,5.15,0,0,0,idle,
136,1.68,9.73,1.03,-2.44,-0.43,-2.18,9.34,0.33,1.48,-2.11,-0.5,0,5.15,0,0,0,idle,
137,1.7,9.7,1.01,-2.98,-1.02,-2.77,9.39,0.45,1.67,-2.02,-0.54,0,5.11,0,0,0,idle,
138,1.79,9.71,1,-1.91,-1.8,-2.74,9.43,0.17,1.62,-2.13,-0.5,0,5.15,0,0,0,idle,
139,1.84,9.77,1.03,-2.46,-1.69,-1.82,9.42,0.27,1.64,-2.28,-0.22,0,5.15,0,0,0,idle,
140,1.87,9.68,1.09,-3.56,1.25,-3.31,9.36,0.38,1.62,-2.1,-0.2,0,5.15,0,0,0,idle,
141,1.79,9.6,1.02,-2.79,1.42,-2.6,9.36,0.33,1.55,-1.79,-0.11,0,5.13,0,0,0,idle,
142,1.71,9.57,1.08,-2.57,0.55,-1.33,9.35,0.38,1.57,-1.79,0.21,0,5.16,0,0,0,idle,
143,1.65,9.71,1.15,-2.53,-0.53,-1.62,9.42,0.36,1.54,-1.73,0.24,0,5.09,0,0,0,idle,
144,1.76,9.67,1.02,-2.57,-1.05,-2.45,9.36,0.34,1.54,-1.67,0.14,0,5.15,0,0,0,idle,
145,1.82,9.7,1.11,-2.18,-0.02,-1.56,9.47,0.38,1.63,-1.39,0.63,0,5.15,0,0,0,idle,
146,1.79,9.7,1.06,-2.33,0.6,-1.66,9.34,0.36,1.54,-1.21,0.02,0,5.15,0,0,0,idle,
147,1.83,9.69,1.08,-2.48,2.91,-1.76,9.48,0.49,1.57,-1.11,0.39,0,5.15,0,0,0,idle,
148,1.75,9.62,1.11,-2.6,3.22,-1.5,9.43,0.39,1.71,-1.05,0.41,0,5.15,0,0,0,idle,
149,1.61,9.67,1.11,-1.61,1.53,-2.51,9.41,0.34,1.54,-0.31,-0.08,0,5.15,0,0,0,idle,
150,1.73,9.67,1.02,-1.41,0.93,-2.97,9.45,0.39,1.6,-0.66,0.39,0,5.15,0,0,0,idle,
151,1.85,9.74,0.97,-2.03,0.87,-2.08,9.4,0.3,1.59,-0.45,0.45,0,5.16,0,0,0,idle,
152,1.81,9.74,1.03,-2.25,0.95,-2.21,9.41,0.35,1.61,-0.43,0.15,0,5.16,0,0,0,idle,
153,1.77,9.67,1.03,-2.24,1.5,-1.85,9.41,0.31,1.65,-0.48,0.5,0,5.11,0,0,0,idle,
154,1.75,9.66,1.02,-2.04,1.66,-1.91,9.47,0.34,1.57,-0.6,0.27,0,5.16,0,0,0,idle,
155,1.73,9.71,1.01,-1.84,1.71,-2.11,9.4,0.37,1.48,-0.56,0.17,0,5.15,0,0,0,idle,
156,1.69,9.69,0.98,-1.6,1.69,-2.33,9.39,0.29,1.61,-0.53,0.38,0,5.15,0,0,0,idle,
157,1.75,9.78,1,-1.63,0.63,-2.26,9.43,0.35,1.63,-0.77,0.9,0,5.15,0,0,0,idle,
158,1.81,9.71,1.11,-1.79,0.48,-1.98,9.45,0.32,1.5,-0.77,0.73,0,5.14,0,0,0,idle,
159,1.8,9.72,1,-1.73,1.45,-1.85,9.4,0.28,1.5,-0.88,0.55,0,5.13,0,0,0,handmoter,
160,1.75,9.73,1.05,-1.75,0.88,-1.29,9.42,0.36,1.52,-1.05,0.44,0,5.15,0,0,0,handmoter,
161,1.73,9.77,1.08,-2.07,-0.21,-1.18,9.41,0.33,1.54,-1.66,0.6,0,5.15,0,0,0,handmoter,
162,1.67,9.65,1.04,-1.69,-0.42,-1.73,9.45,0.28,1.52,-1.78,0.81,0,5.15,0,0,0,handmoter,
163,1.72,9.75,1.07,-1.96,-0.93,-1.7,9.46,0.31,1.67,-2.02,0.42,0,5.11,0,0,0,handmoter,
164,1.73,9.68,0.96,-1.99,-1.82,-1.98,9.46,0.39,1.59,-1.8,0.04,0,5.14,0,0,0,handmoter,
165,1.73,9.75,1.06,-2.44,-0.06,-1.9,9.39,0.37,1.54,-2.11,0.73,0,5.15,0,0,0,handmoter,
166,1.74,9.66,0.92,-2.32,0.44,-2.85,9.36,0.36,1.6,-1.94,0.83,0,5.16,0,0,0,handmoter,
167,1.84,9.66,1.05,-2.27,3.6,-1.34,9.41,0.29,1.54,-1.45,0.85,0,5.15,0,0,0,handmoter,
168,1.74,9.63,0.99,-2.08,3.63,-1.15,9.49,0.36,1.51,-1.31,0.66,0,5.13,0,0,0,handmoter,
169,1.67,9.76,0.92,-1.2,1.81,-2.02,9.41,0.3,1.48,-1.12,0.29,0,5.15,0,0,0,handmoter,
170,1.69,9.76,0.98,-1.77,0.44,-1.89,9.4,0.25,1.55,-1.04,0.05,0,5.16,0,0,0,handmoter,
171,1.83,9.66,1.06,-2.11,-0.64,-1.39,9.43,0.3,1.49,-1.25,0.76,0,5.14,0,0,0,handmoter,
172,1.78,9.72,0.97,-1.98,-0.98,-1.44,9.41,0.34,1.53,-1.34,1.05,0,5.16,0,0,0,handmoter,
173,1.83,9.69,0.99,-1.23,-2.63,-1.91,9.4,0.32,1.63,-1.37,0.53,0,5.15,0,0,0,handmoter,
174,1.87,9.58,0.91,-0.6,-0.82,-1.53,9.46,0.36,1.57,-1.39,0.44,0,5.15,0,0,0,handmoter,
175,1.55,9.65,0.94,-1.76,-4,-1.85,9.39,0.32,1.57,-0.77,0.06,0,5.15,0,0,0,handmoter,
176,1.76,9.65,0.88,-1.06,-3.7,-2.43,9.53,0.29,1.62,-0.66,0.05,0,5.15,0,0,0,handmoter,
177,1.85,9.69,0.93,-2.29,-1.27,-1.73,9.41,0.37,1.64,-0.73,0.02,0,5.16,0,0,0,handmoter,
178,1.81,9.68,0.96,-1.95,-0.62,-1.91,9.37,0.27,1.55,-0.64,0.44,0,5.15,0,0,0,handmoter,
179,1.93,9.76,0.95,-1.49,0.81,-1.99,9.35,0.28,1.54,-0.96,0.8,0,5.15,0,0,0,handmoter,
180,1.95,9.73,0.97,-1.87,2.31,-1.87,9.47,0.38,1.62,-0.79,0.97,0,5.16,0,0,0,handmoter,
181,1.88,9.67,0.98,-2.06,3.37,-1.11,9.32,0.33,1.56,-0.96,0.61,0,5.11,0,0,0,handmoter,
182,1.76,9.72,0.93,-2.24,3.75,-1.1,9.45,0.28,1.52,-0.71,0.69,0,5.15,0,0,0,handmoter,
183,1.67,9.7,0.98,-2.47,3.08,-1.54,9.43,0.32,1.65,-0.74,0.42,0,5.16,0,0,0,handmoter,
184,1.77,9.68,0.94,-3,1.48,-1.82,9.42,0.37,1.59,-0.74,0.49,0,5.15,0,0,0,handmoter,
185,1.87,9.73,0.98,-3.12,1.44,-1.35,9.38,0.37,1.57,-0.69,0.52,0,5.16,0,0,0,handmoter,
186,1.8,9.66,1.04,-2.63,2.86,-2.58,9.42,0.35,1.61,-0.78,0.58,0,5.16,0,0,0,handmoter,
187,1.77,9.74,0.92,-2.3,1.71,-1.55,9.4,0.39,1.54,-0.55,0.51,0,5.13,0,0,0,handmoter,
188,1.96,9.65,1.05,-1.92,2.33,-1.85,9.37,0.29,1.67,-1.05,0.66,0,5.16,0,0,0,handmoter,
189,1.87,9.68,0.94,-2.18,2.63,-1.61,9.41,0.3,1.62,-0.65,0.86,0,5.14,0,0,0,handmoter,
190,1.88,9.68,0.96,-1.66,2.14,-1.91,9.46,0.33,1.6,-0.75,0.34,0,5.16,0,0,0,handmoter,
191,1.83,9.72,0.97,-2.27,1.79,-1.62,9.37,0.28,1.65,-0.85,0.4,0,5.16,0,0,0,handmoter,
192,1.97,9.71,0.85,-2.35,1,-2.14,9.39,0.32,1.59,-1.02,0.45,0,5.16,0,0,0,handmoter,
193,1.88,9.72,0.97,-2,0.98,-2.03,9.33,0.26,1.66,-0.88,0.66,0,5.12,0,0,0,handmoter,
194,1.91,9.66,0.89,-2.13,0.75,-1.97,9.39,0.27,1.57,-0.84,0.55,0,5.15,0,0,0,handmoter,
195,1.98,9.67,1.02,-2.18,1.18,-1.8,9.4,0.33,1.68,-0.74,0.45,0,5.15,0,0,0,handmoter,
196,1.83,9.71,0.9,-1.83,0.69,-2.05,9.37,0.37,1.6,-0.63,0.22,0,5.16,0,0,0,handmoter,
197,1.82,9.67,0.94,-1.73,0.26,-2.06,9.35,0.31,1.72,-0.82,0.45,0,5.15,0,0,0,handmoter,
198,1.99,9.67,1.02,-1.44,0.89,-2.24,9.44,0.3,1.71,-0.79,0.23,0,5.15,0,0,0,handmoter,
199,1.88,9.67,1.12,-3,0.69,-2.75,9.42,0.25,1.62,-0.58,0.11,0,5.16,0,0,0,handmoter,
200,1.88,9.7,0.94,-1.88,3.56,-1.44,9.34,0.27,1.64,-0.59,0.15,0,5.16,0,0,0,handmoter,
201,1.8,9.65,0.91,-2.2,2.24,-1.62,9.42,0.28,1.58,-0.63,0.11,0,5.15,0,0,0,handmoter,
202,1.81,9.67,0.92,-1.69,0.53,-2.21,9.38,0.34,1.64,-0.36,0.31,0,5.16,0,0,0,handmoter,
203,1.88,9.65,0.95,-1.83,-0.03,-2.27,9.39,0.29,1.61,-0.24,0.17,0,5.16,0,0,0,handmoter,
204,1.92,9.76,1.02,-2.05,0.15,-1.78,9.38,0.32,1.73,-0.48,0.15,0,5.15,0,0,0,handmoter,
205,1.91,9.72,0.89,-1.83,0.31,-2.06,9.4,0.25,1.64,-0.34,0.21,0,5.14,0,0,0,handmoter,
206,1.94,9.7,0.96,-1.37,0.9,-2.04,9.41,0.23,1.62,-0.5,0.12,0,5.14,0,0,0,handmoter,
207,1.9,9.72,1.02,-1.81,0.95,-1.99,9.42,0.33,1.59,-0.39,0.2,0,5.16,0,0,0,handmoter,
208,1.89,9.73,0.91,-1.28,0.69,-1.8,9.51,0.15,1.58,-0.82,0.6,0,5.15,0,0,0,handmoter,
209,1.87,9.77,0.95,-3.01,-0.58,-1.54,9.41,0.33,1.56,-0.9,0.98,0,5.14,0,0,0,handmoter,
210,1.92,9.67,0.85,-2.11,4.05,-1.89,9.46,0.25,1.62,-0.8,0.94,0,5.15,0,0,0,handmoter,
211,1.9,9.66,1,-2.37,3.12,-0.95,9.42,0.33,1.58,-0.83,0.98,0,5.16,0,0,0,handmoter,
212,1.77,9.78,1.06,-1.98,0.5,-1.22,9.47,0.25,1.59,-0.91,0.82,0,5.15,0,0,0,handmoter,
213,1.78,9.74,0.96,-1.62,-0.03,-2.07,9.36,0.29,1.6,-0.78,0.73,0,5.15,0,0,0,handmoter,
214,1.96,9.64,0.93,-1.75,-0.45,-1.71,9.42,0.31,1.6,-0.54,1.17,0,5.16,0,0,0,handmoter,
215,1.99,9.68,0.9,-1.45,-0.44,-1.7,9.51,0.36,1.64,-0.6,0.81,0,5.16,0,0,0,handmoter,
216,2.06,9.77,1.08,-2.17,-0.45,-2.15,9.54,0.53,1.65,1.2,0.46,0,5.15,0,0,0,handmoter,
217,2.27,9.84,1.01,-2.42,0.64,-1.85,9.59,0.56,1.6,2.65,-0.38,0,5.15,0,0,0,handmoter,
218,2.2,9.86,0.89,-0.2,7.44,0.63,9.65,0.68,1.73,5.49,1.19,0,5.16,0,0,0,handmoter,
219,2,10.05,0.92,-0.47,4.27,4.86,9.81,0.8,1.5,10.48,-4.15,0,5.15,0,0,0,handmoter,
220,7.35,9.76,1.21,-0.47,61.36,40.15,10.33,1.89,1.89,31.53,-11.24,0,5.15,0,0,0,handmoter,
221,8.49,10.29,1.1,4.32,82,85.79,10.51,1.98,2.24,42.22,-14.78,0,5.16,0,0,0,handmoter,
222,8.75,12.76,-4.63,33.69,26.59,87.52,9.07,3.19,2.34,78.48,-20.47,0,5.16,0,0,0,handmoter,
223,10.79,11.53,-4.11,75.31,41.8,101.13,8.88,2.49,2.27,90.68,-24.43,0,5.15,0,0,0,handmoter,
224,11.96,11.87,-4.66,110.15,111.77,131.56,8.96,1.75,2.03,100.47,-28.86,0,5.1,0,0,0,handmoter,
225,10.34,12.75,-5.46,147.86,204.26,141.68,8.88,1.36,2.01,112.65,-33.85,0,5.15,0,0,0,handmoter,
226,7.91,12.78,-7.13,178.82,239.3,138.49,8.74,1.4,2.44,123.01,-36.11,0,5.15,0,0,0,handmoter,
227,5.62,10.05,-7.49,208.58,191.68,92.35,7.98,-0.19,1.66,145.65,-47.71,0,5.16,0,0,0,handmoter,
228,4.38,9.26,-7.85,216.55,175.53,78.13,8.72,-0.78,1.38,150.04,-53.72,0,5.12,0,0,0,handmoter,
229,3.48,7.4,-8.68,226.53,98.66,69.84,9.71,-3.68,0.97,134.13,-70.34,0,5.16,0,0,0,handmoter,
230,3.62,6.46,-9.1,244.71,96.79,50.84,9.26,-6.19,0.79,165.66,-59.24,0,5.14,0,0,0,handmoter,
231,7.48,1.98,-11.36,250.13,18.92,65.39,8.47,-1.54,-0.06,120.83,-50.9,0,5.15,0,0,0,handmoter,
232,8.5,0,-9.75,250.13,35.37,89.37,8.32,-2.37,-0.99,132.05,-45.95,0,5.16,0,0,0,handmoter,
233,1.4,-2.81,-0.51,233.69,176.77,190.13,10.44,-3.14,-0.59,121.11,-28.4,0,5.16,0,0,0,handmoter,
234,-2.35,-3.19,1.12,189.88,160.5,187.75,10.97,-3.02,-0.54,114.58,-29.05,0,5.16,0,0,0,handmoter,
235,-6.2,0.56,4.13,142.79,164.61,145.33,9.2,-3.42,-0.38,109.48,-30.49,0,5.15,0,0,0,handmoter,
236,-10.45,3.95,3.26,115.6,112.25,100.03,9.31,-1.84,0.26,96.68,-29.91,0,5.16,0,0,0,handmoter,
237,2.18,15.8,0.09,-12.82,2.52,-59.92,7.43,-0.94,1.42,128.63,-47.4,0,5.15,0,0,0,handmoter,
238,7.27,19.06,-3.09,-15.89,103.81,-88.64,6.14,-1.48,0.02,110.68,-51.11,0,5.15,0,0,0,handmoter,
239,6.49,19.62,-7.47,-23.46,54.3,-171.54,9.48,-3.08,0.64,110.41,-41.91,0,5.11,0,0,0,handmoter,
240,12.64,19.62,-9.29,-44.45,-8.15,-169.82,10.74,-1.22,1.84,128,-53.99,0,5.15,0,0,0,handmoter,
241,18.77,12.15,-10.2,73.98,44.79,-97.23,6.6,-2.79,-1.52,100.21,-115.27,0,5.16,0,0,0,handmoter,
242,12.12,12.25,-12.22,-61.47,-97.41,-101.02,7.39,-1.91,-2.62,87.38,-116.62,0,5.15,0,0,0,handmoter,
243,19.62,-0.1,-8.22,24.58,-18.62,-110.63,9.34,-4.43,-5.93,7.66,-100.89,0,5.16,0,0,0,handmoter,
244,19.62,-3.41,-7.65,35.11,-38.21,-91.27,8.14,-0.05,-8.28,18.27,-85.05,0,5.15,0,0,0,handmoter,
245,19.62,-8.19,-1.06,-55.98,-77.15,10.99,8.76,7.26,-9.14,12,-31.87,0,5.15,0,0,0,handmoter,
246,19.62,-11.65,0.07,45.28,-54.17,82.69,8.61,10.37,-7.03,-10.11,-27.09,0,5.15,0,0,0,handmoter,
247,8.96,-2.77,8.28,143.47,159.78,201.05,6.23,5.87,-6.93,40.6,6.43,0,5.15,0,0,0,handmoter,
248,2.29,-0.34,7.35,128.03,141.54,225.93,3.81,4.01,-5.7,82.62,-12.72,0,5.14,0,0,0,handmoter,
249,-3.48,6.27,-1.51,116.24,85.23,167.74,6.53,-0.77,-5.86,64.47,-42.83,0,5.16,0,0,0,handmoter,
250,-7.41,10.13,-4.22,166.73,152.38,162.76,8.6,-4.22,-7.46,60.69,-40.26,0,5.16,0,0,0,handmoter,
251,-11.82,12.58,-5.67,87.92,28.63,100.32,11.17,-3.65,-5.48,10.34,-11.27,0,5.12,0,0,0,handmoter,
252,-8.34,16.56,-5.27,61.17,-60.94,35.55,9.67,1.73,-6.91,71.97,-8.16,0,5.15,0,0,0,handmoter,
253,15.13,19.62,-17.33,-142.12,-84.08,-115.64,2.1,-5.64,-11.11,-10.69,-7.94,0,5.16,0,0,0,handmoter,
254,19.62,17.19,-18.04,-184.6,-86.45,-100.15,5.26,-1.4,-9.28,-3.79,-13.96,0,5.15,0,0,0,handmoter,
255,19.62,9.23,-19.5,-172.73,-31.35,-95.89,6.22,0.39,-7.88,24.73,-8.15,0,5.11,0,0,0,handmoter,
256,19.62,1.76,-18.25,-166.17,16.08,-123.65,7.19,-0.28,-4.55,14.89,-19.14,0,5.16,0,0,0,handmoter,
257,19.62,-19.62,-4.84,2.12,46.53,54.75,8.51,8,-8.73,-3.5,35.87,0,5.15,0,0,0,handmoter,
258,19.62,-19.44,2.03,17.59,89.7,100.05,10.59,12.68,-7.77,-3.32,8.02,0,5.16,0,0,0,handmoter,
259,3.97,2.5,2.25,250.13,-94.41,198.2,7.45,5.72,-7.81,-16.53,10.38,0,5.15,0,0,0,handmoter,
260,-6.23,-9.39,9.36,-250.14,-29.44,-67.13,6.74,6.91,-6.19,38.45,13.84,0,5.15,0,0,0,handmoter,
261,-4.17,3.71,1.56,153.66,122.29,196.37,5.87,9.44,-5.82,114.69,18.73,0,5.11,0,0,0,handmoter,
262,-9.61,4.1,0.45,6.01,17.5,120.53,3.06,5.69,-7.09,95.51,17.21,0,5.15,0,0,0,handmoter,62
263,-0.39,19.62,-0.98,12.92,-104.72,-14.56,8.15,-8.05,-8.42,28.32,-57.46,0,5.16,0,0,0,handmoter,
264,6.87,19.62,-6.05,-98.18,24.5,-125.15,6.56,-15.55,-12.05,4.56,-44.1,0,5.16,0,0,0,handmoter,
265,19.62,19.62,-14.55,-229.92,-61.56,-192.31,6.7,-11.67,-7.69,-81.05,51.13,0,5.15,0,0,0,handmoter,
266,19.62,17.02,-19.62,-250.14,-187.18,-188.63,10.29,-6.3,-4.8,-32.87,41.11,0,5.15,0,0,0,handmoter,
267,19.16,1.91,-19.62,-234.61,-19.66,-168.85,9.46,-1.87,-4.04,-72.49,-7.69,0,5.16,0,0,0,handmoter,
268,19.62,-12.41,-10.32,-99.83,-90.59,-40.56,8.24,-0.52,-5.97,-79.95,7.86,0,5.15,0,0,0,handmoter,
269,17.93,-19.62,-6.75,-69.32,-79.94,49.01,8.04,7.36,-5.64,-56.47,-4.11,0,5.15,0,0,0,handmoter,
270,17.66,-17.93,-5.9,58.21,-104.08,72.27,8.88,8.22,-5.73,-29.13,-54.5,0,5.15,0,0,0,handmoter,
271,11.25,-14.65,2.28,75.39,-134.01,167.21,7.98,3.93,-8.41,-32.45,-47.22,0,5.11,0,0,0,handmoter,
272,-7.25,-9.54,8.34,161.92,83.76,250.13,6.92,1.75,-9.66,-61.57,-42.76,0,5.16,0,0,0,handmoter,
273,-6.15,11.07,-1.33,-250.14,4.73,-4.25,6.04,5.14,-8.67,3.33,-32.4,0,5.16,0,0,0,handmoter,
274,-3.51,16.56,4,-5.15,-34.36,28.15,6.26,5.88,-7.64,9.59,-25.15,0,5.12,0,0,0,handmoter,
275,3.89,19.62,-0.36,54.97,-49.23,35.49,3.81,4.88,-9.75,92.63,-15.23,0,5.16,0,0,0,handmoter,
276,8.24,19.62,-3.19,-57.93,32.69,-47.43,4.01,2.34,-9.62,29.83,-16.77,0,5.13,0,0,0,handmoter,
277,19.62,12.88,-10.16,-163.39,-27.64,-28.9,4.71,-3.1,-10.27,-17.68,53.53,0,5.16,0,0,0,handmoter,
278,19.62,9.66,-10.8,-138.62,-33.34,-12.98,5.43,-1.52,-10.2,-37.96,77.49,0,5.15,0,0,0,handmoter,
279,17.99,6.94,-4.86,37.99,66.63,-7.12,4.59,-2.98,-9.45,-75.59,94.97,0,5.16,0,0,0,handmoter,
280,15.5,8.15,-7.73,-250.14,-108.97,-41.35,6.35,-3.07,-7.95,-109.34,106.56,0,5.15,0,0,0,handmoter,
281,10.84,1.4,-6.23,-250.14,-28.11,-89.55,8.63,0.21,-4.07,-162.51,125.93,0,5.16,0,0,0,handmoter,
282,11.63,0.49,-7.16,-159.92,-80.6,2.07,7.86,0.8,-3.95,-188.53,111.15,0,5.15,0,0,0,handmoter,
283,10.95,-2.82,-4.44,-77.88,-13.15,57.55,6.89,-0.43,-1.45,-206.05,102.24,0,5.15,0,0,0,handmoter,
284,7.9,-2.16,-4.19,-97.96,-31.12,71.83,7.28,-1.28,-0.47,-225.82,100.78,0,5.16,0,0,0,handmoter,
285,6.32,-3.41,-1.42,-250.14,-214.84,210.7,13.54,-4.88,0.12,-248.4,60.41,0,5.16,0,0,0,handmoter,
286,5.46,1.17,-9.33,-146.26,-13.3,113.1,14.7,-2.88,0.59,-245.18,52.86,0,5.15,0,0,0,handmoter,
287,9.24,0.38,-5.23,-199.21,-49.79,122.38,11.58,0.59,2.32,-243.89,38.63,0,5.15,0,0,0,handmoter,
288,11.9,0.16,-5.52,-247.05,-25.52,91.53,10.76,0.53,1.71,-250.14,15.84,0,5.15,0,0,0,handmoter,
289,13.21,-1.04,-4.75,-207.79,-56.54,139.85,10.94,0.01,2.07,-250.14,0.92,0,5.15,0,0,0,handmoter,
290,12.45,-0.8,-1.96,-134.41,-15.95,177.38,11.19,0.29,1.41,-247.72,-9.95,0,5.11,0,0,0,handmoter,
291,9.76,0.71,-0.37,-176.19,-14.24,189.07,11.68,0.33,0.7,-238.08,-19.92,0,5.15,0,0,0,handmoter,
292,2.88,1.12,-0.32,-162.94,17.1,141.61,8.33,1.83,-0.5,-210.34,-36.15,0,5.16,0,0,0,handmoter,
293,2.3,2.79,-0.23,-153.95,24.37,141.34,7.45,2.22,-1.71,-189.44,-36.1,0,5.15,0,0,0,handmoter,
294,1.08,2.05,-2.93,-186.5,65.63,125.52,6.78,2.1,-2.8,-177.53,-28.26,0,5.16,0,0,0,handmoter,
295,0.22,2.95,-4.08,-141.31,71.2,103.94,6.65,2.22,-2.86,-153.82,-32.09,0,5.15,0,0,0,handmoter,
296,2.37,6.48,-6.2,-170.62,146.76,95.53,7.53,0.83,-3.91,-138.27,-36.22,0,5.16,0,0,0,handmoter,
297,1.88,7.17,-9.7,-147.92,118.43,45.21,8.23,-2.26,-4.33,-146.37,-35.01,0,5.14,0,0,0,handmoter,
298,13.92,6.58,-13.08,-180.38,16.92,8.42,8.21,-1.76,-3.54,-142.34,-21.4,0,5.15,0,0,0,handmoter,
299,17.19,4.23,-13.8,-196.54,13.71,10.55,8.48,-1,-3.8,-142.08,-16.62,0,5.16,0,0,0,handmoter,
300,19.62,-3.26,-9.88,-94.47,63.37,-12.99,7.91,-2.09,-2.03,-116.36,-17.91,0,5.15,0,0,0,handmoter,
301,19.2,-3.17,-7.24,-110.36,74.79,-7.51,7.41,-2.97,-1.37,-111.15,-21.11,0,5.15,0,0,0,handmoter,
302,14.83,-11.36,-0.2,-130.15,16.92,43.28,7.9,5.01,-2.18,-91,31.02,0,5.15,0,0,0,handmoter,
303,12.6,-11.21,2.53,-103.02,34.47,71.82,7.26,7.71,-1.93,-86.58,8.16,0,5.12,0,0,0,handmoter,
304,6.42,-6.57,3.63,-94.54,60.67,82.98,10.1,5.82,-4.03,-96.99,-31.82,0,5.16,0,0,0,handmoter,
305,3.61,-4.14,3.44,-76.97,54.18,88.42,9.96,4.2,-3.52,-88.28,-39.5,0,5.13,0,0,0,handmoter,
306,-2.82,-0.86,0.58,-97.14,-22.73,11.85,10.11,4.85,-4.14,-93.88,-41.4,0,5.15,0,0,0,handmoter,
307,-3.44,1.61,1.43,-46.71,-48.56,10.88,9.18,5.42,-3.78,-78.84,-48.08,0,5.18,0,0,0,handmoter,
308,-4.82,5.75,-0.26,-87.51,-20.83,-12.31,5.72,3.56,-6.39,3.68,-40.67,0,5.17,0,0,0,handmoter,
309,-3.12,9.47,-2.04,-79.6,-13.2,-36.95,5.8,3.27,-7.87,13.15,-39.4,0,5.15,0,0,0,handmoter,
310,7.67,15.4,-3,-70.72,31.76,-38.37,9.43,0.62,-7.34,25.8,-51.66,0,5.16,0,0,0,handmoter,
311,10.49,16.58,-6.51,-80.47,110.29,-64.92,10.7,-3.07,-6.98,2.44,-52.37,0,5.16,0,0,0,handmoter,
312,19.62,8.25,-16.68,-137.73,-65.85,-134.37,9.64,-3.88,-5.46,8.79,-21.47,0,5.17,0,0,0,handmoter,
313,19.62,2.24,-14.59,-73.58,-18.47,-98.23,9.44,-3.11,-6.16,18.61,-29.24,0,5.14,0,0,0,handmoter,
314,19.62,-0.75,-11.48,-44.65,34.02,-117.56,9.98,-3.92,-4.95,-28.69,-23,0,5.17,0,0,0,handmoter,
315,19.62,-5.27,-8.73,-58.28,-33.45,-96.55,8.05,-2.41,-5.28,-50.6,-0.24,0,5.15,0,0,0,handmoter,
316,4.28,-19.62,19.62,250.13,250.13,250.13,7.83,4.67,-5.48,-65.56,12.37,0,5.16,0,0,0,handmoter,
317,19.62,-8.74,-19.62,-250.14,-186.82,185.76,9.19,6.45,-4.38,-35.55,-16.83,0,5.16,0,0,0,handmoter,
318,2.14,-8.01,1.35,83.75,50.74,135.37,6.6,0.54,-5.25,-74.14,-26.9,0,5.16,0,0,0,handmoter,
319,-2.55,-2.76,0.75,158.6,2.86,166.06,6.3,0.6,-5.59,-49.42,-28.37,0,5.15,0,0,0,handmoter,
320,-4.24,3.76,0.67,30.94,-74.69,78.17,6.47,9.36,-7.28,34.5,-11.29,0,5.16,0,0,0,bunny,
321,-5.21,7.03,0.34,53.5,2.67,13.27,5.27,5.51,-6.98,36.42,-35.13,0,5.16,0,0,0,bunny,
322,0.75,12.29,0.16,41.53,48.07,34.61,4.98,-0.85,-7.36,25.5,-60.97,0,5.16,0,0,0,bunny,
323,5.06,14.69,-1.36,20.24,58.09,11.4,6.35,-4.28,-8.17,4.41,-42.19,0,5.14,0,0,0,bunny,
324,9.55,13.46,-2.9,-21.89,23.4,-14.31,7.11,-5.55,-8.85,1.95,-4.24,0,5.16,0,0,0,bunny,
325,19.62,7.95,-8.76,-70.31,16.11,-114.82,7.27,-2.67,-7.18,5.1,-11.33,0,5.16,0,0,0,bunny,
326,19.62,6.16,-10.21,-45.39,10.58,-99.31,7.71,-2.79,-6.44,-39.5,-5.49,0,5.14,0,0,0,bunny,
327,19.62,0.26,-9.33,-97.85,-87.19,-27.59,8.26,2.98,-7.58,0.54,-1.22,0,5.16,0,0,0,bunny,
328,12.59,2.35,-12.19,-250.14,-250.14,-111.59,7.83,4.72,-8.32,-18.42,12.11,0,5.16,0,0,0,bunny,
329,17.77,-4.05,-15.02,121.69,127.46,-163.99,9.5,4.67,-6.68,-31.95,30.66,0,5.16,0,0,0,bunny,
330,19.62,-3.58,-1.53,98.92,140.09,-73.26,8.65,6,-5.21,-25.98,21.58,0,5.16,0,0,0,bunny,
331,11.06,-10.06,-0.33,63.31,-63.36,82.11,6.72,2.74,-5.48,-42.6,-8.81,0,5.16,0,0,0,bunny,
332,9.01,-9.82,3.06,68.07,-2.5,101.44,6.87,2.8,-5.7,-36.71,-5.79,0,5.15,0,0,0,bunny,
333,-2.23,1.28,5.41,10.4,30.44,86.09,5.18,5.34,-7.82,18.98,-6.19,0,5.15,0,0,0,bunny,
334,-5.37,3.94,4.37,6.69,-18.96,90.05,5.93,7.08,-8.04,41.88,-6.45,0,5.17,0,0,0,bunny,
335,-3.75,10.96,1.98,20.02,-82.12,16.43,4.67,3.56,-7.19,102.89,-2.63,0,5.15,0,0,0,bunny,
336,-1.28,13.74,2.09,13.99,-88.79,-21.49,5.9,1.6,-5.13,74.66,-30.84,0,5.15,0,0,0,bunny,
337,8.44,14.81,-4.52,-122.11,47.37,-110.32,8.08,-3.44,-5.88,29.85,2.15,0,5.16,0,0,0,bunny,
338,18.14,13.2,-8.44,-139.02,-26.11,-147.21,7.28,-2.68,-6.76,10.15,2.13,0,5.15,0,0,0,bunny,
339,19.62,1.99,-19.06,-250.14,-0.52,-157.7,10.37,0.91,-5.83,-6.15,6.34,0,5.16,0,0,0,bunny,
340,19.62,-2.6,-18.08,31.03,94.67,-37.39,9.42,0.57,-6.25,-28.26,11.27,0,5.15,0,0,0,bunny,
341,19.62,-10.73,-12.72,155.65,154.67,-82.11,7.58,3.03,-8.42,-49.97,19,0,5.16,0,0,0,bunny,
342,18.48,-15.71,-1.4,-53.31,105.24,-44.72,8.66,4.23,-7.2,-72.37,16.92,0,5.15,0,0,0,bunny,
343,3.24,-9.47,6.01,43.17,57.42,149.09,6.97,5.03,-4.81,-86.37,24.39,0,5.16,0,0,0,bunny,
344,-1.81,-4.52,4.07,108.69,8.83,168.85,7.17,3.66,-4.05,-60.56,11.91,0,5.16,0,0,0,bunny,
345,-8.58,1.79,1.93,68.37,-109.32,-15.83,7.5,4.67,-5.84,-9.55,3.18,0,5.16,0,0,0,bunny,
346,-5.96,5.64,2.41,92.33,-91.4,-62.76,7.48,5.86,-7.13,33.89,2.9,0,5.16,0,0,0,bunny,
347,-6.32,14.74,-0.1,28.55,86.44,-47.28,5.38,5.32,-7.75,86.81,-8.82,0,5.16,0,0,0,bunny,
348,-8.2,17.68,-2.04,24.23,23.66,-58.59,5.76,4.2,-7.49,92.21,-2.37,0,5.15,0,0,0,bunny,
349,7.54,0.67,-5.97,-176.11,-20.6,83.63,9.11,0.27,-3.84,-150.62,59.4,0,5.16,0,0,0,bunny,
350,6.9,0.05,-6.03,-162,-26.4,83.27,8.57,2.05,-2.96,-149.74,56.44,0,5.18,0,0,0,bunny,
351,6.98,0.48,-5.67,-126.4,-19.71,63.18,6.57,1.31,-4.05,-154.32,61.88,0,5.16,0,0,0,bunny,
352,7.57,0.8,-5.11,-109.87,-12.61,71.28,6,0.96,-3.13,-152.86,64.34,0,5.16,0,0,0,bunny,
353,9.52,1.47,-4.75,-104.18,-3.43,98.44,12.6,-4.07,-0.37,-210.52,36.08,0,5.17,0,0,0,bunny,
354,12.34,1.77,-4.67,-109.54,29.03,96.89,10.91,-4.66,-2.46,-212.29,37.89,0,5.17,0,0,0,bunny,
355,15.43,0.36,-4.21,-126.79,22.9,42.92,10.53,-0.36,-0.64,-209.21,4.5,0,5.17,0,0,0,bunny,
356,15.17,-1.8,-2.98,-196.16,-70.87,36.95,11.01,-1.37,-0.38,-212.98,-5.09,0,5.17,0,0,0,bunny,
357,15.89,-3.29,1,-199.13,-100.83,92.4,11.66,-3.44,-1.58,-212.25,-36.57,0,5.09,0,0,0,bunny,
358,15.48,-3.09,6.04,-125.66,-11.67,179.51,10.22,-3.82,-2.82,-208.6,-28.25,0,5.18,0,0,0,bunny,
359,-7.83,5.14,-0.02,-209.86,-32.05,243.94,7.58,-0.73,-2.88,-146.56,-61.47,0,5.17,0,0,0,bunny,
360,-6.78,5.25,-2.46,-191.75,-59.57,233.39,7.47,-0.43,-2.54,-132.87,-69.47,0,5.17,0,0,0,bunny,
361,-6.52,5.39,-5.78,-106.75,-40.11,236.95,7.86,0.19,-3.77,-128.36,-59.36,0,5.13,0,0,0,bunny,
362,-7.72,11.03,-5.84,-31.76,-30.48,174.53,7.76,0.33,-4.25,-111.21,-63.72,0,5.17,0,0,0,bunny,
363,9.38,9.4,-17.25,-208.85,-23.29,-121.53,7.53,-3.36,-5.29,-82.79,-83.5,0,5.18,0,0,0,bunny,
364,16.81,7.21,-18.64,-192.23,-11.31,-139.67,8.18,-6.23,-5.48,-87.98,-70.56,0,5.17,0,0,0,bunny,
365,19.62,1.25,-19.09,-147.43,61.85,-148.6,8.93,-0.91,-6.6,-74.23,-37.56,0,5.17,0,0,0,bunny,
366,19.62,-2.26,-14.68,-35.68,52.73,-102.26,9.12,1.3,-5.53,-67.21,-32.17,0,5.17,0,0,0,bunny,
367,19.62,-12.14,-18.03,-55.5,21.66,-65.5,9.45,-1.23,-7.3,-113.66,-13.3,0,5.16,0,0,0,bunny,
368,19.62,-15.73,-1.46,-220.31,55.56,-89.31,8.61,0.53,-6.35,-103.3,-19.98,0,5.17,0,0,0,bunny,
369,12.66,-5.44,-3.09,-109.89,36.81,44.78,5.05,6.22,-4.64,-79.39,21.5,0,5.16,0,0,0,bunny,
370,7.41,-4.27,0.29,-42.98,77.4,82.85,6.74,8.26,-4.43,-64.08,-12.65,0,5.15,0,0,0,bunny,
371,-3.91,3.73,-1.86,2.21,-3.63,111.35,8.49,1.07,-7.63,-23.06,-32.4,0,5.13,0,0,0,bunny,
372,-4.36,3.96,-0.62,-22.92,-27.69,85.08,7.47,1.89,-6.95,-8.31,-37.88,0,5.15,0,0,0,bunny,
373,-4.77,7.91,0.31,-3.94,73.55,20.16,7.22,2.91,-8.2,57.3,-27.79,0,5.16,0,0,0,bunny,
374,-3.56,8.17,-0.72,4.93,39.69,35.4,6.9,1.97,-6.98,24.64,-32.5,0,5.16,0,0,0,bunny,
375,1.88,10.11,-2.54,-24.03,1.34,44.62,6.46,-3.12,-9.65,11.84,-44.51,0,5.13,0,0,0,bunny,
376,8.78,12.74,-3.86,-51.69,16.68,4.6,7.7,-6.21,-8.96,16.69,-22.99,0,5.12,0,0,0,bunny,
377,13.9,12.35,-6.88,-56.43,48.24,-29.73,7.27,-3.11,-8.24,14.46,-2.98,0,5.15,0,0,0,bunny,
378,19.62,5.42,-14.89,-120.51,-34.5,-88.65,7.2,-1.75,-6.85,35.95,-9.31,0,5.15,0,0,0,bunny,
379,19.62,0.95,-13.81,-103.62,-40.63,-80.51,6.85,-3.28,-6.02,5.27,-11.82,0,5.16,0,0,0,bunny,
380,19.62,-0.68,-12.83,-78.97,-10.99,-79.91,7.65,-4.07,-6.41,-7.39,-10.85,0,5.11,0,0,0,bunny,
381,9.47,-1.2,-13.1,-197.06,-250.14,35.45,8.43,-3.56,-7.15,-22.75,10.37,0,5.14,0,0,0,bunny,
382,15.06,-15.46,-4.22,-77.3,-72.28,43.78,9.61,0.91,-6.61,-59.16,8.53,0,5.15,0,0,0,bunny,
383,13.96,-14.36,-0.66,56.94,39.15,64.15,9.59,0.17,-5.41,-74.5,7.76,0,5.14,0,0,0,bunny,
384,1.52,-5.85,4.96,114.91,84.71,111.55,6.91,-0.02,-6.29,-95.33,27.58,0,5.13,0,0,0,bunny,
385,-4.45,-0.7,4.36,67.31,-9.05,98.24,7.03,1.92,-6.21,-50.12,32.11,0,5.15,0,0,0,bunny,
386,0.55,6.13,-0.74,49.7,1.69,-22.56,6.69,2.67,-6.7,0.53,3.54,0,5.15,0,0,0,bunny,44
387,1.48,8.48,-1.96,61.07,68.56,-34.7,8.55,1.31,-6.8,22.53,-6.48,0,5.15,0,0,0,bunny,
388,15.06,9.04,-8.14,-22.21,-69.94,-105.6,6.48,1.94,-7.02,56.79,11.8,0,5.16,0,0,0,bunny,
389,15.12,5.96,-8.55,-13.44,-17.5,-64.37,6.35,2.66,-6.82,77.33,2.44,0,5.15,0,0,0,bunny,
390,10.82,3.88,-8.04,20.75,61.94,-64.87,7.63,0.12,-6.63,87.51,-4.11,0,5.14,0,0,0,bunny,
391,11.98,3.42,-6.24,56.79,-5.89,-60.7,8.32,-1.51,-7.88,59.41,-6.12,0,5.16,0,0,0,bunny,
392,16.43,-1.23,-7.66,-82.55,-33.5,-47.59,7.48,0.42,-7.26,47.44,25.66,0,5.15,0,0,0,bunny,
393,18.41,-2.5,-10.23,-18.21,-83.72,-10.65,7.59,1.31,-7.15,44.21,28.69,0,5.15,0,0,0,bunny,
394,13.03,-5.01,-3.33,45.26,8.02,40.91,6.67,1.74,-7.56,42.86,43.22,0,5.16,0,0,0,bunny,
395,8.44,-3.54,-2.29,59.24,-12.73,38.99,7.13,1.53,-7.21,34.68,51.24,0,5.15,0,0,0,bunny,
396,4.19,2.81,-1.05,111.5,207.44,-22.98,10.46,-0.34,-4.9,92.94,66.79,0,5.14,0,0,0,bunny,
397,5.66,2.72,-4.36,110.06,250.13,-79.57,10.27,-1.03,-4.15,89.85,55.65,0,5.15,0,0,0,bunny,
398,10.35,5.59,-7.9,148.85,250.13,-166.7,10.05,-1.93,-4.25,89.69,46.31,0,5.12,0,0,0,bunny,
399,19.62,5.86,-4.16,65.08,153.85,-141.85,9.75,-1.56,-6.23,104.55,46.04,0,5.15,0,0,0,bunny,
400,19.62,3.94,-0.59,37.11,134.26,32.88,7.72,-0.81,-6.07,105.39,65.43,0,5.1,0,0,0,bunny,
401,19.62,-1.69,-1.55,104.95,129.27,166.5,7.45,0.7,-6.61,117.5,66.37,0,5.15,0,0,0,bunny,
402,19.62,-1.23,0.11,107.22,191.05,147.89,7.2,1.15,-4.79,115.91,81.95,0,5.12,0,0,0,bunny,
403,19.62,-0.79,1.78,140.44,28.44,190.69,6.93,-0.88,-3.81,117.67,83.97,0,5.15,0,0,0,bunny,
404,9.18,1.98,0.17,43.32,135.17,223.2,8.27,-3.18,-2.34,53.53,128.97,0,5.15,0,0,0,bunny,
405,7.75,2.17,0.56,-20.01,98.6,222.36,7.82,-2.39,-0.55,35.71,127.76,0,5.15,0,0,0,bunny,
406,4.02,2.51,0.86,19.93,137.39,224.76,7.93,-2.83,0.51,31.93,111.2,0,5.16,0,0,0,bunny,
407,1.83,2.24,0.23,-31.12,159.69,208.08,8.23,-2.37,-0.23,41.62,100.6,0,5.15,0,0,0,bunny,
408,1.89,-2.93,1.02,-19.63,31.27,120.65,7.85,-1.77,0.97,28.48,88.33,0,5.15,0,0,0,bunny,
409,3.99,-4.37,2.98,-37.76,13.92,100.18,8.73,-1.18,1.53,-10.95,87.2,0,5.13,0,0,0,bunny,
410,4.92,-6.07,4.06,-109.26,84.95,49.85,10.03,-0.54,0.78,-7.5,66,0,5.15,0,0,0,bunny,
411,4.41,-6.18,3.12,-170.93,90.63,-9.17,10.06,-0.23,0.68,-10.29,59.85,0,5.13,0,0,0,bunny,
412,5.69,-5.9,1.25,-61.64,74.12,83.85,10.24,0.67,2.34,-7.35,48.3,0,5.16,0,0,0,bunny,
413,6.17,-6.14,1.34,-63.4,105.77,97,10.41,0.48,2.22,-1.93,37.89,0,5.16,0,0,0,bunny,
414,5.33,-7.4,1.94,-39.91,34.55,58.49,9.27,0.73,2.35,11.25,15.95,0,5.15,0,0,0,bunny,
415,6.05,-7.5,2.84,-40.5,29.7,65.71,8.92,0.74,2.4,8.44,15.98,0,5.15,0,0,0,bunny,
416,2.47,-6.13,2.48,-28.89,76.18,107.68,9.17,1.47,2.47,16.66,25.76,0,5.13,0,0,0,bunny,
417,2.38,-5.91,2.27,-32.27,60.85,91.53,9.68,1.68,4.08,25.71,25.11,0,5.15,0,0,0,bunny,
418,3.22,-8.11,2.53,-44.91,74.16,73.18,9.71,0.85,2.98,26.58,13.59,0,5.08,0,0,0,bunny,
419,2.72,-8.24,2.74,-53.38,97.69,49.76,9.54,0.6,3.13,33.01,13.33,0,5.16,0,0,0,bunny,
420,1.91,-8.54,2.72,-82.33,95.92,21.17,9.25,0.61,3.72,39.06,10.9,0,5.15,0,0,0,bunny,
421,7.1,-10.25,1.89,-133.14,69.29,79.76,10.56,-0.77,2.81,33.99,1.54,0,5.14,0,0,0,bunny,
422,3.66,-11.45,0.95,-186.18,171.58,105.95,10.49,-0.94,3.43,30.79,2.62,0,5.12,0,0,0,bunny,
423,-0.17,-8.9,-1.45,-141.39,-9.76,109.12,9.19,-0.31,1.78,14.99,4.15,0,5.15,0,0,0,bunny,
424,-0.37,-11.22,-1.65,-200.72,146.18,89.78,8.73,-0.17,1.84,8.2,6.22,0,5.15,0,0,0,bunny,
425,-4.4,-10.75,-4.79,-96.92,146.35,63.69,8.31,0.26,1.88,9.68,19.65,0,5.14,0,0,0,bunny,
426,-5.25,-9.83,-6.5,14.35,143.22,27.03,8.32,-0.22,2.03,7.02,16.64,0,5.15,0,0,0,bunny,
427,-8.52,-11.23,-3.13,250.13,132.47,-250.14,9.13,-0.64,2.91,-2.23,18.18,0,5.15,0,0,0,bunny,
428,-4.72,-4.57,-0.54,250.13,36.9,-250.14,9.15,-1.01,2.68,-1.31,16.18,0,5.16,0,0,0,bunny,
429,9.74,2.03,11.29,162.31,54.63,-196.02,8.41,-0.22,3.21,-18.08,19.52,0,5.15,0,0,0,bunny,
430,8.07,1.53,11.53,32.19,85.65,-55.79,8.43,0,3.03,-14.83,15.96,0,5.15,0,0,0,bunny,
431,5.29,-6.18,6.03,-234.53,-75.63,167.87,8.98,-2.18,2.33,-23.26,7.48,0,5.15,0,0,0,bunny,
432,4.53,-8.79,3.06,-250.14,-109.5,191.82,9.39,-1.48,2.6,-25.31,12.21,0,5.15,0,0,0,bunny,
433,1.5,-8.27,3.17,-250.14,-138.92,206.77,9.7,-1.52,2.58,-33.66,13.23,0,5.1,0,0,0,bunny,
434,3.56,-12.92,-2.35,-250.14,-48.57,250.13,9.98,-1.76,2.59,-39.96,9.86,0,5.14,0,0,0,bunny,
435,-4.93,-12.32,-15.12,158.27,250.13,53.08,9.11,-1.43,2.7,-44.37,2.61,0,5.15,0,0,0,bunny,
436,-7.27,-12.3,-9.39,250.13,250.13,-114.11,8.27,-0.86,3.07,-48.15,6.62,0,5.15,0,0,0,bunny,
437,-7.04,-5.09,-0.93,250.13,150.18,-250.14,7.98,-0.1,3.77,-46.39,6.89,0,5.15,0,0,0,bunny,
438,-5.36,6.21,4.85,250.13,57.44,-250.14,8.2,-0.45,3.65,-61.54,9.98,0,5.15,0,0,0,bunny,
439,13.57,15.18,19.62,-15.76,79.86,-16.98,9.85,-0.56,3.99,-52.53,16.94,0,5.16,0,0,0,bunny,
440,8.02,7.42,14.8,-250.14,10.96,148.24,8.75,0.77,3.63,-43.03,12.31,0,5.15,0,0,0,bunny,
441,-3.61,-2.89,-3.2,-250.14,8.82,250.13,8.11,-0.89,2.22,-45.11,10.39,0,5.15,0,0,0,bunny,
442,-0.18,-3.27,-6.79,-250.14,-41.12,250.13,9.46,-0.96,3.31,-43.28,5.96,0,5.14,0,0,0,bunny,
443,-7.76,-10.03,-2.28,250.13,-203.99,-250.14,9.54,-0.62,3.67,-20.91,8.82,0,5.13,0,0,0,bunny,
444,-9.17,6.07,-1.69,250.13,-196.32,-250.14,9.8,-0.52,3.6,-16.53,8.8,0,5.15,0,0,0,bunny,
445,6.48,18.88,2.79,250.13,-250.14,-250.14,9.5,0.35,3.96,-10.2,4.75,0,5.1,0,0,0,bunny,
446,19.62,19.62,14.66,250.13,-250.14,-152.73,8.94,0.81,3.41,-2.85,5.11,0,5.15,0,0,0,bunny,
447,18.53,8.87,18.5,97.67,-193.23,84.89,8.6,0.34,3.24,2.03,2.02,0,5.14,0,0,0,bunny,
448,7.95,6.23,13.54,-250.14,-90.27,82.33,8.71,0.63,3.8,10.4,-1.61,0,5.13,0,0,0,bunny,
449,6.32,1.52,8.52,-250.14,230.68,180.55,8.95,0.63,3.15,22.56,-7.55,0,5.1,0,0,0,bunny,
450,7.47,-4.57,6.28,-250.14,195.15,177.21,9.33,0.29,3.31,17.56,-4.7,0,5.15,0,0,0,bunny,
451,5.7,-1.87,4.66,-250.14,4.97,225.4,9.18,0.3,2.81,25.47,-6.28,0,5.15,0,0,0,bunny,
452,8.14,-2.14,2.49,-250.14,-178.44,250.13,7.82,3.86,2.1,44.44,11.34,0,5.16,0,0,0,bunny,
453,6.69,-4.26,3,-250.14,12.98,250.13,8.59,3.08,3.62,52.21,-14.25,0,5.13,0,0,0,bunny,
454,0.27,-10.04,0.32,-128.6,-77.91,250.13,6.93,4.87,4.56,120.79,-34.89,0,5.15,0,0,0,bunny,
455,-0.69,-10.03,0.29,-73.66,-150.74,250.13,7.13,4.69,4.27,129.33,-32.01,0,5.16,0,0,0,bunny,
456,-1.93,-11.2,0.06,-89.66,-180.23,188.18,7.9,4.44,4.71,141.17,-35.89,0,5.11,0,0,0,bunny,
457,-1.56,-12.64,0.69,-109.92,-250.14,113.34,8.17,3.3,5.32,153.13,-37.43,0,5.16,0,0,0,bunny,
458,-4.7,-13.01,5.7,-72.99,-250.14,23.21,7.98,1.22,5.87,203.37,-9.08,0,5.12,0,0,0,bunny,
459,-3.74,-12.73,6.97,-82.58,-247.73,45.48,8.4,0.8,6.19,211.07,-0.23,0,5.15,0,0,0,bunny,
460,-4.42,-11.08,8,-187.76,-123.29,44.83,8.55,-0.69,6.71,211.24,7.53,0,5.11,0,0,0,bunny,
461,-5.31,-10.47,7.24,-219.28,-131.44,52.82,8.14,-1.65,7.08,200.43,8.95,0,5.15,0,0,0,bunny,
462,-1.2,-9.78,5.48,-219.3,-195.75,-11.27,6.87,-4.89,4.71,179.17,-8.79,0,5.16,0,0,0,bunny,
463,-2,-10.22,4.24,-225.84,-172.6,-29.77,6.56,-5.1,4.89,168.13,-8.27,0,5.16,0,0,0,bunny,
464,-0.71,-9.99,0.87,-154.34,-92.33,-57.06,7.54,-5.14,1.88,144.44,-19.44,0,5.14,0,0,0,bunny,
465,-0.32,-9.64,-0.78,-117.72,-113.18,-65.19,7.64,-4.62,3.99,133,2.37,0,5.14,0,0,0,bunny,
466,-0.05,-9.58,-1.58,-104.18,-136.02,-71.27,7.82,-4.73,4.03,123.47,-12.8,0,5.12,0,0,0,bunny,
467,-0.19,-9.63,-2.03,-107.01,-170.99,-80.41,8.63,-4.17,2.36,112.46,7.56,0,5.15,0,0,0,bunny,
468,-1.27,-11.54,-2.85,-12.1,-168.53,-53.54,10.32,-0.22,5.76,106.78,27.73,0,5.15,0,0,0,bunny,
469,-0.86,-10.86,-1.72,-20.83,-143.66,-46.4,8.33,0.93,5.61,89.92,7.73,0,5.1,0,0,0,bunny,
470,-1.56,-11.88,-0.57,3.06,-40.56,-36.72,6.31,-2.94,3.41,101.73,1.54,0,5.15,0,0,0,bunny,
471,-2.31,-10.7,0.41,14.69,-33.93,-38.8,6.32,-2.03,4.59,104.8,-2.2,0,5.15,0,0,0,bunny,
472,-1.95,-9.3,-1.51,30.73,-80.81,-70.32,7.62,-1.66,3.2,88.93,-0.89,0,5.15,0,0,0,bunny,
473,-1.98,-10.3,-1.43,118.17,-92.47,-74.44,8.17,-0.57,3.48,90.21,-2.85,0,5.14,0,0,0,bunny,
474,0.44,-14.12,-5.83,250.13,-206.57,-199.73,9.14,-0.74,3.89,87.55,-8.76,0,5.15,0,0,0,bunny,
475,-3.72,0.54,-6.14,250.13,-250.14,-121.4,10.54,-1.59,3.5,65.69,8.36,0,5.15,0,0,0,bunny,
476,8.58,5.89,-5.17,250.13,-250.14,-60.29,11.46,-1,3.9,60.37,15.44,0,5.1,0,0,0,bunny,
477,11.87,11.54,9.77,250.13,-250.14,-18.72,11.63,-0.9,4.49,52.95,17.37,0,5.16,0,0,0,bunny,
478,7.48,-0.45,8.46,-250.14,243.43,67.52,7.75,0.17,4.15,42.58,5.69,0,5.16,0,0,0,bunny,
479,5.28,-0.34,7.42,-250.14,250.13,120.29,7.85,0.48,4.24,42.24,7.63,0,5.16,0,0,0,bunny,
480,-1,-18.75,-6.93,-250.14,250.13,156.05,8.73,0.69,3.87,47.75,-2.08,0,5.15,0,0,0,tapshoulder,
481,-9.7,-14.36,-7.47,-242.46,-46.88,105.4,8.94,0.26,3.77,45.48,-8.6,0,5.15,0,0,0,tapshoulder,
482,-4.26,-13.25,-6.68,250.13,-67.91,-162.35,8.37,-0.74,4.42,32.74,-8.67,0,5.15,0,0,0,tapshoulder,
483,-2.96,-15.09,-7.12,250.13,-243.28,-250.14,8.79,-0.64,3.53,32.53,-11.44,0,5.14,0,0,0,tapshoulder,
484,5.11,10.43,2.59,250.13,-250.14,-114.1,8.54,-0.01,3.45,14.01,4.97,0,5.15,0,0,0,tapshoulder,
485,19.62,3.41,14.09,68.62,-250.14,-93.21,9.14,1.14,3.23,24.01,4.56,0,5.15,0,0,0,tapshoulder,
486,9.86,6.26,12.28,-250.14,250.13,199.5,8.76,0.08,3.87,7.73,9.36,0,5.12,0,0,0,tapshoulder,
487,11.44,1.75,8.9,-250.14,250.13,125.21,8.33,0.07,4.2,13.55,10,0,5.14,0,0,0,tapshoulder,
488,-1.99,-10.8,-9.47,-250.14,210.01,250.13,7.95,0.36,3.94,15.01,-1.66,0,5.15,0,0,0,tapshoulder,
489,-11.65,5.28,-8.91,-250.14,-42.44,1.98,8.15,-0.16,3.98,17.73,-6.94,0,5.14,0,0,0,tapshoulder,
490,-4.55,-14.07,-6.69,250.13,-200.88,-127.93,8.36,-0.26,2.83,3.22,-1.6,0,5.15,0,0,0,tapshoulder,
491,2.51,-11.23,-3.57,250.13,-131.52,-136.94,8.55,0.24,3,-3.53,5.69,0,5.15,0,0,0,tapshoulder,
492,-5.83,8.3,-6.07,250.13,-250.14,-166.26,9.35,0.24,3.76,-5.81,4.53,0,5.15,0,0,0,tapshoulder,
493,-1.37,3.72,1.75,250.13,-250.14,-160.44,9.48,0.38,4.29,-4.23,5.37,0,5.15,0,0,0,tapshoulder,
494,4.65,1.06,17.84,225.15,-7.59,-18.84,9.01,-1.35,3.09,-21.01,-0.43,0,5.16,0,0,0,tapshoulder,
495,5.96,3.36,12.32,30.66,18.3,24.23,10.11,-1.19,3.86,-30.07,4.39,0,5.15,0,0,0,tapshoulder,
496,4.93,1.51,9.97,-77.94,53.98,50.66,9.35,-0.88,4.22,-37.76,-11.23,0,5.12,0,0,0,tapshoulder,
497,5.58,0.45,8.81,-122.12,70.77,41.66,9.47,-1.61,4.22,-49.78,-14.86,0,5.15,0,0,0,tapshoulder,
498,5.13,1.73,9.18,-232.03,171.72,26.76,9.25,-2.16,4.43,-64.74,-11.4,0,5.15,0,0,0,tapshoulder,
499,7.05,4.48,12.9,-250.14,138.85,103.94,8.87,-2.08,4.17,-75.79,-20.15,0,5.14,0,0,0,tapshoulder,
500,9.87,2.26,15.68,-250.14,182.53,157.93,8.94,-2.15,3.8,-78.68,-10.02,0,5.15,0,0,0,tapshoulder,
501,11.57,0.44,10.56,-250.14,250.13,189.4,8.76,-2.41,5.08,-90.6,-12.58,0,5.15,0,0,0,tapshoulder,
502,6.68,0,7.45,-250.14,250.13,202.11,8.49,-2.57,3.82,-103.42,-9.45,0,5.15,0,0,0,tapshoulder,
503,-9.44,-5.27,-7.3,-250.14,250.13,28.8,8.6,-2.48,4.96,-136.93,-3.94,0,5.15,0,0,0,tapshoulder,
504,-2.39,-11,-3.41,-195.35,250.13,150.69,8.77,-2.77,5.15,-153.28,-8.54,0,5.14,0,0,0,tapshoulder,
505,-0.46,-10.84,-5.74,-108.27,250.13,160.02,8.38,-2.77,5.3,-168.07,-9.27,0,5.1,0,0,0,tapshoulder,
506,-0.39,-9.05,-5.25,-38.95,211.79,140.85,8.44,-2.78,5.56,-178.18,-12.46,0,5.15,0,0,0,tapshoulder,
507,-3.79,-10.03,-8.69,104.27,225.9,36.84,7.41,-1.29,6.41,-218.05,-10.69,0,5.15,0,0,0,tapshoulder,
508,-4.53,-9.28,-8.32,132.02,250.13,23.67,7.33,-1.2,6.48,-223.11,-10.53,0,5.13,0,0,0,tapshoulder,
509,11.08,7.75,5.99,-164.31,-162.52,41.09,9.03,-0.6,3.07,-31.9,-8.37,0,5.16,0,0,0,tapshoulder,
510,11.36,11.45,2.91,-171.23,7.5,55.83,9.06,-0.75,3.25,-43.6,-6.43,0,5.15,0,0,0,tapshoulder,
511,14.15,14.31,8.05,-250.14,250.13,250.13,9.68,-1.67,3.57,-69.13,-23,0,5.16,0,0,0,tapshoulder,
512,14.57,13.37,6.5,-250.14,250.13,250.13,9.41,-2.12,3.09,-84.72,-23.47,0,5.16,0,0,0,tapshoulder,
513,4.17,2.55,3.71,-250.14,250.13,250.13,8.42,-1.61,3.46,-114.98,-28.73,0,5.15,0,0,0,tapshoulder,
514,2.32,-1.39,1.77,-250.14,250.13,250.13,8.56,-1.32,3.69,-121.4,-22.5,0,5.15,0,0,0,tapshoulder,
515,2.61,-10.39,-8.41,-44.64,124.01,17.31,9.05,-0.94,5.27,-176.53,-25.85,0,5.16,0,0,0,tapshoulder,
516,3.68,-9.64,-7.66,0.3,239.02,-50.7,9.17,-0.66,5.25,-187.02,-26.64,0,5.14,0,0,0,tapshoulder,
517,0.45,-3.79,-8.29,-110.33,250.13,-232.46,8.8,-0.35,5.13,-191.28,-26.93,0,5.09,0,0,0,tapshoulder,
518,5.2,-14.36,-9.06,-25.31,125.43,44.05,8.47,-0.02,5.57,-192.11,-26.83,0,5.16,0,0,0,tapshoulder,
519,0.72,-10.52,-7.65,90.26,250.13,174.56,8.45,0.1,5.44,-190.56,-23.9,0,5.16,0,0,0,tapshoulder,
520,-0.38,-9.58,-6.16,129.97,211.6,190.66,8.28,-0.49,5.33,-209.75,-20.16,0,5.16,0,0,0,tapshoulder,
521,-1.36,-7.75,-5.22,96.91,199.33,129.73,8.47,0.78,5.51,-204.49,-22.21,0,5.16,0,0,0,tapshoulder,
522,-1.64,-9.5,-4.4,67.44,195.56,108.96,7.98,0.98,5.34,-194.11,-21.31,0,5.16,0,0,0,tapshoulder,
523,-2.86,-10.52,-3.76,48.28,215.5,111.44,7.81,0.84,5.24,-188.73,-18.86,0,5.14,0,0,0,tapshoulder,
524,-5.51,-11.48,-4.69,20.25,250.11,100.31,7.74,0.94,5.32,-204.89,-9.8,0,5.16,0,0,0,tapshoulder,
525,-5.69,-11.41,-5.02,143.47,207.47,175.4,7.9,2.45,5.21,-181.98,-11.06,0,5.16,0,0,0,tapshoulder,
526,-8.87,-7.28,-1.39,212.84,192.49,102.02,8.04,2.25,4.24,-165.47,-12.83,0,5.15,0,0,0,tapshoulder,
527,-9.45,-8.58,1.85,225.16,247.14,36.86,7.88,2.2,4.3,-160.87,-15.78,0,5.15,0,0,0,tapshoulder,
528,-0.82,-7.48,5.62,94.37,241.88,14.07,7.69,1.9,3.44,-151.73,-12.28,0,5.16,0,0,0,tapshoulder,
529,-2.87,-8.26,-0.14,27.68,250.13,43.86,7.5,2.1,3.41,-150.73,-8.73,0,5.11,0,0,0,tapshoulder,
530,-3.74,-7.18,-2.45,92.14,105.73,54.44,8.42,2.09,3.33,-132.76,4.54,0,5.2,0,0,0,tapshoulder,
531,-3.63,-6.77,-0.34,37.45,102.4,45.11,8.94,1.12,3.08,-125.41,5.82,0,5.19,0,0,0,tapshoulder,
532,-5.05,-9.14,0.5,-12.55,131.95,46.94,8.54,0.68,2.91,-120.35,7.31,0,5.16,0,0,0,tapshoulder,
533,-6.84,-9.07,0.56,-22.05,152.61,56.92,8.95,-0.07,2.62,-120.24,10.95,0,5.19,0,0,0,tapshoulder,
534,-8.25,-10.89,-2.38,-15.24,91.11,1.27,9.68,-0.25,4.18,-121.41,10.83,0,5.18,0,0,0,tapshoulder,
535,-5.82,-9.48,-2.05,-1.68,25.08,-25.34,9.73,0.19,3.74,-114.51,5.8,0,5.19,0,0,0,tapshoulder,
536,-2.95,-8.15,-2.58,24.04,73.03,1.03,9.69,0.63,3.36,-103.36,3.65,0,5.2,0,0,0,tapshoulder,
537,-2.46,-8.34,-3.49,27.81,99.84,18.78,10.1,1.07,3.4,-96.58,-0.53,0,5.21,0,0,0,tapshoulder,
538,-5.93,-7.29,-4.49,135.2,109.94,-13.22,9.08,0.28,2.11,-87.41,-7.49,0,5.19,0,0,0,tapshoulder,
539,-7.73,-8.22,-6.2,162.37,146.82,-93.23,8.12,0.01,2.15,-86.65,-4,0,5.18,0,0,0,tapshoulder,
540,-9.53,-12.45,-3.66,250.13,84.83,-250.14,7.17,-0.3,2.09,-87.92,-1.68,0,5.18,0,0,0,tapshoulder,
541,-16.75,-14.91,-1.95,250.13,9.34,-250.14,7.87,0.36,2.09,-85.4,-1.95,0,5.19,0,0,0,tapshoulder,
542,2.63,6.92,-11.35,250.13,-227.56,-250.14,8.8,0.62,2.16,-71.96,5.27,0,5.16,0,0,0,tapshoulder,
543,9.85,12.08,-10.39,250.13,19.66,-250.14,9.01,0.8,2.1,-69.65,9.37,0,5.15,0,0,0,tapshoulder,
544,11.62,17.63,14.49,-250.14,15.4,115.08,9.8,1.85,3.4,-51.06,3.85,0,5.17,0,0,0,tapshoulder,
545,10.24,9.3,13.25,-250.14,-126.02,217.85,8.39,1.64,3.38,-52.25,4,0,5.18,0,0,0,tapshoulder,
546,1.6,-8.33,-9.85,-250.14,200.12,250.13,7.78,1.24,2.45,-46.7,0.3,0,5.17,0,0,0,tapshoulder,
547,-19.62,10.49,-2.25,-250.14,250.13,154.78,8.69,1.28,3.36,-47.51,7.22,0,5.17,0,0,0,tapshoulder,
548,-11.74,-7.8,-3.36,250.13,-250.14,35.51,9.72,2.64,3.07,-4.05,3.76,0,5.16,0,0,0,tapshoulder,
549,-10.81,-10.06,1.95,250.13,-250.14,-250.14,7.71,2.83,2.1,2.41,7.61,0,5.16,0,0,0,tapshoulder,
550,4.75,7.3,-2.79,250.13,-250.14,-250.14,9.62,1.54,3.54,29.5,0.58,0,5.16,0,0,0,tapshoulder,
551,11.99,3.06,-0.97,250.13,-250.14,-250.14,9.57,1.59,3.89,37.89,2.34,0,5.12,0,0,0,tapshoulder,
552,7.83,0.07,2.25,250.13,-27.89,79.86,8.94,2.13,3.47,62.98,2,0,5.16,0,0,0,tapshoulder,
553,8.43,1.07,10.91,250.13,-56.76,175.51,9.13,2.11,3.63,76.11,2.38,0,5.16,0,0,0,tapshoulder,
554,4.81,3.24,14.3,158.99,-230.15,216.84,9.2,2.2,4.36,81.74,9.46,0,5.13,0,0,0,tapshoulder,
555,5.96,0.27,16.94,50.27,-250.14,218.73,8.21,1.82,4.26,80.37,-1.79,0,5.15,0,0,0,tapshoulder,
556,11.54,-2.13,13.12,-78.85,-250.14,246.45,7.95,1.46,4.44,82.03,-18.5,0,5.16,0,0,0,tapshoulder,
557,8.22,-1.16,7.71,-250.14,-182.5,250.13,9.07,0.71,4.35,77.28,-12.93,0,5.16,0,0,0,tapshoulder,
558,7.06,-0.39,4.77,-250.14,-153.43,250.13,8.74,0.4,4.32,75.6,-14.51,0,5.16,0,0,0,tapshoulder,
559,-0.19,-0.39,-10.1,-250.14,-84.61,182.3,8.99,0.29,3.69,83.65,-11.5,0,5.16,0,0,0,tapshoulder,
560,0.48,0.18,-10.47,-250.14,-148.59,170.79,8.26,0.42,3.51,87.54,-7.85,0,5.14,0,0,0,tapshoulder,
561,-0.63,-4.45,-17.17,-209.01,-205.9,56.09,8.39,-0.61,4.03,68.92,-31.01,0,5.16,0,0,0,tapshoulder,
562,-2.5,-4.25,-16.1,-140.58,-250.14,-28.53,8.64,-3.38,2.52,65.91,-34.41,0,5.14,0,0,0,tapshoulder,
563,-0.76,1.46,-19.62,61.24,-129.46,-46.05,6.25,-2.54,3.2,47.74,-50.01,0,5.15,0,0,0,tapshoulder,
564,1.38,-1.83,-19.62,167.59,-145.84,-51.2,6.43,-1.64,2.75,72,-59.63,0,5.13,0,0,0,tapshoulder,
565,0.55,-8.87,-13.8,250.13,27.78,-8.33,12.08,-4.29,2.41,56.76,-44.02,0,5.15,0,0,0,tapshoulder,
566,-0.46,-10.04,-9.81,250.13,-19.5,5.49,13.5,-4.83,2.61,60.93,-48.65,0,5.16,0,0,0,tapshoulder,
567,-3.95,-2.88,-0.64,250.13,-250.14,-167.93,11.31,-4.97,0.59,73.16,-22.87,0,5.16,0,0,0,tapshoulder,
568,-2.81,11.99,8.65,250.13,-250.14,-250.14,8.69,-3.03,0.72,83.3,-2.72,0,5.15,0,0,0,tapshoulder,
569,16.16,18.26,12.47,250.13,-249.15,-250.14,7.45,-2.51,1.07,111.39,3.28,0,5.16,0,0,0,tapshoulder,
570,19.62,17.2,19.62,250.13,27.19,-250.14,6.83,-2.56,1.32,106.49,3.53,0,5.15,0,0,0,tapshoulder,
571,8.25,5.8,7.26,-250.14,179.24,250.13,6.6,-2.93,0.21,89.93,6.8,0,5.16,0,0,0,tapshoulder,
572,4.31,1.39,6.32,-250.14,-250.14,250.13,7.04,-3.38,-0.06,76.04,11.53,0,5.15,0,0,0,tapshoulder,
573,3.27,-0.42,6.18,-250.14,-111.98,250.13,8.2,-3.94,-0.9,64.5,11.76,0,5.14,0,0,0,tapshoulder,
574,6.61,-8.2,4.73,-250.14,-250.14,250.13,9.81,-3.39,1.23,51.64,22.03,0,5.16,0,0,0,tapshoulder,
575,-0.43,-2.12,-3.07,-250.14,250.13,250.13,10.27,-2.4,2.03,65.98,15.82,0,5.16,0,0,0,tapshoulder,
576,-2.15,3.92,-3.82,-250.14,188.37,250.13,10.78,-2.65,2.63,55.21,26.02,0,5.13,0,0,0,tapshoulder,
577,-1.38,7.08,-17.93,-250.14,93.83,250.13,11.08,-1.11,2.79,58.31,30.36,0,5.16,0,0,0,tapshoulder,
578,-0.69,0.31,-19.62,-250.14,125.42,128.53,10.1,-1.41,2.89,68.82,21.38,0,5.16,0,0,0,tapshoulder,
579,-4.6,11.4,-19.62,64.54,175.84,-8.43,9.01,0.02,2.11,65.56,16.41,0,5.16,0,0,0,tapshoulder,
580,0.83,13.89,-19.62,250.13,250.13,-130.27,10.42,0.77,2.32,62.95,17.94,0,5.15,0,0,0,tapshoulder,
581,1.4,-1.43,-16.67,250.13,-85.15,132.14,7.73,1.87,1.49,35.77,6.59,0,5.16,0,0,0,tapshoulder,
582,2.27,-0.24,-12.71,250.13,-112.92,83.18,7.14,1.73,1.21,35.5,-2.72,0,5.15,0,0,0,tapshoulder,
583,1.3,0.98,-11.33,250.13,-127.36,21.41,8.13,2.49,1.18,23.53,-4.93,0,5.16,0,0,0,tapshoulder,
584,2.9,4.15,-10.87,250.13,-250.14,-47.05,8.33,2.36,2.5,11.62,3.02,0,5.16,0,0,0,tapshoulder,
585,19.62,9.84,4.92,250.13,-250.14,-250.14,9.5,2.56,2.41,21.9,-6.63,0,5.15,0,0,0,tapshoulder,
586,17.47,19.2,1.75,250.13,-128.44,-250.14,8.86,1.87,3.25,15.81,-10.19,0,5.16,0,0,0,tapshoulder,
587,7.75,19.62,8.59,250.13,133.17,-250.14,7.43,2.68,2.28,17.2,0.63,0,5.15,0,0,0,tapshoulder,
588,3.48,19.62,19.62,-218.74,-250.14,250.13,8.13,2.34,1.42,-19.77,14.86,0,5.15,0,0,0,tapshoulder,
589,14.57,17.07,11.04,-250.14,250.13,96.15,10.3,2.4,2.09,38.31,-18.18,0,5.11,0,0,0,tapshoulder,
590,-8.04,-7.61,-3.81,-250.14,29.87,91.5,10.77,2.78,3.38,17.19,3.01,0,5.16,0,0,0,tapshoulder,
591,5.58,-1.34,4.32,157.47,35.08,-135.88,9.51,2.35,3.57,5.73,-1.87,0,5.16,0,0,0,tapshoulder,
592,7.36,3.82,6.19,191.63,61.92,-137.4,10.21,1.97,2.62,0.35,-3.37,0,5.16,0,0,0,tapshoulder,
593,13.9,6.43,13.03,14.05,-48.99,-11.31,9.09,2.48,2.99,-6.87,4.15,0,5.15,0,0,0,tapshoulder,
594,12.58,5.26,11.39,-79.68,-37.93,68.54,8.66,2.5,2.96,-7.21,0.22,0,5.15,0,0,0,tapshoulder,
595,9.18,4.2,6.65,-92.21,46.99,78.73,7.85,2.57,2.04,-6.22,-7.66,0,5.15,0,0,0,tapshoulder,
596,8.07,6.09,8.04,-126.54,-34.25,63.2,8.07,2.51,1.71,-3.98,-14.27,0,5.14,0,0,0,tapshoulder,
597,9.74,8.75,11.09,-163.43,-85.26,27.56,9.83,2.58,2.23,0.31,-19.18,0,5.15,0,0,0,tapshoulder,
598,9.95,9.16,11.78,-170.95,-34.55,52.92,9.91,2.44,2.14,-3.53,-18.39,0,5.15,0,0,0,tapshoulder,
599,11.54,5.02,4.11,-250.14,-6.72,148.78,9.14,3.42,2.32,-10.75,-11.44,0,5.15,0,0,0,tapshoulder,
600,8.2,5.19,1.57,-250.14,21.93,179.5,8.72,4.01,2.14,-3.56,8.85,0,5.15,0,0,0,tapshoulder,
601,5.69,-0.57,-3.12,-250.14,-45.19,250.13,7.58,3.72,1.34,-2.12,4.48,0,5.15,0,0,0,tapshoulder,
602,6.07,-0.63,-4.78,-250.14,14.73,250.13,7.74,3.93,1.18,-5.11,-0.08,0,5.15,0,0,0,tapshoulder,
603,-0.37,3.09,-9.25,-250.14,68.23,250.13,7.64,3.83,0.8,-1.2,-12.27,0,5.12,0,0,0,tapshoulder,
604,-1.49,6.29,-9.73,-250.14,-28.4,250.13,7.77,4.4,1.5,-4.21,-14.26,0,5.15,0,0,0,tapshoulder,
605,-4.12,8.41,-14.68,-250.14,-2.07,250.13,8.23,4.6,1.58,8.95,-23.67,0,5.1,0,0,0,tapshoulder,
606,-4.77,11.02,-19.62,-250.14,64.25,250.13,8.64,3.88,1.13,8.93,-21.98,0,5.15,0,0,0,tapshoulder,
607,-6.24,9.08,-19.62,-250.14,217.31,221.93,9.46,3.9,1.62,15.47,-22.11,0,5.16,0,0,0,tapshoulder,
608,-7.19,5.4,-19.62,250.13,250.13,-196.74,12.03,3.36,1.74,-25.05,-21.44,0,5.15,0,0,0,tapshoulder,
609,4.92,6.49,-19.62,194.56,179.91,-250.14,11.24,1.42,2.21,-38.24,-21.18,0,5.13,0,0,0,tapshoulder,
610,9.76,2.64,-14.04,250.13,2.73,-250.14,9.71,-0.09,0.84,-50.46,-31.7,0,5.16,0,0,0,tapshoulder,
611,8.15,1.8,-9.38,250.13,31.52,-209.79,10.39,0.24,1.86,-52.67,-18.97,0,5.15,0,0,0,tapshoulder,
612,7,3.82,-3.7,250.13,-43.31,-216.8,11.03,-0.97,2.25,-48.7,-24.95,0,5.15,0,0,0,tapshoulder,
613,4.67,9.13,-0.96,250.13,-68.33,-214.67,10.04,-1.49,1.05,-38.86,-13.57,0,5.15,0,0,0,tapshoulder,
614,8.51,11.25,3.22,250.13,27.24,-250.14,7.25,-1.17,1.22,-19.71,-14.79,0,5.15,0,0,0,tapshoulder,
615,10.85,15.2,6.54,250.13,-5.27,-250.14,6.83,-0.8,0.35,-3.25,-29.61,0,5.13,0,0,0,tapshoulder,
616,19.62,19.62,19.62,-250.14,-250.14,89.78,6.17,-4.32,-1.26,-32.65,21.34,0,5.16,0,0,0,tapshoulder,
617,7.4,11.75,12.02,-250.14,250.13,138.65,6.8,-4.17,-0.21,7.77,4.6,0,5.16,0,0,0,tapshoulder,
618,-7.84,8.22,4.15,-250.14,94.22,167.15,8.67,-3.05,0.91,5.54,12.89,0,5.12,0,0,0,tapshoulder,
619,13.06,-6.84,5.29,-74.91,25.1,250.13,11.83,-2.54,0.57,-7.35,33.55,0,5.15,0,0,0,tapshoulder,
620,7.91,-1.22,4.3,-250.14,-19.11,206.92,8.59,-0.65,1.2,9.09,7.5,0,5.15,0,0,0,tapshoulder,
621,5.69,-1.45,1.66,-250.14,-113.48,223.47,9.78,-0.47,0.17,-6.52,33.47,0,5.16,0,0,0,tapshoulder,
622,4.8,-2.01,-2.03,-250.14,67.55,250.13,9.3,0.65,1.97,-2.42,22.78,0,5.15,0,0,0,tapshoulder,
623,3.96,-2.07,-3.72,-250.14,63.64,250.13,7.95,0.64,1.76,-11.56,19.67,0,5.14,0,0,0,tapshoulder,
624,3.13,-1.7,-4.25,-250.14,18.33,250.13,7.19,0.8,1.9,-8.68,19.26,0,5.12,0,0,0,tapshoulder,
625,2.2,0.09,-3.97,-250.14,-27.91,250.13,7.13,1.43,1.75,-4.21,12.77,0,5.16,0,0,0,tapshoulder,
626,-0.23,7.69,-4.12,-250.14,-18.64,250.13,3.27,-0.26,3.36,1.82,0.08,0,5.14,0,0,0,tapshoulder,
627,-2.94,9.25,-5.59,-250.14,59.56,250.13,4.88,0.03,1.04,-15.09,-2.09,0,5.14,0,0,0,tapshoulder,
628,-7.34,11.86,-15.91,-250.14,129.73,152.68,13.28,-3.76,1.05,9.19,-15.19,0,5.15,0,0,0,tapshoulder,
629,-4.71,12.51,-19.17,-226.68,94.35,59.47,17.07,-2.23,1.76,-10.24,-2.76,0,5.14,0,0,0,tapshoulder,
630,-1.49,6,-17.6,-19.11,86.65,35.15,12.77,-2.78,3.59,-12.59,-23.44,0,5.15,0,0,0,tapshoulder,
631,-2.23,7.69,-16.64,12.11,151.6,12.75,12.18,-2.11,2.6,-20.19,3.85,0,5.16,0,0,0,tapshoulder,
632,-2.87,6.37,-15.25,42.22,250.13,-122.2,11.42,-0.08,3.02,-8.67,7.86,0,5.09,0,0,0,tapshoulder,
633,-2.15,1.26,-12.43,206.37,250.13,-84.21,10.67,0.35,3.18,1.69,1.58,0,5.16,0,0,0,tapshoulder,
634,-1.2,3.73,-19.62,19.69,106.31,-35.45,9.47,-0.71,2.56,3.58,-1.63,0,5.15,0,0,0,tapshoulder,
635,0.92,3.82,-15.74,-35.5,-132.18,3.26,8.44,-1.86,1.85,6.99,-0.56,0,5.16,0,0,0,tapshoulder,
636,0.16,3.7,-16.17,45.8,76.32,-43.69,8.75,-2.38,1.69,5.93,-6.32,0,5.15,0,0,0,tapshoulder,
637,1.31,5.23,-19.62,219.28,90.24,3.25,8.58,-2.16,1.01,9.94,-18.28,0,5.15,0,0,0,tapshoulder,
638,1.2,6.4,-19.62,137.31,-173.68,35.63,7.94,-2.13,0.85,8.27,-13.29,0,5.11,0,0,0,tapshoulder,
639,2.41,8.62,-18.79,194.44,-122.6,-26.02,8.3,-2.26,0.12,14.11,-18.66,0,5.08,0,0,0,tapshoulder,
640,1.71,8.63,-19.62,250.13,-41.89,-93.52,8.5,-2.45,0.8,9.8,-13.63,0,5.14,0,0,0,rocket,
641,3.08,6.51,-16.11,250.13,17.59,-176.99,9.87,-4.02,1.15,6.28,-8.6,0,5.15,0,0,0,rocket,
642,2.81,2.06,-12.36,250.13,48.4,-131.73,9.65,-4.05,0.68,9.07,5.15,0,5.12,0,0,0,rocket,
643,2.67,2.59,-7.36,250.13,-179.89,-147.73,8.29,-3.99,0.26,-0.47,17.21,0,5.15,0,0,0,rocket,
644,3.41,6.97,-4.22,250.13,-180.48,-151.19,7.64,-3.63,-0.31,3.07,-0.32,0,5.14,0,0,0,rocket,
645,6.1,7.99,2.07,250.13,-250.14,-250.14,6.27,-2.89,0.81,-1.39,9.29,0,5.15,0,0,0,rocket,
646,12.53,7.04,3.01,250.13,-145.42,-250.14,6.66,-2.95,0.56,2.83,5.49,0,5.13,0,0,0,rocket,
647,15.52,14.78,11.99,250.13,61.69,-250.14,11.79,-1.12,3.92,17.98,-13.03,0,5.15,0,0,0,rocket,
648,12.1,19.62,18.02,250.13,91.77,-250.14,8.72,-1.15,3.13,18.91,-57.58,0,5.16,0,0,0,rocket,
649,13.91,19.62,19.62,250.13,-62.63,-166.63,8.29,-6.32,0.02,7.59,-62.22,0,5.09,0,0,0,rocket,
650,19.62,16.75,19.62,-140.79,-143.19,14.91,10.51,-5.24,-1.67,-8.99,19.09,0,5.15,0,0,0,rocket,
651,5.32,4.91,9.76,-250.14,-9.68,226.86,11.97,2.11,3.54,15.27,4.63,0,5.16,0,0,0,rocket,
652,6.97,3.02,7.79,-250.14,-112.63,196.12,11.8,1.35,3.21,24.11,12.84,0,5.15,0,0,0,rocket,
653,4.6,-1.78,5.73,-250.14,-61.48,240.06,7.41,1.25,-1.62,-0.26,7.57,0,5.15,0,0,0,rocket,
654,5.59,-1.88,4.57,-250.14,-93.52,250.13,5.69,-0.74,1.37,16.04,-9.74,0,5.15,0,0,0,rocket,
655,4.92,-2.69,-0.92,-250.14,9.33,250.13,7.14,0.16,0.84,-7.52,17.53,0,5.16,0,0,0,rocket,
656,2.48,-2.14,-2.56,-250.14,47.98,250.13,6.29,0.67,0.93,-5.63,11.76,0,5.15,0,0,0,rocket,
657,-2.89,2.97,-6.24,-250.14,50.34,250.13,6.73,1.74,1.48,6.43,-4.19,0,5.15,0,0,0,rocket,
658,-5.8,8.65,-11.65,-250.14,-20.4,250.13,6.37,1.66,3.27,14.48,-9.59,0,5.16,0,0,0,rocket,
659,-8.78,10.17,-19.62,-250.14,250.13,162.07,14.64,-6.42,1.16,-4.74,-40.04,0,5.16,0,0,0,rocket,
660,-11.14,11.16,-19.62,-32.52,250.13,-80.15,16.17,-8.41,1.58,45.56,-24.18,0,5.15,0,0,0,rocket,
661,0.72,12.07,-19.62,85.15,-250.14,-20.81,9.2,-1.75,2.17,8.61,27.45,0,5.16,0,0,0,rocket,
662,-1.63,9.49,-19.62,247.05,-109.37,-108.62,6.94,-1.05,2.01,27,31.63,0,5.15,0,0,0,rocket,
663,0.82,2.95,-17.35,250.13,175.64,-250.14,6.6,-1.62,0.5,8.22,23.18,0,5.15,0,0,0,rocket,
664,-0.58,2.48,-12.45,250.13,174.1,-250.14,5.81,-1.74,-0.59,-16.57,33.93,0,5.13,0,0,0,rocket,
665,0.85,16.94,-8.65,250.13,-250.14,-248.63,5.87,-1.09,1.39,-5.12,13.04,0,5.14,0,0,0,rocket,
666,4.25,19.62,-0.38,250.13,-250.14,-250.14,6.02,-0.64,1.67,0.72,10.74,0,5.14,0,0,0,rocket,
667,16.18,19.62,6.56,250.13,31.35,-250.14,6.86,-1.65,1.9,29.66,-32.75,0,5.16,0,0,0,rocket,
668,15.61,19.62,7.36,250.13,44.17,-182.13,13.37,-1.3,1.34,21.95,-18.94,0,5.13,0,0,0,rocket,
669,4.8,17,9.46,250.13,-34.3,-173.43,19.62,-2.8,-0.22,-47.74,36.63,0,5.15,0,0,0,rocket,
670,7.02,19.62,17.53,250.13,-152.69,-133.62,11.61,3.73,7.36,121.2,27.92,0,5.16,0,0,0,rocket,
671,3.1,7.78,2.69,-250.14,58.92,132.72,14.3,-5.81,-1.43,-1.79,-8.76,0,5.15,0,0,0,rocket,
672,10.42,-4.82,-2.06,-250.14,54.53,145.42,13.16,0.07,1.1,24.79,34.39,0,5.16,0,0,0,rocket,
673,9.99,-6.29,0.57,-43.64,-23.02,46.11,9.95,-0.41,1.23,0.83,-5.97,0,5.15,0,0,0,rocket,
674,7.58,-5.41,1.28,-27.37,3.37,-40.71,9.57,-1.16,0.23,-7.86,-3.86,0,5.15,0,0,0,rocket,
675,7.55,-3.04,3.32,149.44,-73.15,-5.92,7.7,0.45,0.89,-15.02,5.02,0,5.15,0,0,0,rocket,
676,9.07,-4.35,5.69,71.21,-58.73,-17.95,7.24,1.19,0.65,-8.34,4.92,0,5.14,0,0,0,rocket,
677,7.01,0.6,5.99,-39.71,-56.27,-38.26,9.64,0.48,0.84,-2.66,6.38,0,5.15,0,0,0,rocket,
678,6.92,0.52,5.15,-78.24,-173.76,-32.47,9.65,-0.35,0.85,1.97,2.92,0,5.15,0,0,0,rocket,
679,8.27,-1.3,3.04,-20.93,18.32,-15.73,9.32,-0.59,0.97,-3.63,-16.92,0,5.15,0,0,0,rocket,
680,9.54,-2.05,3.26,-1.15,70.12,-26.88,9.95,-0.31,1.4,-7.96,-10.84,0,5.14,0,0,0,rocket,
681,10.36,-1.75,3.54,5.15,89.53,-24.98,10.51,-0.39,1,-8.63,-11.39,0,5.11,0,0,0,rocket,
682,11.08,-0.64,3.92,-25.73,65.34,-27.71,11.54,-0.01,0.82,-10.36,-10.02,0,5.16,0,0,0,rocket,
683,11.6,2.27,5.09,-31.97,53.47,-23.4,12.11,0.39,1.39,-13.92,2.78,0,5.15,0,0,0,rocket,
684,14,6.1,9.26,-125.31,-15.61,28.92,12.03,1.14,1.02,-14.4,6.83,0,5.15,0,0,0,rocket,
685,12.83,7.96,9.94,-146.31,-29.87,83.57,11.08,0.7,1.26,-16.37,11.37,0,5.14,0,0,0,rocket,
686,12.86,8.13,10.13,-210.83,-35.05,224.5,8.78,-0.05,1,-11.15,11.88,0,5.16,0,0,0,rocket,
687,13.23,8.02,7.95,-249.54,78.94,242.95,7.99,-0.06,1,-14.32,5.04,0,5.15,0,0,0,rocket,
688,6.93,7.54,3.13,-250.14,110.68,250.13,6.49,0.74,0.23,-6.43,7.05,0,5.16,0,0,0,rocket,
689,5,5.93,0.38,-250.14,76.95,250.13,6.53,1.08,0.6,-8.98,15.4,0,5.16,0,0,0,rocket,
690,1.4,5.37,-5.19,-250.14,83.74,250.13,8.64,2.19,0.7,5.76,7.97,0,5.15,0,0,0,rocket,
691,0.53,7.03,-4.34,-250.14,107.17,250.13,8.74,1.57,0.9,5.5,6.53,0,5.14,0,0,0,rocket,
692,-3.7,11.48,-11.74,-250.14,93.99,250.13,8.78,1.25,1.04,-9.09,3.84,0,5.16,0,0,0,rocket,
693,-3.88,11.45,-16.07,-250.14,91.28,250.13,9.59,2.1,1.53,8.33,3.44,0,5.16,0,0,0,rocket,
694,-1.13,11.65,-19.62,-250.14,218.36,188.44,15.33,1.09,2.38,2.85,-24.11,0,5.17,0,0,0,rocket,
695,0.78,5.99,-19.62,-238.24,250.13,73.27,12.43,0.39,0.8,12.34,-20.74,0,5.16,0,0,0,rocket,
696,3.14,-4.4,-19.62,250.13,247.76,-125.19,11.32,-1.62,1.61,-3.65,2.73,0,5.17,0,0,0,rocket,
697,-0.13,-1.93,-19.62,88.22,-85.18,-136.3,11.1,-3.52,1.54,3.38,-1.22,0,5.16,0,0,0,rocket,
698,9.25,8.87,-19.62,20.58,250.13,-250.14,9.47,-1.21,1.01,4.4,22.26,0,5.17,0,0,0,rocket,
699,1.8,4.9,-19.62,250.13,-250.14,196.05,8.77,-0.64,1.69,1.57,21.31,0,5.17,0,0,0,rocket,
700,4.16,5.5,-18.43,250.13,-69.68,-213.76,7.45,-1.69,0.64,2.03,9.86,0,5.16,0,0,0,rocket,
701,4.66,5.41,-16.5,250.13,-129.84,-199.73,7.5,-2.18,0.62,-4.11,10.7,0,5.13,0,0,0,rocket,
702,3.02,9.9,-11.04,250.13,68.2,-200.83,6.28,-1.43,-0.09,-13.3,-5.93,0,5.17,0,0,0,rocket,
703,0.63,10.28,-5.42,250.13,50.81,-196.82,6.1,-2.06,0.38,-21.5,-12.78,0,5.18,0,0,0,rocket,
704,2.34,11.43,2.31,250.13,34.24,-219.48,14.07,-2.61,1.96,1.79,-12.12,0,5.16,0,0,0,rocket,
705,6.59,16.56,7.38,250.13,28.62,-219.49,15.51,2.52,0.79,5.83,27.05,0,5.17,0,0,0,rocket,
706,14.86,19.62,19.62,250.13,6.75,-98.86,11.13,2.55,1.93,22.73,-61.79,0,5.17,0,0,0,rocket,
707,19.62,19.62,19.62,-3.4,-229.27,83.05,12.33,-3.83,-1.71,-43.22,-29.53,0,5.16,0,0,0,rocket,
708,5.31,8.11,8.59,-250.14,-44.05,250.13,11.64,2.31,3.08,32.59,-3.18,0,5.16,0,0,0,rocket,
709,5.61,6.41,7.55,-250.14,-44.98,250.13,11.29,-0.24,3.02,10.4,-16.6,0,5.16,0,0,0,rocket,
710,6,4.71,5.8,-250.14,-69.27,250.13,9.39,-1.99,0.02,-21.88,4.79,0,5.15,0,0,0,rocket,
711,3.43,3.74,3.25,-250.14,-84.14,250.13,7.8,-0.86,0.86,-26.37,24.97,0,5.14,0,0,0,rocket,
712,3.17,2.89,-2.53,-250.14,-45.64,250.13,7.22,0.09,1.33,-15.03,11.92,0,5.14,0,0,0,rocket,
713,2.01,4.36,-3.57,-250.14,-26.66,250.13,7.79,0.08,0.67,-14.32,15.15,0,5.15,0,0,0,rocket,
714,-6.17,14.02,-12.43,-250.14,68.92,250.13,8.6,1.6,0.96,-6.03,7.91,0,5.16,0,0,0,rocket,
715,-6.93,14.15,-19.62,-250.14,37.3,250.13,9.05,2.32,2.13,1.33,13.61,0,5.15,0,0,0,rocket,
716,-0.65,2.33,-19.62,119,250.13,-99.79,13.65,3.4,1.69,39.88,-21.89,0,5.16,0,0,0,rocket,
717,-3.58,6.54,-19.62,128.27,250.13,-201.47,19.62,1.17,2.18,-73.07,10.92,0,5.16,0,0,0,rocket,
718,-2.26,-4.52,-8.57,250.13,250.13,-151.95,8.78,-7.45,-4.22,-23.04,-25.66,0,5.14,0,0,0,rocket,
719,0.33,1.65,-8.7,250.13,-100.07,-211.62,9.16,-1.96,0.92,18.63,29.73,0,5.15,0,0,0,rocket,
720,1.32,2.16,-3.01,250.13,250.13,-250.14,9.31,0.41,2.79,-10.45,26.84,0,5.1,0,0,0,rocket,
721,5.7,-3.13,-13.85,250.13,250.13,-240.93,8.93,-0.19,1.25,-15.84,2.2,0,5.15,0,0,0,rocket,
722,-1.94,0.56,-5.73,192.27,250.13,-248.05,8.35,-1.09,0.51,-22.32,-1.26,0,5.15,0,0,0,rocket,
723,6.22,1.38,-13.95,250.13,131.81,-123.12,8.79,-0.88,0.73,5.4,-14.18,0,5.13,0,0,0,rocket,
724,5.65,2.46,-5.52,250.13,79.11,-23.51,7.8,-1.07,0.71,13.35,-12.61,0,5.14,0,0,0,rocket,
725,17.93,0.67,9.37,200.34,163.79,64.63,7.48,-2.18,-1.66,42.98,-41.42,0,5.15,0,0,0,rocket,
726,16.07,-0.97,10.65,95.24,250.13,180.32,7.67,-3.01,-1.38,29.41,-35.31,0,5.15,0,0,0,rocket,
727,10.37,-2.58,19.62,-75.57,154.77,250.13,7.8,-3,-1.4,24.55,-19.11,0,5.12,0,0,0,rocket,
728,2.67,-3.84,19.62,-80.63,147.83,250.13,6.77,-2.69,0.07,13.76,-5.73,0,5.16,0,0,0,rocket,
729,6.08,-19.62,19.62,-250.14,250.13,86.7,6.56,-0.2,0.11,37.92,-10.8,0,5.16,0,0,0,rocket,
730,-1.43,-12.5,19.54,-250.14,236.01,95.85,6.81,-0.71,0.95,57.82,-11.82,0,5.16,0,0,0,rocket,
731,-4.34,-19.62,19.34,-246.85,209.56,178.85,12.25,-1.65,1.87,70.44,-10.91,0,5.15,0,0,0,rocket,
732,-2.72,-18.2,19.51,-168.48,242.12,176.44,12.31,-1.67,0.82,74.31,3.82,0,5.14,0,0,0,rocket,
733,-4.37,-13.84,11.82,-98.82,250.13,61.43,16.2,-0.39,2.46,75.94,24.18,0,5.15,0,0,0,rocket,
734,-2.01,-13.67,8.88,-97.26,250.13,4.63,15.04,2.28,0.65,42.37,21.14,0,5.15,0,0,0,rocket,
735,-0.71,-10.31,9.45,-22.39,250.13,-99.44,14.41,2.74,1.83,34.22,45.11,0,5.14,0,0,0,rocket,
736,-0.73,-7.6,11.15,37.44,250.13,-85.35,12.71,2.23,1.78,25.92,48.06,0,5.16,0,0,0,rocket,
737,-1.44,-6.05,11.06,80.98,250.13,-105.98,11.12,2.35,1.44,28.03,58.27,0,5.11,0,0,0,rocket,
738,-3.76,-2.31,12.41,138.64,250.13,-137.66,9.56,2.15,1.38,14.69,76.76,0,5.16,0,0,0,rocket,
739,3.94,0.96,12.31,-119.18,248.73,-242.53,4.07,1.25,0.04,47.32,68.42,0,5.16,0,0,0,rocket,
740,3.55,2.07,10.25,-112.08,250.13,-218.97,4.04,1.52,1.02,42.9,72.05,0,5.15,0,0,0,rocket,
741,6.53,9.44,5.5,-38.2,211.7,-183.05,7.66,0.24,2.39,37.79,28.97,0,5.16,0,0,0,rocket,
742,14.25,10.33,3.27,-11.51,83.98,-250.14,7.08,-0.9,2.28,32.47,20.76,0,5.15,0,0,0,rocket,
743,19.62,3.05,0.29,-55.44,-1.32,-250.14,7.76,-1.27,2.2,30.37,2.29,0,5.1,0,0,0,rocket,
744,19.62,1.01,-1.73,-38.69,-33.05,-164.8,8.72,-2.04,1.97,24.53,-6.14,0,5.16,0,0,0,rocket,
745,19.62,-0.86,-2.16,-64.49,-53.37,-24.97,9.85,-1.85,1.91,8.78,-0.76,0,5.16,0,0,0,rocket,
746,4.23,-3.81,-6.44,-59.78,92.3,97.11,10.27,-0.17,3.25,-12.92,10.05,0,5.16,0,0,0,rocket,
747,2.82,-5.01,-5.11,1.91,36.66,41.26,10.73,-0.05,4.58,-15.34,14.11,0,5.16,0,0,0,rocket,
748,7.24,-3.92,-0.22,15.95,-176.92,-78.51,9.47,0.62,3.5,-27.2,-1.38,0,5.15,0,0,0,rocket,
749,9.41,-6.07,-1.02,16.33,-47.39,-56.85,9.13,-0.1,2.15,-17.02,-18.39,0,5.14,0,0,0,rocket,
750,9.87,-4.43,-0.68,67.89,5.89,32.82,8.52,-0.3,2.79,-26.04,-18.81,0,5.12,0,0,0,rocket,
751,10.03,-2.19,-0.08,114.58,-10.97,78.19,8.68,-0.47,2.95,-27.56,-28.06,0,5.15,0,0,0,rocket,
752,6.73,3.35,3.07,186.73,-100.19,200.64,9.34,0.35,2.69,-54.8,-20.24,0,5.16,0,0,0,rocket,
753,6.04,4.63,2.64,222.95,-172.89,237.11,9.65,0.23,3,-69.82,-23.03,0,5.14,0,0,0,rocket,
754,5.29,4.8,1.6,250.13,-194.15,250.13,9.83,0.21,2.88,-91.08,-26.69,0,5.15,0,0,0,rocket,
755,5.17,3.79,1.12,250.13,-196.33,223.24,10.06,0.2,2.09,-93.01,-38.96,0,5.16,0,0,0,rocket,
756,3.2,1.06,0.92,250.13,-162.07,120.78,7.87,-0.12,1.77,-103.9,-62.84,0,5.16,0,0,0,rocket,
757,1.38,-0.9,-0.57,250.13,-181.47,67.76,7.14,-0.26,1.87,-104.77,-69.31,0,5.14,0,0,0,rocket,
758,3.47,-1.79,-0.78,250.13,-250.14,8.23,5.99,-0.6,1.46,-96.18,-76.06,0,5.16,0,0,0,rocket,
759,5.1,0.11,3.03,250.13,-250.14,-9.91,6.2,0.04,0.74,-85.84,-81.47,0,5.16,0,0,0,rocket,
760,0.46,4.16,5.45,247.1,-250.14,-120.75,8.64,1.19,0.97,-32.55,-71.22,0,5.16,0,0,0,rocket,
761,6.54,3.43,11.09,165.41,-250.14,-183.53,10.13,0.56,-1.15,-3.34,-75.36,0,5.15,0,0,0,rocket,
762,5.41,0.63,12.44,-74.78,-159.4,-239.33,8.28,-3.07,-1.55,-11.89,-37.89,0,5.15,0,0,0,rocket,
763,8.54,0.2,9.76,-100.89,-250.14,-250.14,6.8,-0.49,-3.11,58.45,-59.85,0,5.14,0,0,0,rocket,
764,19.62,1.29,4.64,108.94,-250.14,-250.14,8.41,-0.09,-0.06,13.8,-14.47,0,5.16,0,0,0,rocket,
765,19.62,-0.01,9.84,-250.14,36.93,-250.14,9.5,2.18,-0.18,34.4,-10.03,0,5.15,0,0,0,rocket,
766,19.62,-15.56,19.62,250.13,-69.58,-103.06,13,-3.31,-0.68,52.01,-5.02,0,5.16,0,0,0,rocket,
767,19.62,9.83,11.95,139.18,18.34,-77.04,13.87,-3.21,-0.67,51.52,18.59,0,5.12,0,0,0,rocket,
768,9.41,4.11,3.48,26.94,105.75,50.14,15.77,-8.23,-0.16,23.4,21.4,0,5.16,0,0,0,rocket,
769,9.08,3.18,4.47,165.46,129.73,-39.95,15.19,-6.74,0.26,38.54,48.31,0,5.16,0,0,0,rocket,
770,9.35,6.85,2.96,52.23,-23.89,-48.72,14.23,-5.56,0.73,28.18,67.96,0,5.12,0,0,0,rocket,
771,10.15,8.19,5.09,69.89,-4.31,-36.08,13.59,-2.38,0.94,40.78,59.56,0,5.16,0,0,0,rocket,
772,7.54,3.54,1.34,-39.86,52.76,-49.42,10.37,-1.51,1.05,46.59,75.47,0,5.15,0,0,0,rocket,
773,6.97,4.17,1.98,-17.43,55.18,-45.33,8.68,-1.15,0.69,55.98,59.18,0,5.15,0,0,0,rocket,
774,5.77,3.62,2.29,-25.45,26.77,-35.54,5.06,-1.67,0.81,50.6,53.86,0,5.16,0,0,0,rocket,
775,5.42,3.18,2.32,-35.12,3.27,-41.03,3.73,-1.71,0.26,48.44,45.89,0,5.14,0,0,0,rocket,
776,7.65,3.63,3.95,-62.65,-18.37,-15.87,3.59,-0.74,-0.46,39.42,39.88,0,5.16,0,0,0,rocket,
777,8.05,2.93,4.28,-83.97,1.1,-3.96,4.69,-0.78,0.97,23.19,34.89,0,5.16,0,0,0,rocket,31
778,7.65,2.86,3.18,-81.95,15.44,-1.39,7.15,-0.25,0.78,38.69,28.72,0,5.15,0,0,0,rocket,
779,7.39,2.86,2.94,-71.89,-1.92,24.5,9.06,-0.11,0.61,39.37,34.95,0,5.13,0,0,0,rocket,
780,8.52,2.74,3.26,-39.92,-15.12,56.4,10.26,0.26,1.33,34.05,37.12,0,5.15,0,0,0,rocket,
781,6.98,4.77,4.29,-81.54,20.93,49.01,9.01,0.25,1.71,41.46,2.76,0,5.16,0,0,0,rocket,
782,7.58,3.69,4.19,-61.23,-19.15,27.54,8.95,-0.28,2.51,33.57,11.49,0,5.15,0,0,0,rocket,
783,8.66,3.03,4.94,-44.1,-57.85,26.57,9.52,0.26,2.4,28.03,13.79,0,5.11,0,0,0,rocket,
784,10.27,3.63,5.66,-15.24,-36.84,21.92,10.13,0.23,1.97,25.54,4.5,0,5.14,0,0,0,rocket,
785,8.25,1.83,5.01,-36.86,-44.45,44.74,8.76,-0.48,2.62,-3.61,-3.6,0,5.16,0,0,0,rocket,
786,8.18,2.23,6.41,-76.5,-94.12,27.73,9.14,-0.05,2.44,-7.76,-5.31,0,5.16,0,0,0,rocket,
787,9.49,3.26,5.43,-36.64,-7.01,38.58,10.27,0.16,3.14,-11.07,-9.92,0,5.16,0,0,0,rocket,
788,9.05,2.76,4.96,-34.05,-19.73,31.11,9.51,0.11,3.26,-13.41,-0.53,0,5.15,0,0,0,rocket,
789,10,3.1,4.93,-44.45,-32.33,68.42,9.99,1.26,2.88,-7.45,-15.02,0,5.16,0,0,0,rocket,
790,10.53,-0.32,5.53,54.82,89.89,45.36,9.7,2.09,2.99,1.07,-25.27,0,5.16,0,0,0,rocket,
791,12.05,3.85,-0.77,4.44,38.06,154.25,9.54,2.35,2.88,9.31,-33.37,0,5.15,0,0,0,rocket,
792,12.29,4.79,1.33,118.73,205.07,85.22,9.38,2.33,3.03,18.18,-38.9,0,5.13,0,0,0,rocket,
793,8.02,1.29,-1.36,149.65,174.05,150.79,9.18,2.15,2.17,28.15,-56.64,0,5.16,0,0,0,rocket,
794,7.28,0.97,-1.44,111.63,28.43,175.52,8.58,1.44,2.07,28.68,-66.57,0,5.14,0,0,0,rocket,
795,6.74,-3.09,1.74,118.3,-42.12,162.37,4.8,1.14,-0.13,14.56,-83.55,0,5.16,0,0,0,rocket,
796,7.41,-2.86,3.17,120.21,-45.62,171.3,3.62,0.06,-1.14,12.21,-88.53,0,5.15,0,0,0,rocket,
797,6.55,-3.45,4.2,72.67,-14.67,157.78,2.66,-0.72,-2.44,-3.05,-80.83,0,5.1,0,0,0,rocket,
798,6.12,-3.59,7.24,67.41,-27.82,172.94,2.45,-0.89,-2.23,-3.17,-77.47,0,5.15,0,0,0,rocket,
799,3.23,-4.29,15.27,-114.93,189.5,250.13,9.67,0.23,-3.63,-30.13,-21.96,0,5.15,0,0,0,cowboy,
800,1.48,-4.67,16.37,-152.33,213.11,245.98,9.22,-0.3,-1.96,-54.21,-13.33,0,5.15,0,0,0,cowboy,
801,1.97,-7.57,17.78,-202.22,108.03,136.84,13.56,0.59,-0.68,-84.38,24.85,0,5.16,0,0,0,cowboy,
802,5.04,-9.76,17.23,-168.16,105.5,47.47,14.23,-1.12,0.73,-81.5,19.6,0,5.15,0,0,0,cowboy,
803,3.45,-8.74,19.17,-94.74,250.13,143.15,15.37,-0.01,-0.34,-93.05,32.67,0,5.15,0,0,0,cowboy,
804,0.06,-11.06,17.04,-67.24,250.13,117.07,15.28,-0.74,1.21,-90.29,38.02,0,5.12,0,0,0,cowboy,
805,-1.5,-11.41,16.75,-128.32,101.43,32.89,17.49,0.68,2.16,-68.51,73.6,0,5.16,0,0,0,cowboy,
806,-1.97,-13.91,13.62,-148.07,141.97,9.27,17.12,3.54,4.78,-28.97,51.36,0,5.15,0,0,0,cowboy,
807,-1.77,-8.76,8.81,-62.35,241.21,-51.77,13.09,-0.19,1.45,-25.82,24.44,0,5.16,0,0,0,cowboy,
808,-2.88,-7.95,7.92,-68.9,205.93,-96.08,10.99,-1.8,1.27,-28.92,36.5,0,5.16,0,0,0,cowboy,
809,-0.14,-2.32,6.46,-89.49,231.41,-132.53,8.53,-2.58,1.05,-17.87,38.53,0,5.15,0,0,0,cowboy,
810,0.39,-2.49,5.26,-109.34,202.34,-136.59,7.39,-2.14,0.88,-19.73,44.24,0,5.14,0,0,0,cowboy,
811,1.73,-2.14,4.52,-61.37,187.96,-111.66,6.49,-1.57,1.49,-10.46,32.92,0,5.12,0,0,0,cowboy,
812,2.33,-0.17,4.89,-59.54,208.3,-106.31,5.37,-1.73,0.91,-8.53,38.59,0,5.16,0,0,0,cowboy,
813,2.98,0.59,5.4,-41.4,243.07,-76.6,4.65,-1.21,0.53,-2.5,34.73,0,5.15,0,0,0,cowboy,
814,3.7,1.32,3.55,-22.01,250.13,-122.56,4.81,-0.35,0.65,20.52,19.4,0,5.16,0,0,0,cowboy,
815,3.89,1.18,4,-2.23,234.4,-145.32,5.91,-0.55,0.29,24.46,14.04,0,5.13,0,0,0,cowboy,
816,9.1,0.52,4.12,-37.46,182.45,-152.66,9.14,-3.46,0.95,23.46,-5.69,0,5.15,0,0,0,cowboy,
817,9.18,-0.43,3.18,-15.85,128.55,-140.79,9.07,-3.81,0.64,23.13,-1.87,0,5.15,0,0,0,cowboy,
818,12.61,-1.93,1.77,-13.37,40.79,-100.42,7.68,-2.9,0.97,-1.89,9.9,0,5.15,0,0,0,cowboy,
819,13.64,-4.24,0.6,-27.15,44.14,-81.03,9.39,-3.13,1.29,-4.98,13.64,0,5.14,0,0,0,cowboy,
820,9.94,-6.72,-0.42,-30.66,-11.15,-33.69,12.79,-0.13,3.6,-4.7,-3.21,0,5.15,0,0,0,cowboy,
821,9.07,-7.36,0.59,-43.83,-19.89,-45.3,9.63,-2.31,2.13,-19.79,-7.56,0,5.14,0,0,0,cowboy,
822,7.77,-9.52,2.73,26.46,28.54,12.26,8.26,-0.54,1.4,-11.01,-3.37,0,5.15,0,0,0,cowboy,
823,6.27,-8.07,3.13,20.25,56.44,37.91,8.11,-0.72,1.79,-12.37,-10.76,0,5.16,0,0,0,cowboy,
824,5.83,-7.51,2.57,15,29.51,51.63,9.03,-0.85,2.2,-9.18,-12.12,0,5.11,0,0,0,cowboy,
825,5.54,-6.03,2.42,12.5,31.05,46.08,9.26,-0.84,1.91,-7.31,-12.05,0,5.15,0,0,0,cowboy,
826,5.04,-3.93,1.66,2.34,-82.41,129.61,10.07,-1.17,2.01,-11.65,-4.78,0,5.16,0,0,0,cowboy,
827,4.73,-2.14,1.57,51.38,-81.73,154.81,9.99,-1.57,2.24,-9.63,-6.37,0,5.14,0,0,0,cowboy,
828,9.24,3.98,4.8,-96.62,-38.02,150.66,9.64,0.4,1.41,3.16,2.61,0,5.11,0,0,0,cowboy,
829,9.96,4.24,5.54,-35.62,35.15,176.79,8.9,0.65,1.91,4.34,1.07,0,5.15,0,0,0,cowboy,
830,7.51,1.14,3.5,-250.14,-250.14,250.13,9.14,0.62,1.92,2.16,-4.5,0,5.17,0,0,0,cowboy,
831,13.99,8.18,1.62,-125.93,127.78,-2.69,8.61,0.42,2.14,3.16,-3.03,0,5.15,0,0,0,cowboy,
832,15.81,0.48,2.14,34.55,-250.14,250.13,8.17,0.46,1.87,3.44,0.63,0,5.15,0,0,0,cowboy,
833,13.2,-1.65,1.66,-80.31,-36.72,228.65,7.96,0.64,1.83,-1.04,-0.96,0,5.16,0,0,0,cowboy,
834,14.96,-2.09,1.37,3.41,82.44,246.46,8.03,0.89,1.68,10.4,-2.79,0,5.15,0,0,0,cowboy,
835,12.06,-5.74,0.85,-43.2,51.92,228.2,9.75,2.66,1.94,33.05,-7.56,0,5.16,0,0,0,cowboy,
836,7.93,-6.52,0.01,-53.39,19.31,239.76,9.4,2.22,2.08,34.22,-10.58,0,5.15,0,0,0,cowboy,
837,8.08,-7.5,0,-43.98,-139.27,159.53,8.97,0.16,1.1,27.59,-50.76,0,5.16,0,0,0,cowboy,
838,2.84,-2.37,2.91,46.58,-3.69,102.72,8.48,-0.45,0.56,23.29,-50.72,0,5.16,0,0,0,cowboy,
839,1.4,-6.52,6.13,60.31,29.16,100.68,7.02,0.46,0.18,15.45,-63.05,0,5.16,0,0,0,cowboy,
840,2.98,-4.75,8.9,113.39,136.74,154.47,8.74,1.06,-1.51,25.49,-58.13,0,5.16,0,0,0,cowboy,
841,-1,-9.78,10.61,-42.73,60.64,64.47,10.03,1.79,1.03,-20.4,-41.63,0,5.16,0,0,0,cowboy,
842,-2.59,-10.64,11.88,-178.76,182.89,61.76,8.89,2.35,-0.45,-19.34,-35.67,0,5.16,0,0,0,cowboy,
843,-12.38,-9,14.91,-9.21,250.13,-62.04,10.97,3.34,0.88,-53.76,18.19,0,5.16,0,0,0,cowboy,
844,-10.48,-7.77,17.48,-20.18,250.13,-149.66,10.87,2.56,0.23,-51.27,11.52,0,5.15,0,0,0,cowboy,
845,-13.86,-7.07,19.62,-46.75,250.13,-250.14,11.01,2.54,1.61,-49.08,13.82,0,5.16,0,0,0,cowboy,
846,-16.69,-3.67,19.62,-23.98,250.13,-250.14,11.5,2.37,1.67,-49.18,19.79,0,5.16,0,0,0,cowboy,
847,-7.02,7.76,19.62,-39.34,112.31,-250.14,9.72,1.78,1.42,-57.09,26.41,0,5.16,0,0,0,cowboy,
848,-4.92,9.8,19.62,-115.01,137.93,-250.14,10.44,2.39,1.31,-57.85,27.59,0,5.12,0,0,0,cowboy,
849,-4.66,7.22,16.81,-144.98,127.33,-250.14,9.71,2.58,2.4,-72.79,31.23,0,5.15,0,0,0,cowboy,
850,-2.4,7.79,14.42,-117.11,73.98,-242.28,9.07,2.75,2.68,-72.56,27.11,0,5.16,0,0,0,cowboy,
851,0.79,3.23,13.83,-161.87,108.79,-157.67,7.79,2.28,2.22,-76.68,26.86,0,5.16,0,0,0,cowboy,
852,0.69,1.4,13.12,-143.56,81.4,-158.56,7.36,2.54,2.3,-78.13,27.5,0,5.13,0,0,0,cowboy,
853,0.77,3.27,12.62,-167.01,91.32,-168.6,7.51,2.03,1.16,-57.23,13.49,0,5.15,0,0,0,cowboy,
854,0.83,2.75,11.95,-165.46,87.63,-154.18,8.04,1.29,0.78,-50.07,7.08,0,5.14,0,0,0,cowboy,
855,1.34,8.27,10.09,-162.1,64.9,-154.03,11.45,-0.96,0.12,-50.71,1.72,0,5.16,0,0,0,cowboy,
856,2.29,8.58,7.4,-180.88,82.25,-193.18,13.06,-3.65,0.23,-47.11,-6.47,0,5.15,0,0,0,cowboy,
857,10.43,8.01,6.03,-133,21.51,-246.66,8.56,-0.86,0.47,-72.85,-0.16,0,5.16,0,0,0,cowboy,
858,14.68,11.71,0.91,-68.87,30.69,-221.3,8.51,-0.36,0.39,-70.73,0.08,0,5.15,0,0,0,cowboy,
859,13.97,3.91,6.25,-53.08,34.83,-43.98,11.5,-1.19,0.92,-77.66,-3.45,0,5.13,0,0,0,cowboy,
860,13.17,2.37,4.84,-52.22,50.22,-29.61,11.72,-0.53,0.9,-79.89,-0.95,0,5.15,0,0,0,cowboy,
861,12.85,2.72,4.14,-53.02,8.37,-4.65,10.35,-0.54,0.83,-68.01,-10.82,0,5.16,0,0,0,cowboy,
862,13.59,2.69,3.01,-51.1,-0.32,15.97,10.16,-0.62,0.55,-68.44,-9.65,0,5.11,0,0,0,cowboy,
863,14.71,4.63,4.26,10.63,-226.25,120.99,8.69,-0.06,0.23,-57.07,-2.6,0,5.16,0,0,0,cowboy,
864,13,5.36,5.13,18.92,-250.14,154.48,9.18,0.45,0.24,-46.67,-0.21,0,5.16,0,0,0,cowboy,
865,7.59,3.6,0.17,165.87,-165.12,248.06,10.36,1.6,1.18,-12.24,-3.69,0,5.16,0,0,0,cowboy,
866,7.83,4.21,-1.09,248.99,-196.58,250.13,9.69,1.74,1.15,-0.69,-1.27,0,5.15,0,0,0,cowboy,
867,7.11,4.2,6.93,250.13,32.86,206.26,9.27,1.43,1.54,24.15,-16.56,0,5.16,0,0,0,cowboy,
868,0.95,0.42,4.41,48.44,-83.44,154.83,9.61,1.54,2.08,45.29,-25.35,0,5.15,0,0,0,cowboy,
869,3.89,-7.64,1.8,247.11,-250.14,116.19,9.42,-0.12,0.91,54.16,-20.59,0,5.16,0,0,0,cowboy,
870,8.4,-6.05,6.43,133.4,-248.23,86.17,9.19,-1.11,1.4,53.06,-29.03,0,5.15,0,0,0,cowboy,
871,11.97,-11.47,9.13,177.82,-36.8,96.05,9.41,-4.43,0.97,28.38,-25.92,0,5.15,0,0,0,cowboy,
872,14.38,-13.84,13.09,187.61,-28.93,114.85,9.72,-5.82,0.35,6.37,-34.52,0,5.2,0,0,0,cowboy,
873,9.67,-19.62,16.16,-51.6,-64.86,36.66,9.1,-7.37,-0.64,-38.76,-27.52,0,5.19,0,0,0,cowboy,
874,8.24,-19.62,14.53,-78.56,-46.08,16.62,9.25,-7.76,0.01,-64.81,-25.12,0,5.21,0,0,0,cowboy,
875,2.5,-13.75,7.39,-28.04,28.22,20.21,8.33,-4.58,1.2,-136.58,15.63,0,5.3,0,0,0,cowboy,
876,-0.26,-12.42,9.92,16.25,1.84,2.6,8.41,-3.31,1.94,-139.89,17.38,0,5.2,0,0,0,cowboy,
877,1.22,-9.93,15.34,-106.48,-142.45,-67.75,8.06,-1.28,2.2,-145.4,-8.4,0,5.22,0,0,0,cowboy,
878,4.47,-10.47,19.62,-129.79,-66.95,-40.95,7.14,-0.3,2.82,-132.51,-7.18,0,5.2,0,0,0,cowboy,
879,0.57,-10.71,19.62,-143.15,142.3,1.18,9.28,2.07,2.44,-113.75,-6.94,0,5.19,0,0,0,cowboy,
880,-7.43,-8.47,19.62,-199.18,114.55,-47.95,14.76,3.73,2.41,-71.14,1.68,0,5.2,0,0,0,cowboy,
881,-3.89,-9.64,19.62,-179.98,22.34,-65.69,16.17,13.73,5.57,-28.02,-47.01,0,5.18,0,0,0,cowboy,
882,1.94,4.5,16.21,-70.5,11.97,-98.52,9.06,2.31,0.38,-81.02,-32.18,0,5.19,0,0,0,cowboy,
883,4.2,4.73,12.06,-173.61,19.54,-221.14,10.09,0.05,0.12,-71.69,-21.33,0,5.18,0,0,0,cowboy,
884,4.18,8.02,11.77,-115.48,67.08,-158.36,9.51,0.01,0.29,-91.68,11.41,0,5.13,0,0,0,cowboy,
885,6.27,6.31,8.52,-10.39,46.95,-40.35,10.97,0.89,2.08,-86.38,24.05,0,5.18,0,0,0,cowboy,
886,6.3,3.75,2.1,-127.82,-123.24,-28.99,6.5,1.89,0.59,-86.79,15.44,0,5.18,0,0,0,cowboy,
887,7.28,4.25,1.53,-148.96,-139.14,-33.89,6.5,1.61,0.8,-80.39,14.2,0,5.19,0,0,0,cowboy,
888,13.65,5.77,-4.41,-142.66,-134.69,57.52,7.27,2.7,1.32,-78.04,25.41,0,5.17,0,0,0,cowboy,
889,14.85,5.24,-8.18,-109.5,-76.21,110.89,7.26,2.36,1.42,-75.23,26.75,0,5.18,0,0,0,cowboy,
890,14.15,5.75,-11.93,-70.64,-51.96,154.92,7.46,3.39,2.4,-84.45,27.75,0,5.14,0,0,0,cowboy,
891,14.15,6.16,-15.61,-48.63,-26.43,171.43,8.11,2.2,1.86,-92.05,19.87,0,5.12,0,0,0,cowboy,
892,6.32,-9.38,-18.54,68.03,-90.89,168.35,8.66,2.11,0.71,-101.51,-7.79,0,5.17,0,0,0,cowboy,
893,3.17,-9.08,-15.98,92.63,-68.18,171.31,12.48,0.76,3.2,-105.82,-24.19,0,5.17,0,0,0,cowboy,
894,-9.77,-13.73,-11.32,41.35,-80.12,112.88,11.41,-0.9,2.52,-114.71,-59.53,0,5.18,0,0,0,cowboy,
895,-17.38,-15.98,-9.38,125.86,-47.53,60.77,10.42,-1.47,0.28,-106.03,-20.92,0,5.18,0,0,0,cowboy,
896,-12.51,-12,6.91,205.66,-75.55,-244.3,14.32,0.05,2.85,-92.82,-10.13,0,5.15,0,0,0,cowboy,
897,-9.47,-10.42,12.69,127.27,-92.35,-250.14,13.89,0.05,2.24,-90.19,-1.91,0,5.14,0,0,0,cowboy,
898,7.22,-4.28,19.62,-42.82,-40.54,-250.14,11.05,-0.97,1.87,-61.14,6.07,0,5.13,0,0,0,cowboy,
899,10.85,-0.38,19.62,-84.73,-82.08,-250.14,9.6,-0.64,2.77,-56.47,4.71,0,5.17,0,0,0,cowboy,
900,15.96,4.63,17.13,-136.48,-110.76,-181.92,8.22,-1.32,1.47,-46.79,0.96,0,5.05,0,0,0,cowboy,
901,19.62,6.77,11.6,-187.13,-103.27,-122.66,7.08,-1.38,1.38,-46.13,3.4,0,5.16,0,0,0,cowboy,
902,18.08,6.59,-6.64,-210.72,14.02,94.3,4.85,-2,0.2,-49.05,2.05,0,5.17,0,0,0,cowboy,
903,14.26,5.31,-8.06,-175.33,59.82,146.34,5.65,-2.11,0.3,-52.52,3.85,0,5.16,0,0,0,cowboy,
904,7.43,4.44,-10.84,-91.19,28.9,99.68,9.15,-1.73,-0.08,-72.11,9.28,0,5.15,0,0,0,cowboy,
905,9.23,2.91,-10.02,-64.25,4.02,82.35,12.79,-1.46,1.4,-66.63,14.05,0,5.16,0,0,0,cowboy,
906,9.47,-0.12,-13.68,-64.73,130.59,152.65,8.5,2.04,1.61,-63.31,-25.6,0,5.15,0,0,0,cowboy,
907,8.95,-1.21,-13.34,-38.8,103.97,175.99,10.46,2.56,1.19,-65.97,-14.75,0,5.14,0,0,0,cowboy,
908,6.47,-5.2,-12.03,-21.44,113.19,155.63,13.56,3.57,2.26,-58.94,-0.89,0,5.15,0,0,0,cowboy,
909,6.58,-5.04,-11.3,-9.09,106.83,148.52,13.02,3.31,3.23,-59.21,1.62,0,5.16,0,0,0,cowboy,
910,6.93,-10.35,-7.21,20.04,70.29,170.11,9.44,2.49,2.24,-67.13,5.71,0,5.15,0,0,0,cowboy,
911,5.19,-11.97,-7.32,11.59,101.89,175.17,8.31,2.89,2.14,-64.1,5.34,0,5.14,0,0,0,cowboy,
912,-4.64,-12.09,-9.13,26.69,64.12,164.98,8.43,3.67,1.45,-44.63,-13.36,0,5.15,0,0,0,cowboy,
913,-7.41,-13.08,-7.52,64.15,-25.85,144.55,8.52,4.78,1.21,-25.7,-21.53,0,5.15,0,0,0,cowboy,
914,-9.46,-11.07,5.7,67.64,85.66,131.24,4.1,4.54,-2.38,30.15,-7.31,0,5.15,0,0,0,cowboy,
915,-12.39,-7.18,6.29,-191.88,83.87,-4.21,3.25,3.2,-3.04,51.74,-2.98,0,5.14,0,0,0,cowboy,
916,-10.54,-9.84,-0.31,-111.39,-134.02,-32.78,7.64,1.4,-1.91,87.63,-36.08,0,5.14,0,0,0,cowboy,
917,-7.7,-4.62,-1.64,-220.65,-117.81,-106.57,7.03,2.25,-0.65,90.11,4.9,0,5.13,0,0,0,cowboy,
918,-6.21,-2.52,-8.73,103.37,-175.31,-192.4,5.53,3.15,-2.14,102.8,20.27,0,5.15,0,0,0,cowboy,
919,-2.91,6.27,-13.02,-27.64,-234.28,-250.14,10.65,14.56,-2.11,191.92,27.02,0,5.14,0,0,0,cowboy,
920,8,8.84,-12.31,3.28,-250.14,-250.14,17.97,12.01,4.2,120.69,78.11,0,5.15,0,0,0,cowboy,
921,16.76,10.44,-16.87,31.96,-250.14,-240.72,19.06,5.59,4.14,172.58,10.41,0,5.12,0,0,0,cowboy,
922,7.89,5.31,-19.62,140.6,-109.92,-243.74,16.19,5.57,5.07,201.18,18.69,0,5.15,0,0,0,cowboy,
923,9.53,7.79,-19.62,218.21,-65.65,-250.14,13.93,5.01,4.49,210.66,14.95,0,5.12,0,0,0,cowboy,
924,19.62,4.45,4.45,250.13,-117.36,-4.39,0.33,-4.03,1.85,193.79,-15.15,0,5.15,0,0,0,cowboy,
925,19.62,3.31,3.94,249.14,-124.14,62.89,-0.1,-4.44,2.41,226.25,-1.52,0,5.16,0,0,0,cowboy,
926,19.62,0,6.81,250.13,-180.81,146.8,2.05,-5.32,0.86,214.82,-20.27,0,5.16,0,0,0,cowboy,
927,19.62,0,9.1,250.13,-55.25,244.87,9.61,-7.75,2.66,239.7,43.79,0,5.16,0,0,0,cowboy,
928,13.78,-0.89,10.38,173.08,-35.95,250.13,15.37,-7.06,2.76,176.88,14.19,0,5.16,0,0,0,cowboy,
929,6.58,-3.56,9.7,92.65,-26.24,250.13,13.83,-3.64,5.05,179.01,-8.27,0,5.16,0,0,0,cowboy,
930,2.59,-4.07,9.05,36.74,-20.76,250.13,10.83,-3.25,2.82,185.55,9.59,0,5.11,0,0,0,cowboy,
931,-1.85,-6,7.38,-39.05,27.48,250.13,9.01,-1.97,3.57,199.82,5.01,0,5.16,0,0,0,cowboy,
932,-14.46,-0.65,-6.45,-166.81,66.61,52.35,8.99,-1.13,3.36,191.18,22.53,0,5.15,0,0,0,cowboy,
933,-11.69,-2.9,-11.35,-129.53,66.88,-82.22,8.32,-0.55,3.62,206.32,26.08,0,5.15,0,0,0,cowboy,
934,-2.16,2.84,-14.46,37.11,88.65,-250.14,7.41,-2.32,3.26,164.15,4.68,0,5.15,0,0,0,cowboy,
935,1.95,2.22,-18.74,70.8,89.08,-250.14,6.32,-2.68,2.31,167.34,4.63,0,5.15,0,0,0,cowboy,
936,15.4,3.5,-18.42,250.13,105.11,-250.14,11.19,-1.14,1.32,162.35,-22.69,0,5.13,0,0,0,cowboy,
937,19.62,1.25,-10.31,250.13,187.56,-192.28,12.7,3.12,5.23,144.94,-57.07,0,5.16,0,0,0,cowboy,
938,19.62,-2.05,14.47,250.13,1.69,-9.67,13.16,-0.6,2.39,120.83,-29.17,0,5.16,0,0,0,cowboy,
939,15.5,4.36,4.14,250.13,-209.78,250.13,14.08,0.86,2.78,117.96,-18.17,0,5.15,0,0,0,cowboy,
940,15.51,7.64,11.4,129.27,-250.14,131.5,13.6,1.46,3.57,116.08,-11.89,0,5.1,0,0,0,cowboy,
941,15.58,-0.53,15.85,127.34,-250.14,192.66,13.22,1.36,3.57,124.34,-17.87,0,5.16,0,0,0,cowboy,
942,14.51,-3.44,14.83,133.8,-111.82,249.92,11.67,1.82,3.51,128.37,-8.69,0,5.16,0,0,0,cowboy,
943,6.21,-4.31,12.26,21.2,-182.89,250.13,7.65,1.44,2.15,158.76,-8.01,0,5.15,0,0,0,cowboy,
944,0.86,-2.83,10.64,-29.08,-135.27,250.13,6.06,1.15,1.95,160.19,1.7,0,5.16,0,0,0,cowboy,
945,-1.54,-5.58,5.65,-110.08,-135.98,250.13,4.74,1.02,0.94,173.94,-23.03,0,5.16,0,0,0,cowboy,
946,-3.06,-4.82,1.77,-112.69,-75.21,250.13,3.62,1.19,0.6,178.4,-14.51,0,5.16,0,0,0,cowboy,
947,-5.91,-1.41,-5.13,-147.22,-37.85,58.14,6.44,1.15,2.26,198.85,-7.79,0,5.13,0,0,0,cowboy,
948,-4.47,-2.43,-7.34,-178.99,-66.54,-10.02,8.3,-0.78,1.74,190.63,-9.54,0,5.15,0,0,0,cowboy,
949,-1.64,4.99,-16.27,9.38,-43.82,-250.14,14.28,-6.86,0.73,164.04,7.22,0,5.16,0,0,0,cowboy,
950,2.39,3.81,-16.54,1.82,-166.4,-250.14,14.49,-3.77,1.6,158.83,4.8,0,5.16,0,0,0,cowboy,
951,15.3,0.75,-19.42,155.6,-15.93,-250.14,11.01,-2.47,2.1,131.28,-4.75,0,5.15,0,0,0,cowboy,
952,16.58,1.75,-19.18,250.13,74.62,-250.14,11.14,-0.94,0.9,152.21,11.04,0,5.14,0,0,0,cowboy,
953,19.62,4.96,-5.7,250.13,12.79,-231.44,7.5,-1.12,0.74,111.5,5.87,0,5.16,0,0,0,cowboy,
954,19.62,6.26,-2.94,250.13,6.14,-203.44,6.58,-1.08,0.42,110.57,1.3,0,5.15,0,0,0,cowboy,
955,6.17,19.62,0.66,-61.09,-46.29,-250.14,5.67,-1.58,0.74,104.6,-13.45,0,5.15,0,0,0,cowboy,
956,10.9,7.1,11.61,250.13,-113.49,250.13,6.13,-1.73,0.2,109.45,-8.54,0,5.15,0,0,0,cowboy,
957,19,-3.78,11.18,250.13,93.81,250.13,10.62,-1.62,0.26,93.28,-14.24,0,5.14,0,0,0,cowboy,
958,11.07,-0.11,11.05,216.5,62.63,250.13,12.41,-0.17,1.67,106.7,2.09,0,5.15,0,0,0,cowboy,
