1,4.71,8.78,0.71,-0.85,0.03,-0.62,9.3,-0.52,1.99,-1.24,0.43,0,5.17,0,0,0,idle,
2,4.64,8.78,0.8,-1.11,0.09,-1.02,9.34,-0.59,1.97,-1.11,0.49,0,5.16,0,0,0,idle,
3,4.68,8.85,0.83,-1.41,0.24,-1.73,9.31,-0.61,1.97,-1.94,0.79,0,5.15,0,0,0,idle,
4,4.65,8.86,0.78,-1.88,-0.27,-2.2,9.34,-0.6,1.99,-1.32,0.27,0,5.16,0,0,0,idle,
5,4.73,8.88,0.82,-1.91,-0.84,-2.66,9.28,-0.57,2.06,-1.48,0.69,0,5.16,0,0,0,idle,
6,4.75,8.78,0.85,-2.17,-0.83,-2.72,9.32,-0.59,2.01,-1.22,0.31,0,5.15,0,0,0,idle,
7,4.74,8.84,0.72,-2.14,-0.59,-2.46,9.33,-0.61,2.04,-1.37,0.63,0,5.16,0,0,0,idle,
8,4.83,8.81,0.75,-2.29,-0.36,-2.23,9.36,-0.54,1.87,-0.84,0.17,0,5.16,0,0,0,idle,
9,4.76,8.84,0.78,-1.93,0.14,-2.31,9.33,-0.53,1.95,-0.49,-0.12,0,5.15,0,0,0,idle,
10,4.75,8.84,0.76,-2.03,0.41,-2.83,9.33,-0.62,1.99,-1,-0.12,0,5.15,0,0,0,idle,
11,4.83,8.86,0.77,-2.25,0.59,-2.79,9.35,-0.55,2.02,-0.94,0.1,0,5.16,0,0,0,idle,
12,4.79,8.81,0.78,-2.6,0.5,-3.02,9.33,-0.54,1.95,-1.03,0.11,0,5.17,0,0,0,idle,
13,4.75,8.77,0.84,-2.91,-0.02,-2.45,9.31,-0.56,1.93,-1.14,-0.12,0,5.16,0,0,0,idle,
14,4.79,8.8,0.78,-2.89,-0.01,-2.3,9.34,-0.62,1.96,-1.2,0.08,0,5.15,0,0,0,idle,
15,4.82,8.86,0.7,-2.84,0.32,-2.27,9.34,-0.63,1.9,-0.86,-0.05,0,5.15,0,0,0,idle,
16,4.76,8.76,0.7,-3.08,0.78,-2.44,9.35,-0.6,2,-1.22,-0.04,0,5.16,0,0,0,idle,
17,4.71,8.82,0.8,-3.01,0.91,-2.52,9.37,-0.59,1.97,-1.18,-0.08,0,5.14,0,0,0,idle,
18,4.73,8.84,0.68,-3.19,0.62,-2.44,9.27,-0.6,1.96,-1.12,-0.11,0,5.15,0,0,0,idle,
19,4.79,8.81,0.73,-3.6,0.35,-2.46,9.35,-0.58,1.98,-1.34,-0.2,0,5.17,0,0,0,idle,
20,4.74,8.82,0.65,-3.6,0.31,-2.59,9.31,-0.58,1.95,-1.07,-0.05,0,5.16,0,0,0,idle,
21,4.75,8.85,0.67,-3.18,0.81,-2.5,9.3,-0.65,1.93,-1.01,-0.11,0,5.15,0,0,0,idle,
22,4.74,8.79,0.6,-2.95,0.91,-2.48,9.38,-0.59,1.94,-0.85,-0.14,0,5.16,0,0,0,idle,
23,4.68,8.83,0.46,-3.03,0.12,-2.51,9.35,-0.56,2.04,-0.76,-0.15,0,5.16,0,0,0,idle,
24,4.76,8.83,0.6,-2.34,1.22,-2.56,9.32,-0.64,1.87,-0.78,-0.25,0,5.17,0,0,0,idle,
25,4.75,8.79,0.61,-2.32,1.35,-2.76,9.35,-0.57,1.98,-0.8,-0.27,0,5.15,0,0,0,idle,
26,4.69,8.82,0.71,-1.88,0.92,-2.53,9.3,-0.58,1.99,-0.85,-0.3,0,5.16,0,0,0,idle,
27,4.73,8.81,0.67,-1.89,1.07,-2.81,9.3,-0.58,1.88,-0.88,-0.29,0,5.16,0,0,0,idle,
28,4.74,8.81,0.71,-1.8,0.9,-2.86,9.35,-0.62,1.9,-0.84,-0.15,0,5.16,0,0,0,idle,
29,4.57,8.9,0.78,-0.97,-2.27,-2.61,9.29,-0.31,2.04,-3.59,0.31,0,5.16,0,0,0,idle,
30,4.87,8.75,0.71,-1.04,0.99,0.12,9.34,-0.45,2.06,0.4,1.13,0,5.16,0,0,0,idle,
31,4.75,8.79,0.8,-1.03,0.65,0.42,9.38,-0.39,2.05,0.59,1,0,5.17,0,0,0,idle,
32,4.75,8.78,0.75,-0.75,0.51,0.35,9.28,-0.43,2.17,0.8,1.26,0,5.17,0,0,0,idle,
33,4.74,8.83,0.71,-0.49,0.64,0.12,9.35,-0.38,2.05,0.64,1.29,0,5.12,0,0,0,idle,
34,4.81,8.82,0.76,0,1.31,-0.28,9.24,-0.4,2.16,0.91,1.23,0,5.17,0,0,0,idle,
35,4.7,8.79,0.84,-0.49,1.29,-1.08,9.36,-0.57,2.04,1.17,0.7,0,5.16,0,0,0,idle,
36,4.74,8.81,0.77,-0.5,1.58,-1.71,9.3,-0.49,2.15,0.92,0.68,0,5.16,0,0,0,idle,
37,4.81,8.85,0.73,-0.59,1.54,-1.86,9.29,-0.56,2.08,0.66,0.56,0,5.17,0,0,0,idle,
38,4.79,8.83,0.79,-0.73,1.44,-1.76,9.28,-0.56,2.09,0.82,0.8,0,5.16,0,0,0,idle,
39,4.75,8.8,0.75,-1.15,0.95,-1.49,9.35,-0.56,2.11,0.23,0.87,0,5.16,0,0,0,idle,
40,4.84,8.78,0.71,-1.11,1.19,-1.84,9.23,-0.59,2.07,-0.04,0.94,0,5.17,0,0,0,idle,
41,4.84,8.85,0.65,-1,1.46,-1.78,9.33,-0.61,2.08,0.05,1.2,0,5.17,0,0,0,idle,
42,4.8,8.83,0.78,-1.54,1.21,-2.22,9.31,-0.57,2.08,0.03,1.02,0,5.15,0,0,0,idle,
43,4.82,8.89,0.66,-1.25,1.56,-2.21,9.31,-0.57,2.07,0.37,0.53,0,5.17,0,0,0,idle,
44,4.92,8.87,0.71,-1.63,0.97,-2.62,9.29,-0.49,2.16,0.25,0.9,0,5.15,0,0,0,idle,
45,4.88,8.75,0.74,-1.65,1.32,-1.2,9.29,-0.57,2.06,0.11,0.73,0,5.17,0,0,0,idle,
46,4.86,8.82,0.87,-1.42,1.71,-1.11,9.25,-0.62,1.97,0.13,0.55,0,5.17,0,0,0,idle,
47,4.79,8.84,0.8,-1.76,1.63,-1.11,9.32,-0.57,2.06,0.02,1.16,0,5.17,0,0,0,idle,
48,4.79,8.79,0.73,-2.66,1.02,-1.43,9.29,-0.65,2.05,-0.37,1.44,0,5.17,0,0,0,idle,
49,4.86,8.76,0.71,-3.35,0.49,-1.4,9.36,-0.56,2.09,-0.17,1.38,0,5.17,0,0,0,idle,
50,4.9,8.78,0.63,-3.45,0.3,-1.35,9.32,-0.58,2.24,0.05,0.86,0,5.15,0,0,0,idle,
51,4.79,8.74,0.6,-2.5,2.05,-2.02,9.26,-0.55,2.14,0.21,0.73,0,5.16,0,0,0,idle,
52,4.91,8.78,0.64,-2.89,2.32,-1.99,9.32,-0.53,2.01,0.34,0.33,0,5.13,0,0,0,idle,
53,4.84,8.73,0.61,-2.02,1.84,-1.3,9.3,-0.58,2.06,0.37,-0.19,0,5.17,0,0,0,idle,
54,4.88,8.75,0.59,-1.41,2.34,-1.59,9.3,-0.57,2.09,0.27,-0.27,0,5.17,0,0,0,idle,
55,4.76,8.8,0.63,-1.44,2.55,-1.91,9.3,-0.64,2.16,0.34,-0.61,0,5.16,0,0,0,idle,
56,4.76,8.79,0.65,-1.37,2.51,-2.08,9.29,-0.51,2.16,0.62,-0.9,0,5.17,0,0,0,idle,
57,4.75,8.74,0.69,-0.99,2.61,-2.49,9.28,-0.57,2.09,0.7,-0.73,0,5.16,0,0,0,idle,
58,4.75,8.74,0.58,-0.96,3.16,-2.75,9.3,-0.59,2.07,0.62,-1.02,0,5.1,0,0,0,idle,
59,4.75,8.78,0.69,-0.6,3.36,-3.03,9.28,-0.55,2.08,0.69,-0.63,0,5.15,0,0,0,idle,
60,4.85,8.81,0.83,-0.98,3.04,-3.7,9.25,-0.57,2.11,0.63,-0.43,0,5.16,0,0,0,idle,
61,4.86,8.78,0.78,-0.86,3.27,-3.88,9.34,-0.51,2.08,0.31,-0.11,0,5.17,0,0,0,idle,
62,4.96,8.75,0.85,-0.69,3.55,-3.21,9.29,-0.62,1.99,0.43,-0.08,0,5.17,0,0,0,idle,
63,4.93,8.83,0.78,-0.73,3.91,-3.08,9.32,-0.48,2.03,0.58,0.24,0,5.16,0,0,0,idle,
64,4.89,8.8,0.89,-0.92,4.51,-3.15,9.27,-0.51,2.19,0.48,0.76,0,5.16,0,0,0,idle,
65,4.91,8.83,0.84,-0.91,5.5,-3.51,9.19,-0.51,2.07,0.56,1.02,0,5.16,0,0,0,idle,
66,4.93,8.84,0.93,-0.53,7.89,-3.63,9.4,-0.61,2.1,0.87,2.37,0,5.17,0,0,0,idle,
67,4.97,8.85,0.94,-0.97,8.85,-3.71,9.27,-0.54,2.23,0.18,2.25,0,5.17,0,0,0,idle,
68,5.05,8.67,1.05,-3.6,8.62,-2.46,9.22,-0.53,1.77,-0.36,3.42,0,5.16,0,0,0,idle,
69,4.98,8.61,0.94,-2.83,9,-2.3,9.22,-0.48,1.93,-2.25,4,0,5.16,0,0,0,idle,
70,4.77,8.72,0.86,-6.54,3.43,0.87,9.19,-0.45,1.94,-1.85,0.56,0,5.17,0,0,0,idle,
71,4.79,8.66,0.72,-4.96,3.95,0.04,8.98,-0.5,2.09,-1.85,1.53,0,5.14,0,0,0,idle,
72,4.67,8.67,0.58,-4.47,2.89,2.61,9.4,-0.55,2.21,-0.57,-3.74,0,5.17,0,0,0,idle,
73,4.54,8.7,0.62,-4.67,2.11,2.39,9.17,-0.62,2.13,-0.15,-4.52,0,5.17,0,0,0,idle,
74,4.12,8.92,0.62,-3.5,6.64,-1.76,9.23,-0.57,2.16,-0.37,-4.5,0,5.18,0,0,0,idle,
75,4.19,8.84,0.57,-4.02,5.26,-5.33,9.3,-0.58,2.23,-0.33,-3.94,0,5.17,0,0,0,idle,
76,4.73,8.77,0.44,-3.87,0.08,-6.08,9.3,-0.48,2.1,-1.01,-3.15,0,5.17,0,0,0,idle,
77,4.74,8.71,0.39,-4.02,0.09,-5.42,9.27,-0.35,2.12,-1.5,-2.19,0,5.13,0,0,0,idle,
78,4.61,8.79,0.47,0.38,-1.75,-3.7,9.27,-0.34,1.89,-1.68,-0.68,0,5.17,0,0,0,idle,
79,4.74,8.79,0.68,0.69,-2.84,-3.95,9.24,-0.38,1.88,-1.47,-0.22,0,5.17,0,0,0,idle,
80,4.77,8.76,0.69,0.66,-2.53,-4.47,9.23,-0.34,1.82,-1.32,0.55,0,5.12,0,0,0,idle,
81,4.85,8.75,0.75,1.38,-1.74,-4.35,9.22,-0.38,1.88,-1.06,1.16,0,5.18,0,0,0,idle,
82,4.88,8.9,0.98,1.77,-2.32,-2.02,9.3,-0.43,1.95,-0.37,0.7,0,5.18,0,0,0,idle,
83,4.95,8.82,1.06,1.91,-1.3,-1.95,9.33,-0.45,2.06,-0.21,0.69,0,5.17,0,0,0,idle,
84,4.92,8.8,1.18,1.38,0.49,-2.55,9.34,-0.49,2.01,-0.4,1.18,0,5.16,0,0,0,idle,
85,4.89,8.76,1.11,0.07,0.96,-2.84,9.36,-0.53,1.98,-0.65,1.21,0,5.17,0,0,0,idle,
86,4.93,8.78,1.16,-3.47,-1.1,-1.56,9.38,-0.56,1.95,-1.6,0.76,0,5.17,0,0,0,idle,
87,4.88,8.87,1.04,-4.11,-1.6,-1.16,9.31,-0.63,2.05,-2.02,0.73,0,5.17,0,0,0,idle,
88,4.9,8.88,0.77,-4.97,-1.85,0.49,9.27,-0.51,2,-2.59,0.49,0,5.17,0,0,0,idle,
89,4.8,8.86,0.67,-4.63,-2.11,1.24,9.32,-0.49,1.9,-2.36,0.56,0,5.16,0,0,0,idle,
90,4.74,8.86,0.63,-4.24,-0.53,1.35,9.27,-0.57,1.92,-2.8,1,0,5.16,0,0,0,idle,
91,4.69,8.79,0.6,-4,-0.05,1.26,9.34,-0.6,1.92,-2.69,1.06,0,5.17,0,0,0,idle,
92,4.58,8.78,0.66,-4.21,-0.31,0.05,9.31,-0.56,1.96,-2.73,0.98,0,5.16,0,0,0,idle,
93,4.52,8.83,0.63,-3.86,0.31,-0.38,9.34,-0.57,1.89,-2.54,0.89,0,5.17,0,0,0,idle,
94,4.6,8.82,0.53,-2.46,-0.14,-1.49,9.28,-0.54,2,-1.89,0.49,0,5.15,0,0,0,idle,
95,4.67,8.8,0.52,-1.89,0.31,-2.18,9.3,-0.47,1.94,-1.52,0.69,0,5.17,0,0,0,idle,
96,4.62,8.8,0.52,-1.12,0.32,-2.79,9.36,-0.48,2.01,-1.22,0.89,0,5.12,0,0,0,idle,
97,4.72,8.82,0.57,-0.55,0.08,-3.08,9.28,-0.56,2.03,-0.88,0.76,0,5.16,0,0,0,idle,
98,4.79,8.8,0.59,-0.11,0.02,-3.24,9.3,-0.5,1.88,-0.92,0.92,0,5.15,0,0,0,idle,
99,4.72,8.76,0.83,-0.21,-0.53,-3.04,9.33,-0.54,2.01,-0.73,1.06,0,5.17,0,0,0,idle,
100,4.76,8.83,0.86,-0.44,0.23,-3.53,9.33,-0.6,1.92,-0.69,0.75,0,5.16,0,0,0,idle,
101,4.88,8.81,0.9,-1.59,0.04,-3.64,9.36,-0.56,1.91,-0.66,0.65,0,5.17,0,0,0,idle,
102,4.93,8.76,0.88,-2.02,0.11,-3.13,9.41,-0.66,1.96,-0.61,0.6,0,5.17,0,0,0,idle,
103,4.89,8.83,0.86,-2.06,-0.12,-1.82,9.26,-0.59,1.95,-0.73,0.34,0,5.17,0,0,0,idle,
104,4.83,8.87,0.89,-1.99,0.32,-1.69,9.36,-0.58,1.96,-0.88,0.27,0,5.16,0,0,0,idle,
105,4.75,8.84,0.89,-3.84,0.22,-1.5,9.32,-0.49,2.03,-0.75,0.21,0,5.17,0,0,0,idle,
106,4.87,8.8,0.82,-4.09,-0.13,-1.47,9.33,-0.56,2.06,-0.85,0.13,0,5.14,0,0,0,idle,
107,4.78,8.79,0.71,-3.64,2.3,-1.47,9.33,-0.55,1.98,-1.01,0.18,0,5.17,0,0,0,idle,
108,4.76,8.84,0.7,-3.54,1.97,-1.49,9.32,-0.58,1.88,-0.73,0.07,0,5.17,0,0,0,idle,
109,4.72,8.83,0.66,-3.79,1.47,-1.56,9.32,-0.5,2.02,-0.6,0.72,0,5.17,0,0,0,idle,
110,4.71,8.88,0.67,-3.59,1.34,-1.9,9.36,-0.53,2,-0.73,0.69,0,5.17,0,0,0,idle,
111,4.71,8.81,0.66,-2.66,1.22,-1.75,9.29,-0.52,2.01,-0.5,0.91,0,5.17,0,0,0,idle,
112,4.67,8.74,0.64,-2.48,0.98,-2.27,9.29,-0.48,1.99,-0.4,0.85,0,5.18,0,0,0,idle,
113,4.78,8.84,0.64,-1.95,1.21,-2.76,9.28,-0.59,2.07,-0.21,0.79,0,5.17,0,0,0,idle,
114,4.76,8.8,0.69,-1.7,1.27,-2.83,9.3,-0.51,2.1,-0.26,0.88,0,5.17,0,0,0,idle,
115,4.87,8.84,0.75,-1.36,0.8,-2.37,9.3,-0.52,2.06,-0.21,0.63,0,5.17,0,0,0,idle,
116,4.84,8.79,0.74,-1.53,0.99,-2.27,9.31,-0.51,2.04,-0.59,0.5,0,5.15,0,0,0,idle,
117,4.82,8.8,0.78,-1.31,1.17,-2.18,9.27,-0.56,2.04,-0.91,0.31,0,5.17,0,0,0,idle,
118,4.83,8.83,0.77,-1.22,1.18,-1.76,9.29,-0.6,1.98,-1.05,0.01,0,5.16,0,0,0,idle,
119,4.75,8.88,0.7,-2.17,0.36,-1.23,9.32,-0.55,2.05,-0.85,-0.75,0,5.16,0,0,0,idle,
120,4.72,8.87,0.75,-1.91,0.28,-1.02,9.22,-0.52,1.94,-0.73,-0.76,0,5.17,0,0,0,idle,
121,4.66,8.79,0.86,-1.98,0.29,-1.55,9.35,-0.54,1.88,-1.01,-0.36,0,5.17,0,0,0,idle,
122,4.63,8.83,0.73,-2.2,1.09,-2.34,9.33,-0.64,1.96,-1.05,-0.41,0,5.17,0,0,0,idle,
123,4.59,8.83,0.83,-2.62,1.47,-3.01,9.32,-0.58,1.91,-1.5,-0.23,0,5.11,0,0,0,idle,
124,4.61,8.84,0.81,-2.95,0.82,-3.54,9.35,-0.54,1.83,-1.18,-0.27,0,5.18,0,0,0,idle,
125,4.64,8.87,0.81,-3.26,0.24,-3.99,9.26,-0.55,1.95,-1.21,-0.05,0,5.17,0,0,0,idle,
126,4.75,8.74,0.78,-3.34,0.04,-3.69,9.23,-0.44,2,-1.05,0.01,0,5.15,0,0,0,idle,
127,4.77,8.76,0.68,-3.47,-0.23,-3.34,9.25,-0.54,2.05,-0.95,0.53,0,5.11,0,0,0,idle,
128,4.7,8.77,0.72,-3.04,-0.37,-3.28,9.32,-0.5,1.98,0.15,0.34,0,5.17,0,0,0,idle,
129,4.88,8.78,0.51,-4.6,-0.96,-5.71,9.28,-0.55,2.05,-0.63,0.23,0,5.17,0,0,0,idle,
130,4.97,8.73,0.38,-5.36,-2.9,-4.68,9.31,-0.48,1.89,0.27,-0.14,0,5.16,0,0,0,idle,
131,5.01,8.63,0.36,-0.32,-1.56,-2.17,9.34,-0.5,1.74,0.23,-0.83,0,5.17,0,0,0,idle,
132,5.04,8.76,0.4,1.57,1.22,-1.86,9.24,-0.53,1.96,0.44,-0.71,0,5.17,0,0,0,idle,
133,4.86,8.9,0.69,-0.11,-1.84,0.51,9.33,-0.55,2.11,-0.63,-0.46,0,5.17,0,0,0,idle,
134,4.79,8.89,0.59,-1.44,-4.44,0.82,9.62,-0.61,2.01,-1.45,1.43,0,5.17,0,0,0,idle,
135,4.88,8.76,0.51,0.44,-2.74,-0.5,9.52,-0.57,1.93,-0.99,-3.4,0,5.17,0,0,0,idle,
136,4.87,8.68,0.57,2.52,-0.99,0.34,9.27,-0.57,1.79,-1.16,-3.96,0,5.15,0,0,0,idle,
137,4.6,8.93,0.96,2.2,0.98,1.34,9.29,-0.53,2.05,-3.17,0.42,0,5.17,0,0,0,idle,
138,4.5,8.94,1.06,0.89,0.76,0.13,9.31,-0.54,2.01,-2.05,0.3,0,5.16,0,0,0,idle,
139,4.47,8.87,0.86,-2.96,-4.95,-2.84,9.54,-0.48,1.82,-1.3,-2.02,0,5.17,0,0,0,idle,
140,4.57,8.83,0.82,-3.78,-3.11,-4.08,9.54,-0.56,1.74,0.05,-2.51,0,5.17,0,0,0,idle,
141,4.6,8.79,0.68,-2.75,0.12,-4.97,9.39,-0.49,1.69,-0.85,-2.29,0,5.17,0,0,0,idle,
142,4.67,8.82,0.54,-1.32,1.98,-5.17,9.21,-0.59,1.77,-0.85,-2.41,0,5.16,0,0,0,idle,
143,4.74,8.92,0.55,0.09,2.81,-4.63,9.24,-0.67,1.93,-0.85,-1.15,0,5.17,0,0,0,idle,
144,4.79,8.91,0.69,-2.43,1.04,-2.8,9.14,-0.57,1.99,-0.78,1.35,0,5.14,0,0,0,idle,
145,4.64,8.91,0.74,-4.21,-1.74,-2.95,9.34,-0.56,1.87,-1.87,1.64,0,5.17,0,0,0,idle,
146,4.74,8.82,0.31,-5.34,-1.69,-4.34,9.5,-0.74,1.69,-1.98,-3.56,0,5.17,0,0,0,idle,
147,4.77,8.83,0.25,-3.72,0.11,-4.82,9.31,-0.64,1.81,-1.42,-1.93,0,5.15,0,0,0,idle,
148,4.86,8.8,0.53,3.97,5.56,-4.79,9.25,-0.64,1.74,-1.01,0.14,0,5.17,0,0,0,idle,
149,4.75,8.88,0.38,0.73,3.44,-1.4,9.18,-0.66,1.72,-0.95,0.79,0,5.16,0,0,0,idle,
150,4.77,8.92,0.62,0.12,2.15,-1.85,9.22,-0.64,1.93,-0.29,0.57,0,5.13,0,0,0,idle,
151,4.7,8.94,0.67,0,1.19,-2.35,9.25,-0.72,1.87,-0.37,1.27,0,5.16,0,0,0,idle,
152,4.89,8.75,0.45,-4.66,-3.17,-2.11,9.7,-0.75,1.76,-1.21,-2.21,0,5.17,0,0,0,idle,
153,4.91,8.65,0.24,-2.69,-1.31,-1.73,9.52,-0.67,1.84,-0.73,-3.43,0,5.12,0,0,0,idle,
154,4.67,8.79,0.59,2.4,3.42,-0.83,9.24,-0.61,1.66,-0.88,-0.69,0,5.15,0,0,0,idle,
155,4.64,8.74,0.72,1.52,2.68,-0.5,9.31,-0.61,1.77,-1.53,1.06,0,5.17,0,0,0,idle,
156,4.47,8.85,0.64,-0.75,-1.24,-0.43,9.35,-0.68,1.69,-0.18,1.03,0,5.16,0,0,0,idle,
157,4.53,8.96,0.56,-1.83,-1.54,-1.82,9.46,-0.61,1.66,-0.81,0.02,0,5.16,0,0,0,idle,
158,4.67,8.92,0.38,-1.58,2.39,-3.89,9.25,-0.71,1.7,0.8,0.73,0,5.17,0,0,0,idle,
159,4.77,8.93,0.38,-1.57,2.18,-3.95,9.29,-0.69,1.74,0.66,1.59,0,5.17,0,0,0,idle,
160,4.9,8.99,0.59,0.88,3.98,-2.28,9.24,-0.69,1.89,-0.31,0.92,0,5.16,0,0,0,handmoter,
161,4.81,9.03,0.6,-0.59,1.24,-1.85,9.43,-0.77,1.97,-2.04,1.88,0,5.18,0,0,0,handmoter,
162,4.79,8.76,0.49,-2.93,-2.27,0.07,9.27,-0.76,1.62,-2.12,-1.88,0,5.17,0,0,0,handmoter,
163,4.72,8.74,0.54,-1.85,-2.11,1.02,9.32,-0.71,1.69,-2.58,-1.47,0,5.17,0,0,0,handmoter,
164,4.48,8.72,0.56,-1.18,0.34,1.24,9.3,-0.77,1.68,-2.27,-0.17,0,5.17,0,0,0,handmoter,
165,4.39,8.82,0.72,-2.15,1.21,0.48,9.41,-0.73,1.74,-2.79,1.7,0,5.17,0,0,0,handmoter,
166,4.42,9.01,0.45,-4.85,0.49,-3.5,9.35,-0.7,1.75,-1.21,-0.33,0,5.17,0,0,0,handmoter,
167,4.51,9.06,0.34,-4,1.66,-4.91,9.41,-0.66,1.71,-1.33,0.05,0,5.16,0,0,0,handmoter,
168,4.78,9.04,0.24,-3.82,2.94,-5.5,9.27,-0.64,1.74,-0.21,0.09,0,5.17,0,0,0,handmoter,
169,4.76,9.01,0.14,-3.15,2.21,-4.13,9.37,-0.7,1.7,-1.98,1.65,0,5.15,0,0,0,handmoter,
170,4.67,8.7,0.44,0.41,3.31,-3.87,9.35,-0.71,1.71,-0.99,-0.6,0,5.16,0,0,0,handmoter,
171,4.63,8.72,0.53,0.49,3.28,-3.58,9.4,-0.68,1.72,-0.98,-0.53,0,5.16,0,0,0,handmoter,
172,4.73,8.84,0.73,-2.09,-0.49,-2.79,9.4,-0.66,1.69,-1.68,0.8,0,5.15,0,0,0,handmoter,
173,4.8,8.94,0.65,-2.82,0.57,-3.05,9.35,-0.65,1.68,-1.52,0.68,0,5.14,0,0,0,handmoter,
174,4.84,9.01,0.39,-3.27,0.03,-2.93,9.4,-0.73,1.59,-1.54,0.66,0,5.14,0,0,0,handmoter,
175,4.89,8.97,0.44,-3.31,-1.03,-2.28,9.35,-0.72,1.75,-1.54,0.9,0,5.17,0,0,0,handmoter,
176,4.85,8.91,0.42,-2.85,-1.08,-1.27,9.35,-0.69,1.69,-1.14,0.6,0,5.16,0,0,0,handmoter,
177,4.67,8.85,0.57,-0.95,2.4,-0.67,9.36,-0.68,1.82,-0.07,0.05,0,5.17,0,0,0,handmoter,
178,4.56,8.85,0.56,-1.76,1.69,-1.18,9.33,-0.74,1.7,-0.49,0.47,0,5.17,0,0,0,handmoter,
179,4.7,8.98,0.62,-1.94,2,-2.01,9.41,-0.71,1.8,-0.8,1.64,0,5.17,0,0,0,handmoter,
180,4.76,8.9,0.51,-2.96,1.92,-1.84,9.37,-0.7,1.65,-0.27,1.24,0,5.17,0,0,0,handmoter,
181,4.78,8.91,0.47,-4.3,-0.42,-0.15,9.35,-0.7,1.89,0.02,1.2,0,5.14,0,0,0,handmoter,
182,4.65,8.86,0.43,-3.92,-0.15,0.34,9.52,-0.72,1.81,0.09,1.1,0,5.11,0,0,0,handmoter,
183,4.58,8.75,0.37,-2.07,3.89,-1.59,9.28,-0.69,1.78,0.36,0.18,0,5.16,0,0,0,handmoter,
184,4.59,8.85,0.35,-2.13,3.06,-1.53,9.38,-0.72,1.76,0.35,0.45,0,5.16,0,0,0,handmoter,
185,4.68,8.97,0.38,-3.23,1.3,-1.15,9.45,-0.7,1.66,-0.5,1.76,0,5.16,0,0,0,handmoter,
186,4.65,8.95,0.38,-3.24,0.52,-1.47,9.43,-0.71,1.74,-0.31,1.06,0,5.16,0,0,0,handmoter,
187,4.56,8.87,0.44,-1.35,1.89,-1.04,9.3,-0.72,1.75,-0.1,0.77,0,5.17,0,0,0,handmoter,
188,4.59,8.88,0.43,-1.08,1.96,-1.35,9.32,-0.69,1.76,-0.15,1.08,0,5.17,0,0,0,handmoter,
189,4.81,8.81,0.6,-2.15,1.68,-3.41,9.37,-0.62,1.91,-0.17,0.37,0,5.16,0,0,0,handmoter,
190,4.79,8.81,0.59,-2.1,1.14,-3.03,9.32,-0.54,1.9,-0.34,0.54,0,5.17,0,0,0,handmoter,
191,4.76,8.84,0.58,-1.93,1.18,-2.78,9.35,-0.62,1.92,-0.71,0.35,0,5.16,0,0,0,handmoter,
192,4.8,8.82,0.62,-1.7,1.34,-2.15,9.38,-0.61,1.84,-0.66,0.18,0,5.11,0,0,0,handmoter,
193,4.78,8.85,0.57,-1.5,0.66,-1.69,9.41,-0.63,1.85,-0.82,-0.14,0,5.16,0,0,0,handmoter,
194,4.66,8.82,0.64,-1.21,1.28,-1.79,9.37,-0.61,1.87,-0.6,0.21,0,5.16,0,0,0,handmoter,
195,4.69,8.84,0.7,-1.34,1.2,-1.69,9.36,-0.63,1.83,-0.57,0.05,0,5.17,0,0,0,handmoter,
196,4.72,8.85,0.66,-1.6,1.43,-1.52,9.37,-0.64,1.87,-0.79,0.45,0,5.16,0,0,0,handmoter,
197,4.62,8.87,0.63,-1.66,1.29,-1.77,9.32,-0.53,1.88,-0.76,0.09,0,5.17,0,0,0,handmoter,
198,4.72,8.81,0.71,-1.78,1.08,-1.76,9.4,-0.53,1.86,-0.47,0.04,0,5.11,0,0,0,handmoter,
199,4.69,8.87,0.71,-2,1.34,-1.69,9.41,-0.64,1.83,-0.44,-0.11,0,5.16,0,0,0,handmoter,
200,4.71,8.85,0.61,-1.85,1.74,-1.96,9.36,-0.61,1.76,-0.61,0.19,0,5.15,0,0,0,handmoter,
201,4.68,8.92,0.63,-2.41,1.68,-1.85,9.39,-0.67,1.81,-0.56,0.63,0,5.16,0,0,0,handmoter,
202,4.7,8.89,0.63,-2.88,0.7,-1.87,9.38,-0.6,1.85,-0.54,0,0,5.16,0,0,0,handmoter,
203,4.63,8.9,0.54,-2.12,1.63,-2.86,9.32,-0.65,1.89,-0.1,0.16,0,5.16,0,0,0,handmoter,
204,4.73,8.89,0.62,-1.6,2.47,-3.5,9.36,-0.61,1.75,-0.58,0.92,0,5.16,0,0,0,handmoter,
205,4.76,8.8,0.7,-2.77,1.37,-2.33,9.32,-0.6,1.81,-0.63,0.49,0,5.16,0,0,0,handmoter,
206,4.7,8.76,0.59,-2.65,0.56,-1.37,9.34,-0.54,1.9,-0.98,0.44,0,5.16,0,0,0,handmoter,
207,4.71,8.91,0.63,-2.92,0.57,-1.53,9.33,-0.6,1.76,-1.15,0.95,0,5.16,0,0,0,handmoter,
208,4.64,8.85,0.57,-2.88,0.18,-1.85,9.33,-0.63,1.76,-1.48,1.47,0,5.15,0,0,0,handmoter,
209,4.74,8.82,0.63,-2.08,0.17,-1.56,9.41,-0.61,1.92,-0.79,0.66,0,5.16,0,0,0,handmoter,
210,4.69,8.84,0.49,-2.05,0.92,-1.05,9.34,-0.66,1.81,-0.12,0.21,0,5.17,0,0,0,handmoter,
211,4.61,8.92,0.62,-1.29,1.61,-1.93,9.34,-0.67,1.9,-0.73,1.12,0,5.16,0,0,0,handmoter,
212,4.72,8.87,0.56,-1.19,1.95,-2.56,9.35,-0.63,1.94,-0.24,0.63,0,5.17,0,0,0,handmoter,
213,4.71,8.83,0.61,-2.24,0.38,-1.85,9.36,-0.65,1.81,-0.53,0.81,0,5.16,0,0,0,handmoter,
214,4.76,8.82,0.57,-1.72,0.72,-0.98,9.32,-0.62,1.85,-0.56,0.65,0,5.16,0,0,0,handmoter,
215,4.67,8.86,0.69,-1.46,1.44,-1.53,9.29,-0.59,1.81,-0.6,0.93,0,5.16,0,0,0,handmoter,
216,4.65,8.9,0.69,-2.02,0.92,-1.66,9.34,-0.61,1.8,-0.92,0.95,0,5.17,0,0,0,handmoter,
217,4.75,8.86,0.79,-2.48,0.6,-1.5,9.36,-0.62,1.93,-0.87,0.79,0,5.13,0,0,0,handmoter,
218,4.73,8.86,0.62,-2.52,0.5,-1.48,9.31,-0.63,1.88,-1.12,1.21,0,5.16,0,0,0,handmoter,
219,4.67,8.86,0.66,-2.11,1.03,-1.38,9.3,-0.6,1.93,-0.61,0.8,0,5.16,0,0,0,handmoter,
220,4.66,8.81,0.62,-2.21,1.3,-1.56,9.37,-0.63,1.98,-0.5,0.68,0,5.17,0,0,0,handmoter,
221,4.68,8.78,0.65,-2.74,1.66,-2.21,9.3,-0.62,1.87,-0.53,0.55,0,5.16,0,0,0,handmoter,
222,4.68,8.85,0.62,-2.63,1.69,-2.42,9.32,-0.57,1.88,-0.18,0.42,0,5.14,0,0,0,handmoter,
223,4.99,8.84,0.51,-1.72,3.17,-1.8,9.37,-0.57,1.91,0.61,0.16,0,5.17,0,0,0,handmoter,
224,5.42,8.88,0.44,-0.63,5.48,0.5,9.4,-0.58,1.93,0.92,0.62,0,5.17,0,0,0,handmoter,
225,7.44,9.32,0.14,1.05,2.3,31.31,9.8,0,2.01,5.33,-0.5,0,5.16,0,0,0,handmoter,
226,9.2,8.72,-0.23,10.98,12.57,52.27,9.89,0,2.01,6.6,-0.45,0,5.16,0,0,0,handmoter,
227,9.58,9.09,-1.13,20.04,19.6,102.65,9.65,0.69,1.27,18.85,-8.52,0,5.16,0,0,0,handmoter,
228,10.88,8.6,-1.38,42.4,20.96,125.85,9.92,0.2,2.14,25.07,-10.88,0,5.16,0,0,0,handmoter,
229,11.49,9.36,-1.86,64.44,-16.89,193.16,9.93,0.65,1.76,43.13,-21.95,0,5.16,0,0,0,handmoter,
230,12.97,9.84,-2.5,48.66,9.55,188.34,9.64,0.66,1.75,50.92,-26.59,0,5.14,0,0,0,handmoter,
231,13.95,7.7,-4.57,94.39,27.48,176.56,9.62,0.41,1.77,64.08,-35.02,0,5.16,0,0,0,handmoter,
232,12.96,6.84,-3.92,100.93,19.63,175.85,10,0.45,1.71,68.56,-40.57,0,5.16,0,0,0,handmoter,
233,9.62,4.32,-3.84,137.79,-12.3,153.99,9.61,0.25,1.37,78.52,-48.98,0,5.16,0,0,0,handmoter,
234,8.71,4.19,-3.24,154.06,-14.89,140.34,9.78,0.31,1.32,82.4,-52.02,0,5.16,0,0,0,handmoter,
235,6.64,3.27,-1.55,173.13,-0.43,140.67,9.76,-0.11,0.95,89.89,-60.39,0,5.16,0,0,0,handmoter,
236,4.09,2.94,-1.24,169.52,13.59,128.53,9.33,-0.31,0.93,93.27,-61.82,0,5.17,0,0,0,handmoter,
237,1.46,2.4,-0.44,164.24,22.24,104.63,8.95,-0.56,0.39,94.98,-63.44,0,5.15,0,0,0,handmoter,
238,-0.17,2.34,0.14,157.18,30.1,81.69,8.7,-1.17,-0.04,94.98,-62.61,0,5.11,0,0,0,handmoter,
239,-1.32,2.55,0.4,139.94,24.24,60.2,8.73,-1.84,-0.35,95.21,-62.48,0,5.16,0,0,0,handmoter,
240,-0.71,5.5,1.76,106.91,23.52,-70.28,8.72,-1.96,-1.12,80.17,-38.08,0,5.16,0,0,0,handmoter,
241,1.53,7.34,2.18,91.06,46.63,-89.27,8.5,-1.41,-1,79.58,-28.66,0,5.15,0,0,0,handmoter,
242,7.81,10.33,0.59,49.9,91.95,-118.47,8.92,-1.2,-0.87,82.79,-13.44,0,5.16,0,0,0,handmoter,
243,13.66,10.71,-1.97,38.68,63.95,-125.54,9.38,-1.04,-0.46,90.1,-9.19,0,5.16,0,0,0,handmoter,
244,19.62,3.03,-1.58,176.82,150.64,-74.51,9.72,-0.17,-0.47,106.56,-17.79,0,5.16,0,0,0,handmoter,
245,19.62,1.4,3.88,142.24,78.37,-30.6,9.36,-0.31,-1.04,105.5,-20.55,0,5.16,0,0,0,handmoter,
246,19.28,0.97,-2.25,36.68,-10.57,-4.53,9.72,-1.32,-2.61,96.17,-22.06,0,5.16,0,0,0,handmoter,
247,18.79,-1.38,-0.49,35.46,-23.92,31.64,10.72,-1.49,-1.77,97.96,-30.88,0,5.16,0,0,0,handmoter,
248,9.87,-6.75,-0.51,21.21,-31.72,80.02,9.13,1.2,-1.4,88.8,-47.34,0,5.16,0,0,0,handmoter,
249,8.22,-6.05,0.29,31.27,-32.69,95.79,7.99,-0.05,-1.43,78.34,-49.85,0,5.17,0,0,0,handmoter,
250,1.18,-3.53,0.31,40.66,3.65,95.3,10.16,0.77,-2.17,50.1,-35.31,0,5.16,0,0,0,handmoter,
251,0.09,-2.66,1.11,59.46,2.38,118.83,10.55,1.11,-2.13,48.29,-40.21,0,5.16,0,0,0,handmoter,
252,-2,3.6,2.61,50.42,17.18,19.85,8.66,3.05,-3.12,51.96,-27.81,0,5.16,0,0,0,handmoter,
253,-0.59,6.29,1.79,32.09,21.7,-17.63,8.06,3.08,-3.53,68.79,-27.3,0,5.17,0,0,0,handmoter,
254,9.01,11.43,-1.89,32.97,-20.75,-121.15,8.81,0.91,-3.57,75.62,-13.54,0,5.16,0,0,0,handmoter,
255,13.78,11.89,-2.59,53.3,3.81,-130.03,8.93,0.13,-3.65,78.44,-14.74,0,5.16,0,0,0,handmoter,
256,19.62,8.17,-6.53,165.74,-39.93,-69.85,10.27,0.57,-5.48,29.22,4.19,0,5.19,0,0,0,handmoter,
257,19.62,2.24,-1.19,250.13,68.49,-36.48,9.98,0.26,-4.4,83.48,-17.2,0,5.23,0,0,0,handmoter,
258,19.62,-4.88,11.33,206.06,94.97,-111.18,9.19,-0.48,-3.64,74.93,-9.45,0,5.21,0,0,0,handmoter,
259,19.62,-1.7,-0.76,-47.07,62.69,-68.98,8.64,-1.23,-4.07,71.17,-13.49,0,5.23,0,0,0,handmoter,
260,19.62,-4.66,-4.56,9.15,-38.84,34.64,8.56,-2.08,-4.11,60.56,-15.66,0,5.24,0,0,0,handmoter,
261,8.02,-5.93,3.42,36.44,-29.89,126.04,8.47,-2.14,-4.3,-7.02,9.41,0,5.24,0,0,0,handmoter,
262,6.25,-4.47,3.69,33.79,-35.9,143.04,9.03,-1.57,-4.77,-7.05,-4.53,0,5.23,0,0,0,handmoter,
263,0.18,-0.01,2.59,-11.71,-9.99,129.12,8.29,0.57,-4.11,-15.59,-2.42,0,5.22,0,0,0,handmoter,
264,-0.34,0.8,1.63,-19.62,-29.88,107.39,8.3,0.33,-3.95,-21.09,-2.66,0,5.22,0,0,0,handmoter,
265,1.24,3.45,1.14,-4.35,20.5,47.37,8.69,1.66,-4.12,-15.21,2.52,0,5.21,0,0,0,handmoter,
266,1.09,5.46,0.47,-4.24,36.25,7.67,8.68,2.61,-4.45,-3.75,4.93,0,5.22,0,0,0,handmoter,
267,6.61,8.11,-2.89,-46.85,5.08,-79.73,9.29,-0.16,-4.08,6.07,-0.05,0,5.21,0,0,0,handmoter,
268,8.56,8.05,-3.27,-25.07,32.42,-100.84,9.59,-1.3,-3.85,0.47,-0.53,0,5.2,0,0,0,handmoter,
269,16.33,8.1,-5.34,-25.73,-8.85,-141.05,9.14,-0.74,-4.28,-4.61,5.8,0,5.22,0,0,0,handmoter,
270,19.62,5.26,-7.93,-37.73,-62.31,-130.95,9.31,-0.92,-4.55,-7.07,8.29,0,5.2,0,0,0,handmoter,
271,19.62,-1.54,-7.51,-54.73,119.15,-152.5,9.04,-2.49,-4.06,-21.21,6.88,0,5.21,0,0,0,handmoter,
272,19.62,-6.06,-5.76,245.56,83.72,4.44,9.04,-3.23,-3.91,-30.76,3.77,0,5.21,0,0,0,handmoter,
273,17.67,-7.08,1.47,-46.11,11.48,99.4,9.6,-1.95,-2.77,-122.52,29.27,0,5.21,0,0,0,handmoter,
274,11.12,-4.28,4.86,30.27,16.57,190.45,9.96,-0.75,-3.33,-129.73,25.73,0,5.22,0,0,0,handmoter,
275,5.25,-1.67,6.4,-63.96,39.41,168.98,9.81,0.59,-2.56,-131.54,24,0,5.18,0,0,0,handmoter,
276,2.38,0.31,6.38,-74.35,18.24,186.48,9.94,0.46,-2.03,-134.44,16.09,0,5.24,0,0,0,handmoter,
277,0.86,1.54,5.74,-113.86,22.71,167.89,9.45,0.28,-1.83,-144.01,18.1,0,5.21,0,0,0,handmoter,
278,0.09,7.55,3.51,-144.76,99.84,75.63,8.8,2.51,-3.15,-138.02,21.81,0,5.23,0,0,0,handmoter,
279,-0.37,10,1.94,-152.08,110.92,38.68,8.79,3.2,-3.34,-133.39,24.87,0,5.24,0,0,0,handmoter,
280,6.55,11.14,-2.88,-211.84,9.31,-73.05,10.64,1.41,-2.93,-113.95,23.56,0,5.23,0,0,0,handmoter,
281,12.31,9.94,-3.95,-201.16,23.43,-83.9,8.84,0.84,-2.57,-113.8,28.34,0,5.28,0,0,0,handmoter,
282,19.12,6.65,-7.34,-166.45,42.82,-82.22,8.58,0.92,-1.83,-101.07,33.92,0,5.25,0,0,0,handmoter,
283,19.62,5.19,-8.94,-164.59,16.79,-80.85,9.1,0.56,-1.45,-106.49,38.15,0,5.26,0,0,0,handmoter,
284,19.62,-1.21,-9.47,-68.27,101.21,-21.13,9.33,-0.59,-0.95,-134.04,37.32,0,5.25,0,0,0,handmoter,
285,19.62,-3.15,-10.52,-130.92,-42.43,40.61,9.24,-1.49,-0.76,-151.27,42.15,0,5.25,0,0,0,handmoter,
286,15.97,-5.2,-7.36,-124.94,-48.6,85.5,9.77,-0.81,0.23,-173.95,40.06,0,5.26,0,0,0,handmoter,
287,14.21,-5.97,-5,-155.94,-39.87,94.05,10.31,-0.07,0.06,-184.84,42.55,0,5.25,0,0,0,handmoter,
288,7.42,-4.75,2.93,-171.67,12.25,162.94,10.02,0.69,0,-185.04,27.38,0,5.26,0,0,0,handmoter,
289,4.68,-3.61,4.28,-169.14,12.61,183,9.41,0.7,0.8,-184.41,20.21,0,5.21,0,0,0,handmoter,
290,2.28,-0.67,3.82,-202.54,16.74,176.5,9.85,0.39,0.78,-196.26,21.05,0,5.22,0,0,0,handmoter,
291,1.18,0.22,2.98,-202.59,36.14,164.24,10.47,0.3,0.96,-195.6,7.75,0,5.16,0,0,0,handmoter,
292,-0.19,3.69,2.21,-180.15,109.24,119.49,9.51,0.45,1.23,-192.19,-0.95,0,5.2,0,0,0,handmoter,
293,-1.63,6.42,0.67,-179.79,126.47,70.27,9.35,1.01,0.31,-178.44,-16.25,0,5.21,0,0,0,handmoter,
294,7.46,9.28,-6.92,-232.17,0.99,-86.27,11,-0.38,0,-150.77,-19.79,0,5.21,0,0,0,handmoter,
295,14.18,7.66,-9.18,-213.16,20.73,-99.09,11.12,-0.61,-0.11,-140.37,-27.49,0,5.2,0,0,0,handmoter,
296,19.62,6.01,-12.55,-164.93,61.77,-146.69,10.19,0.96,-0.99,-100.77,-38.76,0,5.2,0,0,0,handmoter,
297,19.48,2.4,-13.16,-50.27,-30.36,-88.66,10.05,0.16,-1.3,-92.73,-38.59,0,5.2,0,0,0,handmoter,
298,17.08,-3.33,-19.39,-185.7,-147.24,-78.76,8.71,-1.56,-2.15,-85.15,-42.49,0,5.21,0,0,0,handmoter,
299,18.68,-10.75,-13.94,-45.35,12.76,-53.4,8.39,-2.59,-2.67,-99.95,-35.93,0,5.24,0,0,0,handmoter,
300,14.56,-13.01,-3,-67.92,-43.89,81.57,9.33,-1.7,-1.3,-106.69,-35.69,0,5.21,0,0,0,handmoter,
301,12.03,-10.78,1.71,-19.64,-37.81,141.28,8.68,-0.77,-1.99,-113.62,-29.38,0,5.31,0,0,0,handmoter,
302,3.38,-3.98,6.42,-106.26,-26.76,201.11,9.63,0.09,-1.93,-134.32,-19.02,0,5.22,0,0,0,handmoter,
303,2.87,-1.66,5.58,-144.8,24.79,186.15,9.86,0.44,-1.29,-138.21,-20.19,0,5.21,0,0,0,handmoter,
304,-2.04,7.1,1.78,-145.9,92.66,94.81,9.31,2.35,-2.3,-113.83,-31.08,0,5.2,0,0,0,handmoter,
305,-2.01,10.73,-1.17,-162.44,63.45,15.27,9.01,2.87,-3.4,-90.76,-28.73,0,5.24,0,0,0,handmoter,
306,13.14,9.13,-12.19,-119.06,35.32,-117.8,9.94,0.45,-3.53,-44.6,-35.95,0,5.21,0,0,0,handmoter,
307,16.62,7.2,-14.17,-42.57,68.82,-125.46,9.43,0.26,-3.81,-38.74,-31.98,0,5.23,0,0,0,handmoter,
308,18.79,5.53,-13.92,3.6,51.16,-124.96,9.13,0.79,-4.05,-31.27,-25.31,0,5.19,0,0,0,handmoter,
309,19.51,2.95,-12.86,9.5,1.93,-118.4,9.33,1.27,-4.16,-21.28,-22.84,0,5.21,0,0,0,handmoter,
310,19.62,-0.63,-12.07,2,-22.21,-119.25,9.44,0.87,-3.86,-13.65,-22.68,0,5.21,0,0,0,handmoter,
311,19.62,-13.06,-9.58,-23.76,-102.27,-45.46,7.82,-2.36,-4.13,-18.41,-22.5,0,5.2,0,0,0,handmoter,
312,19.62,-15.01,-4.52,61.1,-18.8,20.92,8.21,-2.13,-3.29,-44.37,-22.5,0,5.17,0,0,0,handmoter,
313,-2.77,4.16,4.27,13.47,-42.37,160.43,8.85,0.51,-3.18,-42.75,0.47,0,5.24,0,0,0,handmoter,
314,-1.73,6.39,3.54,-11.4,105.4,133.08,9.1,0.62,-3.07,-39.81,-0.2,0,5.24,0,0,0,handmoter,
315,-3.39,9.17,0.01,-60.51,131.17,42.73,9.24,0.97,-2.8,-29.49,8.34,0,5.24,0,0,0,handmoter,
316,-3.62,11.5,-1.31,-52.96,113.74,-19.27,9.59,2.1,-4.31,-6.99,-5.87,0,5.23,0,0,0,handmoter,
317,0.7,13.43,-4,-94.46,64.87,-104.65,9.91,3.1,-4.15,18.72,-11.06,0,5.24,0,0,0,handmoter,
318,6.44,11.56,-7.84,-103.45,30.27,-139.61,9.85,2.26,-4.09,29.76,-7.5,0,5.26,0,0,0,handmoter,
319,17.24,4.5,-13.31,-25.8,71.97,-171.14,9.88,0.56,-3.57,45.8,-13.05,0,5.21,0,0,0,bunny,
320,18.69,2.63,-14.74,30.84,63.14,-157.5,9.11,0.24,-3.63,53.21,-11.18,0,5.21,0,0,0,bunny,
321,19.62,-7.66,-11.89,101.44,-35.31,-91.36,8.5,-0.11,-4.26,63.77,-7.98,0,5.21,0,0,0,bunny,
322,19.62,-11.01,-10.59,49.24,-58.94,-87.7,8.74,-0.82,-4.16,60.25,-4.64,0,5.21,0,0,0,bunny,
323,16.14,-9.95,-1.47,72.98,-81.53,78.08,8.7,-0.45,-4.55,49.35,10.66,0,5.21,0,0,0,bunny,
324,12.4,-7.6,1.43,103.14,-53.94,127.08,8.81,0.54,-4.22,52.48,9.98,0,5.19,0,0,0,bunny,
325,2.99,-0.57,3.99,96.72,112.34,156.02,9.21,0.54,-3.67,61.87,13.6,0,5.2,0,0,0,bunny,
326,-1.12,0.31,4.13,111.31,2.35,149.99,9.24,0.3,-3.63,66.37,11.7,0,5.18,0,0,0,bunny,
327,-3.43,7.07,-0.94,30.52,49.4,-16.13,9.87,1.3,-3.27,91.03,8.07,0,5.19,0,0,0,bunny,
328,-2.62,9.26,-3.26,42.06,57.21,-75.34,9.86,1.47,-4.03,111.71,8.17,0,5.19,0,0,0,bunny,
329,11.96,6.43,-12.01,36.49,46.82,-206.44,9.77,-0.09,-3.44,143.44,14.33,0,5.18,0,0,0,bunny,
330,17.97,3.15,-15,83.48,44.75,-197,9.67,-0.72,-2.91,150.15,12.29,0,5.19,0,0,0,bunny,
331,19.62,-1.4,-17.01,172.47,3.27,-142.14,9.2,-0.45,-3.04,157.97,8.96,0,5.19,0,0,0,bunny,
332,19.62,-2.47,-14.77,193.31,-27.05,-116.46,9,-0.77,-3.4,160.02,9.66,0,5.19,0,0,0,bunny,
333,19.62,0.74,-10.55,250.13,92.95,-27.57,8.76,-2.08,-2.93,141.07,31.19,0,5.19,0,0,0,bunny,
334,12.38,-2.71,-0.9,250.13,-50.23,47.44,9.11,-1.71,-2.85,140.81,31.15,0,5.2,0,0,0,bunny,
335,12.27,-1.55,-2.98,201.98,-55.72,33.51,9.23,-1.05,-2.19,147.76,34.71,0,5.2,0,0,0,bunny,
336,3.82,-2.44,-0.85,250.13,-25.04,65.35,8.9,-0.91,-1.98,149.98,35.15,0,5.19,0,0,0,bunny,
337,-0.73,0.52,-1.17,206.05,14.82,-23.23,10.15,-1,-0.23,150.7,39.2,0,5.19,0,0,0,bunny,
338,-0.53,2.07,-1.02,181.55,20.4,-31.82,10.63,-0.47,-0.71,158.68,27.24,0,5.2,0,0,0,bunny,
339,-2.01,4.31,-2.01,153.65,51.07,-64.6,10.59,-0.52,-1.25,169.27,23.63,0,5.15,0,0,0,bunny,
340,-2.5,6.1,-3.99,165.98,78.34,-101.15,10.43,-1.12,-1.13,187.18,15.12,0,5.18,0,0,0,bunny,
341,0.17,7.38,-5.78,163.64,-2.32,-136.43,9.88,-0.46,-0.66,185.34,17.82,0,5.19,0,0,0,bunny,
342,11.44,5.57,-8.99,129.08,34.89,-166.13,10.28,-0.65,-0.42,187.51,-8.36,0,5.19,0,0,0,bunny,
343,14.17,5.45,-8.49,178.12,50.79,-145.92,9.66,-0.8,-0.23,188.84,-9.22,0,5.15,0,0,0,bunny,
344,16.24,2.6,-8.8,168.5,-38.27,-122.1,9.06,-1.68,-1.13,186.68,-9.92,0,5.18,0,0,0,bunny,
345,17.85,1.11,-7.54,157.56,-55.82,-106.24,8.93,-1.68,-0.64,178.73,-5.92,0,5.18,0,0,0,bunny,
346,16.08,-3.52,-1.72,145.95,-37.02,-45.31,9.12,-2.29,-0.79,141.12,-8.44,0,5.19,0,0,0,bunny,
347,15.27,-4.47,-1.15,107.4,-54.61,-35.76,8.78,-1.74,-1.1,126.75,-11.24,0,5.18,0,0,0,bunny,
348,-0.71,7.44,-1.09,-28.19,69.79,-29.73,9.96,1.17,-3.63,3.59,9.24,0,5.17,0,0,0,bunny,
349,10.2,6.56,-7.16,-34.22,5.78,-131.03,10.13,0.43,-3.04,38.67,-1.5,0,5.17,0,0,0,bunny,
350,15.03,4.6,-9.12,-9.09,20.61,-140.96,9.77,0.37,-2.88,46.75,-5.46,0,5.16,0,0,0,bunny,
351,17.79,3.49,-10.69,7.47,38.2,-136.77,9.25,0.73,-3.12,50.23,1.27,0,5.14,0,0,0,bunny,
352,18.56,1.09,-10.55,44.08,20.05,-112.8,9.03,0.85,-2.88,62.63,-5.22,0,5.15,0,0,0,bunny,
353,19.11,-1.07,-10.74,41.98,-16.11,-106.44,8.95,0.65,-2.85,69.05,-4.63,0,5.18,0,0,0,bunny,
354,19.62,-4.59,-16.94,171.19,250.13,-42.44,8.6,-1.52,-3.63,66.31,0.53,0,5.16,0,0,0,bunny,
355,15.46,-13.51,-0.29,67.47,-120.17,77.44,8.94,-1.16,-3.44,61.68,6.38,0,5.16,0,0,0,bunny,
356,14.58,-7.85,-0.46,144.24,-10.28,83.07,9.08,-0.36,-2.84,57.29,11.63,0,5.12,0,0,0,bunny,
357,9.89,-6.98,-0.59,160.36,-48.73,122.73,9.3,0.42,-3.31,58.98,13.23,0,5.16,0,0,0,bunny,
358,0.33,-1.27,-0.82,110.38,-36.98,65.61,9.7,1.34,-1.91,82.25,12.65,0,5.17,0,0,0,bunny,
359,-0.48,0.04,-1.96,104.58,-37.69,40.34,9.9,0.92,-1.81,90.77,13.79,0,5.17,0,0,0,bunny,
360,0.36,2.83,-4.23,98.19,-5.53,-28.71,10.47,0.95,-1.82,110.7,13.83,0,5.18,0,0,0,bunny,
361,1.28,4.54,-5.15,108.93,2.67,-66.67,10.32,1.03,-2.18,131.44,9.62,0,5.17,0,0,0,bunny,
362,10.07,4.6,-8.89,137.27,7.59,-131.07,10.41,-1.57,-1.14,158.44,-12.64,0,5.18,0,0,0,bunny,
363,13.12,3.78,-9.79,160.74,-11.57,-139.88,9.49,-2.67,-1.36,156.37,-4.76,0,5.18,0,0,0,bunny,
364,16.87,1.68,-13.39,226.29,9.69,-103.33,9.04,-1.47,-1.77,162.46,-1.23,0,5.14,0,0,0,bunny,
365,13.91,-0.25,-7.25,250.13,-21.71,-75.66,8.99,-2.09,-1.83,163.31,-1.44,0,5.2,0,0,0,bunny,
366,15.2,-3.76,-7.3,208.08,-63.89,-60.66,8.64,-2.74,-1.52,143.79,4.63,0,5.2,0,0,0,bunny,
367,14.84,-3.82,-6.17,188.73,-59.59,-53.77,8.87,-2.59,-1.61,142.11,9.34,0,5.19,0,0,0,bunny,
368,13.64,-4.32,-3.97,213.24,-64.44,-23.34,8.88,-2.47,-1.41,139.22,12.76,0,5.14,0,0,0,bunny,
369,12.53,-3.9,-2.65,226.65,-82.54,6.11,9.31,-1.98,-1.51,137.72,15.73,0,5.2,0,0,0,bunny,
370,6.25,-2.06,0.75,170.53,-32.07,25.75,9.58,-2.39,-0.35,127.82,12.12,0,5.19,0,0,0,bunny,
371,4.97,-2.12,0.62,145.08,-21.2,22.21,9.68,-2.43,-0.35,124.71,10.21,0,5.19,0,0,0,bunny,
372,2.01,-0.31,-0.75,113.13,17.06,-17.25,9.72,-1.55,-0.77,118.5,5.45,0,5.16,0,0,0,bunny,
373,0.43,0.66,-1.44,109.72,23.54,-40.19,9.6,-1.32,-0.8,117.41,4.71,0,5.18,0,0,0,bunny,
374,-0.69,2.33,-2.28,96.63,13.4,-95.15,9.5,-1.04,-0.73,113.99,-0.21,0,5.15,0,0,0,bunny,
375,0.57,3.04,-3.18,96.64,26.83,-131.84,9.33,-1.25,-0.51,112.54,-1.69,0,5.19,0,0,0,bunny,
376,2.98,4.15,-4.17,101.51,24.69,-157.73,10.47,-1.26,-0.55,106.12,-5.46,0,5.18,0,0,0,bunny,
377,6.66,4.88,-4.62,105.08,19.05,-170.56,11.33,-0.51,-0.3,105.01,-9.55,0,5.17,0,0,0,bunny,
378,10.6,5.35,-6.1,107.45,26.83,-183.63,10.06,2.38,-0.84,126.17,-15.85,0,5.19,0,0,0,bunny,
379,19.62,-1.77,-5.82,128.26,-50.43,-75.09,9.29,-0.99,-0.85,113.09,-25.67,0,5.18,0,0,0,bunny,
380,18.3,-3.58,-2.68,151.91,-84.51,-31.21,8.63,-0.89,-1.19,102.02,-22.89,0,5.19,0,0,0,bunny,
381,17.7,-3.13,-1.19,125.46,-41.47,-30.47,8.65,-1,-2.08,80.24,-14.2,0,5.15,0,0,0,bunny,
382,17.88,-3.21,0.96,103.88,-41.5,3.51,9.15,-0.97,-2.39,61.07,-4.23,0,5.18,0,0,0,bunny,
383,13.86,0.71,6.33,-44.15,-9.9,135.35,10.25,-0.52,-2.47,18.71,13.11,0,5.21,0,0,0,bunny,
384,13.95,2.04,5.74,-102.31,10.65,146.56,9.96,-0.82,-2.25,10.27,14.07,0,5.21,0,0,0,bunny,
385,13.5,3.5,2.57,-198.96,54.05,161.21,10.13,-1.31,-1.81,-16.08,23.98,0,5.18,0,0,0,bunny,
386,13.34,3.01,1.57,-219.3,62.7,173.85,10.54,-1.48,-2.02,-29.11,27.62,0,5.19,0,0,0,bunny,
387,13.57,2.03,0.12,-242.27,152.52,184.08,9.43,-0.79,-1.49,-60.49,40.98,0,5.19,0,0,0,bunny,
388,11.93,1.28,-0.83,-240.77,148.53,182.42,9.11,-0.7,-1.24,-69.72,41.7,0,5.2,0,0,0,bunny,
389,12.02,-1.39,-1.55,-250.14,202.79,175.02,8.76,-0.4,-0.81,-90.83,52.79,0,5.2,0,0,0,bunny,
390,11.53,-2.79,-1.97,-250.14,250.13,161.1,8.49,-0.32,-0.71,-99.18,55.47,0,5.17,0,0,0,bunny,
391,11.08,-3.88,-2.58,-138.13,175.98,179.89,8.97,-0.67,-0.24,-112.31,51.04,0,5.21,0,0,0,bunny,
392,11.07,-4.3,-2.77,-152.03,201.02,198.27,9.21,-1.6,0.36,-125.65,54.95,0,5.22,0,0,0,bunny,
393,9.96,-6.65,-4.23,-137.86,208.4,198.44,9.2,-2.78,0.87,-142.84,42.18,0,5.2,0,0,0,bunny,
394,9.37,-6.29,-4.25,-120.92,192.37,192.86,9.11,-2.36,1.86,-156.08,51.88,0,5.2,0,0,0,bunny,
395,10.49,-7.33,-3.78,-131.89,184.79,182.86,9.14,-1.11,2.91,-174.24,33.38,0,5.21,0,0,0,bunny,
396,10.11,-7.32,-3.37,-138.8,175.79,182.86,9.56,-0.41,4.26,-155.48,33.99,0,5.2,0,0,0,bunny,
397,6.83,-7.15,-3.91,-144.83,149.5,202.69,9.29,0.57,3.41,-156.82,38.36,0,5.21,0,0,0,bunny,
398,6.14,-7.53,-4.11,-146.65,185.25,195.66,9.16,1.02,3.43,-147.36,29.3,0,5.2,0,0,0,bunny,
399,5.32,-7.55,-3.51,-73.91,138.63,233.58,9.53,1.07,3.68,-131.21,28.1,0,5.2,0,0,0,bunny,
400,4.49,-7.51,-3.65,-75.16,105.92,238.13,9.58,1.54,3.29,-126.4,27.69,0,5.11,0,0,0,bunny,
401,0.57,-6.08,-4.29,-73.03,216.62,241.62,9.42,1.23,2.87,-104.26,22.68,0,5.19,0,0,0,bunny,
402,-1.36,-6.05,-6.44,-62.35,250.13,230.14,9.05,1.13,2.96,-97.31,21.07,0,5.21,0,0,0,bunny,
403,-5.06,-5.26,-9.21,-41.71,120.77,133.87,9.58,0.58,2.26,-78.62,16.32,0,5.2,0,0,0,bunny,
404,-5.15,-4.98,-9.09,9.33,180.55,83.99,9.43,0.79,2.23,-72.98,8.5,0,5.21,0,0,0,bunny,
405,-4.51,-3.26,-6.15,68.87,201.4,-12.24,9.31,0.3,2.19,-55.7,15.38,0,5.2,0,0,0,bunny,
406,-1.9,-2.52,-4.96,13.95,73.58,-93.6,9.15,-0.05,2.44,-55.79,15.33,0,5.17,0,0,0,bunny,
407,3.88,-3.29,5.29,224.91,140.32,-132.65,9.58,-0.84,2.4,-41.98,8.08,0,5.19,0,0,0,bunny,
408,3.62,-2.07,6.96,250.13,78.31,-74.65,9.44,-0.92,2.63,-36.46,9.93,0,5.18,0,0,0,bunny,
409,7.44,-4.21,5.23,-39.39,-13.23,130.87,8.74,-0.89,2.62,-27.9,-0.73,0,5.18,0,0,0,bunny,
410,3.67,-6.64,2.13,-144.39,61.19,132.93,8.85,-1.48,2.17,-25.41,-5.68,0,5.17,0,0,0,bunny,
411,-1.14,-7.87,-5.38,-182.32,-46.94,102.36,8.95,-1.64,1.95,-24.63,-0.53,0,5.17,0,0,0,bunny,
412,-0.63,-8.37,-7.22,-212.83,-43.98,108.91,9.3,-1.58,1.93,-25.92,-0.27,0,5.17,0,0,0,bunny,
413,-3.09,-10.72,-14.98,-250.14,250.13,10.82,10.06,-1.03,1.71,-21.18,3.55,0,5.17,0,0,0,bunny,
414,-2.96,-9.22,-18.8,-40.76,127.57,11.26,9.77,-0.8,1.75,-19.87,5.24,0,5.17,0,0,0,bunny,
415,-2.41,-7.53,-15.64,53.05,-1.2,-56.76,9.18,-0.62,1.61,-17.43,10.22,0,5.17,0,0,0,bunny,
416,-0.98,-8.33,-12.87,145.6,44.99,-33.64,8.9,-0.48,1.76,-13.31,12.01,0,5.17,0,0,0,bunny,
417,2.72,0.62,6.92,250.13,-187.07,-127.26,9.38,-0.39,3.17,-3.6,0.31,0,5.17,0,0,0,bunny,
418,5.51,0.85,8.3,149.11,-138.25,-78.6,8.79,-0.2,2.32,6.31,-4.01,0,5.17,0,0,0,bunny,
419,7.24,-1.77,7.71,15.53,-124.16,47.94,8.53,0,1.97,8.64,-1.25,0,5.11,0,0,0,bunny,
420,5.49,-2.88,5.21,-106.4,-40.4,115.32,8.7,0.24,2.05,14.29,-4.02,0,5.17,0,0,0,bunny,
421,0.56,-3.5,0.34,-140.04,-46.76,128.15,8.82,0.29,2.32,22.11,-5.58,0,5.16,0,0,0,bunny,
422,-0.59,-6.91,-5.96,-101.36,-102.82,52.85,9.48,-0.26,2.55,36.04,-0.7,0,5.17,0,0,0,bunny,
423,-1.08,-7.99,-7.49,-74.76,-75.89,19.79,9.77,-0.05,2.54,43,-1.29,0,5.18,0,0,0,bunny,
424,-1.65,-7.59,-8.43,-12.21,-81.8,-74.56,9.48,0.49,2.64,63.56,-5.66,0,5.14,0,0,0,bunny,
425,-0.02,-8.04,-7.74,-17.84,-18.65,-141.19,9.1,1.14,2.59,70.31,-5.95,0,5.17,0,0,0,bunny,
426,1.81,-9.51,-7.94,90.38,-170.92,-111.96,9.23,0.77,3.43,102.29,-13.98,0,5.17,0,0,0,bunny,
427,2.85,-9.81,-6.39,111.11,-250.14,-27.44,9.4,0.59,3.66,106.59,-13.14,0,5.11,0,0,0,bunny,
428,1.09,-11.15,-2.89,17.26,-250.14,30.57,8.77,0.45,3.03,131.79,-22.56,0,5.17,0,0,0,bunny,
429,0.05,-12.7,-3.28,-68.4,-250.14,4,8.79,0.2,3.46,141.93,-27.87,0,5.16,0,0,0,bunny,
430,-0.24,-13.8,-3.48,-99.64,-233.38,-6.75,8.57,-0.04,3.79,150.19,-25.54,0,5.14,0,0,0,bunny,
431,-0.64,-13.48,-3.69,-94.31,-212.14,-1.18,8.47,-0.4,3.86,157.78,-28.43,0,5.17,0,0,0,bunny,
432,-1.94,-12.5,-4,-99.66,-166.86,-38.46,8.69,-1.26,4.02,167.32,-17.4,0,5.17,0,0,0,bunny,
433,-1.35,-11.53,-3.85,-102.69,-165.98,-41.69,8.44,-1.52,4.08,167.29,-15.53,0,5.17,0,0,0,bunny,
434,-0.79,-11.01,-3.55,-118.82,-138.8,-45.13,8.04,-2.21,4.16,164.05,-12.58,0,5.17,0,0,0,bunny,
435,-0.62,-10.72,-3.68,-107.9,-116.43,-51.5,7.92,-2,4.33,157.48,-13.82,0,5.17,0,0,0,bunny,
436,0.17,-9.18,-3.39,-114.35,-117.84,-53.88,7.73,-3.03,3.72,140.59,-13.91,0,5.18,0,0,0,bunny,
437,0.13,-8.97,-3.85,-107.69,-116.24,-38.12,7.89,-2.68,3.59,140.03,-13.98,0,5.13,0,0,0,bunny,
438,-1.25,-8.07,-5.07,-104.76,-110.16,-18.83,7.83,-2.03,3.28,137.53,-14.64,0,5.17,0,0,0,bunny,
439,-2.21,-7.61,-6.16,-104.58,-102.79,-11.79,7.7,-2.5,2.83,137.18,-8.05,0,5.16,0,0,0,bunny,
440,-6.1,-7.49,-10.63,-51.43,-32.18,-35.59,8.27,-2.08,3.06,128.83,-5.7,0,5.17,0,0,0,bunny,
441,-6.08,-7.38,-11.02,0.05,-1.4,-87.51,8.33,-2.08,3.33,127.57,-9.81,0,5.17,0,0,0,bunny,
442,-0.63,-8.83,-5.45,183.77,10.85,-193.98,9,-2.82,3.52,102.78,4.61,0,5.17,0,0,0,bunny,
443,0.61,-7.18,-1.98,250.13,-24.19,-188.32,8.72,-2.7,3.94,94.03,7.49,0,5.17,0,0,0,bunny,
444,3.08,-0.13,5.3,250.13,-83.25,-175.36,8.31,-2.75,4.27,74.82,0.11,0,5.17,0,0,0,bunny,
445,5.99,-2.06,7.8,227.55,-38.94,-164.42,8.47,-3.17,3.59,66.73,-3.72,0,5.15,0,0,0,bunny,
446,5.46,-4.35,6.55,-81.98,-57.06,91.1,7.65,-2.15,3.5,51.19,-2.56,0,5.18,0,0,0,bunny,
447,2.15,-5.64,4.16,-165.29,-53.73,105.64,8,-0.52,3.04,66.79,-1.43,0,5.1,0,0,0,bunny,
448,-5.77,-8.55,-8.31,-134.67,56.85,103.66,8.78,-2.51,3.4,22.71,-5.51,0,5.19,0,0,0,bunny,
449,-6.42,-8.44,-13.14,-195.77,-1.25,27.89,8.47,-2.27,3.25,17.53,-5.37,0,5.18,0,0,0,bunny,
450,-5.83,-10.15,-13.71,-115.83,-4.44,27.82,8.51,-2.06,2.94,15.21,-3.49,0,5.18,0,0,0,bunny,
451,-6.2,-8.89,-14.99,-62.07,-24.37,18.03,8.81,-1.91,2.85,15.86,-0.37,0,5.19,0,0,0,bunny,
452,-8.16,-7.57,-14.5,12.93,-20.64,21.29,9.01,-1.74,2.76,11.66,2.7,0,5.18,0,0,0,bunny,
453,-7.93,-7.19,-14.46,40.05,31.27,-21.88,8.94,-1.6,2.68,7.15,5,0,5.18,0,0,0,bunny,
454,-6.57,-8.77,-12.49,170.21,73.63,-68.9,8.97,-1.61,2.91,0.49,5.72,0,5.18,0,0,0,bunny,
455,-5.27,-9.66,-10.85,226.28,98.45,-130.75,8.89,-1.68,2.93,-1.32,4.66,0,5.18,0,0,0,bunny,
456,-0.47,-1.1,1.53,250.13,-1.03,-219.3,8.85,-1.81,3.32,-14.65,6.22,0,5.17,0,0,0,bunny,
457,2.23,-0.45,4.78,250.13,23.08,-190.29,8.85,-1.74,3.59,-14.73,2.79,0,5.16,0,0,0,bunny,
458,5.61,-1.35,7.43,76.77,35.62,26.35,8.34,-1.85,3.24,-25.47,-0.75,0,5.17,0,0,0,bunny,
459,4.51,-2.35,7.14,6.85,46.86,41.27,8.15,-1.92,3.2,-26.06,-1.1,0,5.17,0,0,0,bunny,
460,2.69,-4.09,5.44,-23.37,46.44,51.79,8.23,-1.96,3.05,-26.32,-2.51,0,5.11,0,0,0,bunny,
461,1.13,-5.19,3.78,-30.34,20.47,58.02,8.57,-2.07,3.11,-32.72,-1.66,0,5.17,0,0,0,bunny,
462,0.29,-6.89,1.96,-48.68,-51.89,56.12,9.04,-2.28,2.88,-50.76,1.83,0,5.17,0,0,0,bunny,
463,0.36,-7.15,1.9,-56.59,-47.24,53.66,8.79,-2.26,3.32,-53.64,-1.58,0,5.13,0,0,0,bunny,
464,-0.36,-8.87,1.33,-41.02,-3.85,46.86,8.78,-2.45,3.21,-65.15,-5.82,0,5.16,0,0,0,bunny,
465,-0.57,-9.42,1.25,-46.05,2.94,42.79,8.93,-2.61,3.35,-70.94,-9.37,0,5.13,0,0,0,bunny,
466,-0.57,-12.16,0.59,-110.59,14.06,37.63,8.83,-3.07,3.38,-82.53,-6.55,0,5.17,0,0,0,bunny,
467,-0.03,-13.24,-0.63,-162.66,41.76,17.2,8.69,-3.13,3.36,-82.98,-5.57,0,5.16,0,0,0,bunny,
468,-0.64,-13.66,-1.12,-153.55,85.44,51.07,8.86,-3.23,3.62,-89.14,-4.28,0,5.13,0,0,0,bunny,
469,-0.54,-14.91,-2.79,-157.76,59.9,67.66,8.91,-3.05,3.64,-96.15,-2.34,0,5.17,0,0,0,bunny,
470,-0.29,-15.59,-5.51,-131.44,85.4,92.85,8.63,-2.97,3.48,-104.05,-0.23,0,5.17,0,0,0,bunny,
471,-0.8,-14.33,-9.51,-110.16,124.27,111.16,8.5,-2.28,3.39,-120.24,2.6,0,5.17,0,0,0,bunny,
472,-0.72,-13.4,-10.62,-81.43,121.69,110.82,8.47,-2.27,3.53,-121.63,5.89,0,5.14,0,0,0,bunny,
473,-0.36,-10.18,-10.38,-26.64,105.13,114.41,8.71,-1.98,3.47,-122.91,8.85,0,5.18,0,0,0,bunny,
474,0,-8.74,-9.99,-12.76,102.97,126.56,8.45,-1.75,3.17,-128.14,7.89,0,5.16,0,0,0,bunny,
475,-0.82,-7.27,-10.03,17.21,116.5,163.29,8.71,-1.31,3.31,-129.82,4.76,0,5.16,0,0,0,bunny,
476,-1.05,-6.78,-9.43,36.24,120.5,156.05,8.68,-1.22,3.71,-124.62,3.63,0,5.15,0,0,0,bunny,
477,-1.27,-6.38,-7.98,50.37,120.24,136.34,8.49,-1.08,3.81,-127.95,12.47,0,5.17,0,0,0,tapshoulder,
478,-1.35,-6.04,-7.49,54.85,112.64,138.2,8.29,-1.12,3.51,-131.4,9.66,0,5.16,0,0,0,tapshoulder,
479,-1.34,-5.42,-6.14,55.88,116.21,135.98,8.15,-0.92,3.72,-140.82,20.82,0,5.17,0,0,0,tapshoulder,
480,-1.58,-5.36,-5.65,55.97,106.95,127.83,8.14,-0.12,4.19,-140.89,22.76,0,5.18,0,0,0,tapshoulder,
481,-2.77,-6.24,-5.45,73.21,102.95,137.15,9.08,1.17,3.98,-132.53,14.2,0,5.17,0,0,0,tapshoulder,
482,-3.21,-4.63,-6.52,28.63,106.92,116.08,8.93,0.89,3.65,-128.7,7.17,0,5.18,0,0,0,tapshoulder,
483,-5.03,-4.63,-8.16,46.35,116.74,117.18,8.82,1.19,3.54,-116.6,0.4,0,5.18,0,0,0,tapshoulder,
484,-5.67,-4.73,-9.04,57.48,119.87,104.4,9.18,1.31,3.4,-114.16,1.47,0,5.17,0,0,0,tapshoulder,
485,-7.67,-4.1,-11.95,112.94,171.18,51.35,8.75,1.35,2.9,-91.41,3.84,0,5.18,0,0,0,tapshoulder,
486,-6.94,-5.39,-12.39,146.14,232.07,13.68,8.8,1.14,2.63,-88.31,6.41,0,5.13,0,0,0,tapshoulder,
487,-4.17,-6.11,-7.77,250.13,250.13,-82.21,8.87,0.64,2.62,-78.05,11.96,0,5.16,0,0,0,tapshoulder,
488,-3.25,-4.98,-4.28,250.13,185.89,-104.4,9.18,0.66,3.4,-73.44,12.06,0,5.16,0,0,0,tapshoulder,
489,-1.81,-3.38,0.83,250.13,67.88,-136.8,8.99,0.49,3.29,-76.49,18.26,0,5.1,0,0,0,tapshoulder,
490,-0.17,-1.08,4.83,250.13,81.24,-153.27,9,0.3,3.35,-72.18,13.58,0,5.15,0,0,0,tapshoulder,
491,5.04,-2.44,9.45,-70.11,2.27,29.95,8.73,0.37,3.45,-54.4,7.71,0,5.17,0,0,0,tapshoulder,
492,3.94,-3.7,6.92,-163.03,5.13,65.73,8.69,0.18,3.11,-45.08,3.85,0,5.16,0,0,0,tapshoulder,
493,1.34,-6.34,1,-207.24,-42.29,111.53,9.18,-0.08,3.15,-39.66,2.21,0,5.16,0,0,0,tapshoulder,
494,1.04,-6.71,-0.45,-215.35,-23.85,129.12,9.59,-0.07,3.18,-36.86,-0.63,0,5.15,0,0,0,tapshoulder,
495,-0.24,-9.46,-7.63,-247.7,33.7,127.54,9.46,-0.29,2.96,-31.6,-5.59,0,5.16,0,0,0,tapshoulder,
496,-1.69,-9.83,-11.66,-202.22,34.92,106.87,9.16,-0.12,2.75,-24.59,-7.35,0,5.17,0,0,0,tapshoulder,
497,-5.09,-10.49,-16.7,-82.24,-11.22,9.83,8.99,0.24,2.06,-16.97,-1.08,0,5.15,0,0,0,tapshoulder,
498,-5.02,-10.45,-16.19,-16.5,9.52,3,9.1,0.11,2.13,-17.6,0.98,0,5.17,0,0,0,tapshoulder,
499,-3.79,-8.32,-11.13,154.83,84.31,-67.6,9.6,0.26,2.12,-5.65,-0.66,0,5.17,0,0,0,tapshoulder,
500,-1.92,-8.44,-7.74,142.8,114.85,-116.66,9.16,0.29,2.31,-5.88,-0.03,0,5.16,0,0,0,tapshoulder,
501,-1.05,-8.33,-5.43,176.21,92.61,-143.06,9.04,0.27,2.61,-0.6,1.39,0,5.12,0,0,0,tapshoulder,
502,-0.64,-4.51,-4.53,250.13,107.59,-165.2,9.13,0.41,2.24,3.87,3.86,0,5.17,0,0,0,tapshoulder,
503,-0.5,-0.9,1.52,250.13,4.27,-150.08,8.92,0.38,2.52,9.13,2.49,0,5.15,0,0,0,tapshoulder,
504,5.24,-1.72,6.76,193.5,-101.97,-27.55,9.13,0.33,2.64,19.47,1.87,0,5.16,0,0,0,tapshoulder,
505,5.18,-1.37,5.56,120,-80.9,3.36,9.06,0.51,2.63,29.96,0.81,0,5.12,0,0,0,tapshoulder,
506,-3.5,-10.69,-5.2,-96.85,-144.48,-72.24,8.68,-0.12,3.24,107.85,-18.12,0,5.15,0,0,0,tapshoulder,
507,-3.47,-10.77,-5.25,-88.61,-169.11,-65.44,8.7,-0.32,3.44,112.7,-18.07,0,5.15,0,0,0,tapshoulder,
508,-2.39,-9.48,-4.42,-54.56,-141.24,-67.11,8.93,-0.79,3.52,118.88,-16.19,0,5.16,0,0,0,tapshoulder,
509,-1.99,-9.7,-4.25,-59.49,-141.81,-59.01,8.79,-1.07,3.66,119.89,-15.34,0,5.15,0,0,0,tapshoulder,
510,-1.62,-9.13,-4.1,-74.61,-138.78,-51.39,8.78,-1.22,3.5,118.18,-15.28,0,5.14,0,0,0,tapshoulder,
511,-1.5,-8.96,-3.71,-92.21,-122.87,-52.15,8.75,-0.95,4.07,117.8,-14.85,0,5.17,0,0,0,tapshoulder,
512,-1.63,-9.21,-3.53,-92.62,-121.33,-47.67,8.64,-0.97,3.67,118.78,-14.45,0,5.15,0,0,0,tapshoulder,
513,-1.81,-9.31,-3.55,-85.07,-125.11,-45.79,8.6,-0.96,3.74,119.69,-13.41,0,5.16,0,0,0,tapshoulder,
514,-1.71,-9.15,-3.08,-81.81,-116.8,-53.15,8.56,-1.03,3.55,121.37,-13.18,0,5.16,0,0,0,tapshoulder,
515,-1.73,-8.97,-3.02,-76.29,-104.98,-58.27,8.42,-0.94,3.73,123.12,-14.19,0,5.16,0,0,0,tapshoulder,
516,-2.14,-8.92,-3.99,-102.25,-114.71,-26.76,8.99,-2.1,3.73,118.01,-18.42,0,5.11,0,0,0,tapshoulder,
517,-2.8,-8.79,-4.61,-105.45,-104.53,-20.19,9.19,-2.67,3.51,118.93,-15.52,0,5.12,0,0,0,tapshoulder,
518,-3.65,-8.92,-5.63,-97.24,-74.03,-23.36,8.92,-3.03,3.43,109.83,-10.98,0,5.13,0,0,0,tapshoulder,
519,-5.33,-8.83,-7.13,-80.95,-47.6,-30.54,8.59,-2.52,2.98,105.85,-12.53,0,5.16,0,0,0,tapshoulder,
520,-6.12,-9.03,-9.81,66.71,32.02,-116.76,8.65,-2.98,2.81,71.61,-4.77,0,5.16,0,0,0,tapshoulder,
521,-4.48,-10.28,-9.01,99.83,48.87,-155.08,8.69,-3.22,2.45,65,-2.22,0,5.16,0,0,0,tapshoulder,
522,-1.85,-8.33,-5.58,222.75,61.86,-193.44,9.05,-2.6,2.59,62.05,-0.89,0,5.16,0,0,0,tapshoulder,
523,-0.66,-5.88,-2.48,250.13,22.65,-205.29,8.99,-2.74,2.76,55.89,1.73,0,5.16,0,0,0,tapshoulder,
524,5.28,-1.99,7.98,191.39,-2.88,-130.12,8.33,-2.16,3.02,40.87,2.92,0,5.16,0,0,0,tapshoulder,
525,6.25,-2.23,8.9,106.36,-2.4,-35.88,8.57,-2.22,3,37.85,1.69,0,5.15,0,0,0,tapshoulder,
526,2.7,-3.7,6.16,-104.27,-29.1,74.66,8.19,-2.09,2.88,26.85,0.48,0,5.16,0,0,0,tapshoulder,
527,1.27,-5.34,4.51,-159.97,-51.8,91.23,8.33,-2.04,2.8,23.01,-2.13,0,5.16,0,0,0,tapshoulder,
528,0.75,-6.52,2.98,-211.06,-72.69,113.82,8.76,-2.31,2.81,21.68,-0.45,0,5.12,0,0,0,tapshoulder,
529,0.7,-8.24,1.21,-249.44,-60.56,130.37,9.13,-2.43,3.72,20.21,-4.76,0,5.16,0,0,0,tapshoulder,
530,-4.6,-10.93,-10.3,-159.34,-179.35,241.04,8.94,-2.23,2.88,12.48,-3.5,0,5.15,0,0,0,tapshoulder,
531,-5.58,-8.98,-14.4,-166.63,-16.43,142.11,8.77,-2.12,2.77,8.63,-4.79,0,5.15,0,0,0,tapshoulder,
532,-6.7,-10.03,-15.87,-76.44,30.56,86.69,8.68,-2.1,2.55,7.01,-1.24,0,5.11,0,0,0,tapshoulder,
533,-8.16,-9.07,-17.17,-51.89,72.34,10.45,8.6,-2.13,2.44,4.57,1.45,0,5.16,0,0,0,tapshoulder,
534,-4.96,-8.03,-11.31,181.97,114.82,-100.66,9.1,-2.4,2.68,-11.47,11.3,0,5.16,0,0,0,tapshoulder,
535,-4.42,-8.03,-9.61,250.13,96.5,-127.5,8.89,-2.28,2.95,-14.24,15.92,0,5.16,0,0,0,tapshoulder,
536,-1.65,2.89,0.85,250.13,-178.45,-181.54,8.71,-2.45,3.19,-24.24,15.68,0,5.16,0,0,0,tapshoulder,
537,2.56,2.53,4.82,250.13,-198.78,-207.91,8.94,-2.43,3.2,-31.8,12.18,0,5.14,0,0,0,tapshoulder,
538,6.68,0.27,7.06,188.31,-144.6,-28.21,8.87,-2.36,3.25,-48.69,6.34,0,5.16,0,0,0,tapshoulder,
539,5.57,0.22,7.15,102.36,-120.79,30.6,8.82,-2.18,2.99,-53.11,2.26,0,5.15,0,0,0,tapshoulder,
540,2,-2.95,5.59,-28.34,-67.92,48.21,8.98,-1.55,3.34,-53.56,-5.27,0,5.15,0,0,0,tapshoulder,
541,1.2,-3.6,4.69,-21.63,-88.11,27.93,9.18,-1.96,3.72,-54.5,-2.6,0,5.15,0,0,0,tapshoulder,
542,1.13,-4.23,4.47,-25.92,-119.43,4.79,9.52,-2.11,3.45,-58.6,-11.84,0,5.1,0,0,0,tapshoulder,
543,2.18,-5.76,4.16,-33.4,-133.56,-16.11,9.14,-2.19,3.75,-49.4,-14.53,0,5.15,0,0,0,tapshoulder,
544,2.72,-7.59,3.69,-25.89,-127,-36.26,9.25,-1.54,3.62,-59.69,-23.76,0,5.16,0,0,0,tapshoulder,
545,2.45,-9.94,2.76,-3.79,-163.02,-109.32,8.53,-2.44,2.97,-55.09,-27.15,0,5.15,0,0,0,tapshoulder,
546,4.64,-10.94,3.08,-5.66,-203.72,-137.44,8.25,-2.34,3.14,-57.68,-31.5,0,5.14,0,0,0,tapshoulder,
547,7.76,-11.73,1.54,-179.11,-169.08,-227.71,8.24,-2.17,2.64,-52.4,-19.04,0,5.15,0,0,0,tapshoulder,
548,9.17,-12.59,-1.01,-167.43,-232.72,-250.14,8.34,-1.7,2.03,-63.34,-28.72,0,5.15,0,0,0,tapshoulder,
549,11.43,-13.8,-2.4,-102.99,-117.89,-111.36,8.66,-1.81,2.94,-63.4,-19.6,0,5.14,0,0,0,tapshoulder,
550,11.16,-10.1,-3.37,-42.95,-88.32,1.69,8.45,-1.75,2.12,-56.51,-14.88,0,5.16,0,0,0,tapshoulder,
551,8.16,-9.34,-13.29,-8.08,-27.17,10.04,8.67,-0.33,2.35,-34.94,16.99,0,5.16,0,0,0,tapshoulder,
552,7.25,-10.22,-14.1,2.15,-3.7,-12.63,9.49,1.7,1.73,-30.43,14.6,0,5.16,0,0,0,tapshoulder,
553,4.48,-10.86,-12.69,128.39,32.38,-26.58,9.75,1.31,1.59,-35.07,9.47,0,5.16,0,0,0,tapshoulder,
554,3.93,-11.39,-10.28,209.79,6.61,-51.27,10.15,0.78,1.98,-38.31,5.34,0,5.16,0,0,0,tapshoulder,
555,3.69,-8.23,-3.04,250.13,52.53,-128.65,9.44,-0.65,1.51,-42.97,1.25,0,5.16,0,0,0,tapshoulder,
556,3.26,-8.07,0.63,250.13,61.1,-110.34,9,-0.97,1.1,-47.89,8.52,0,5.16,0,0,0,tapshoulder,
557,3.64,-5.66,4.69,250.13,31.25,-103.65,9.02,-0.74,1.68,-50.47,8.91,0,5.09,0,0,0,tapshoulder,
558,3.64,-3.07,6.7,250.13,14.7,-118.63,9.07,-0.7,1.5,-42.11,8.38,0,5.16,0,0,0,tapshoulder,
559,8.19,0.33,11.38,113.74,-11.66,-142.63,9.26,-0.39,1.89,-34.76,10.52,0,5.15,0,0,0,tapshoulder,
560,8.43,-0.55,11.24,86.18,38.16,-97.9,9.38,-0.3,2.19,-33.08,10.46,0,5.15,0,0,0,tapshoulder,
561,8.48,1.07,8.3,-51.31,13.36,-22.53,8.89,-0.59,2.05,-26.27,12.43,0,5.16,0,0,0,tapshoulder,
562,9.07,1.12,7.87,-92.79,-13.11,-24.97,8.89,-0.55,2.37,-27.33,11,0,5.14,0,0,0,tapshoulder,
563,10.41,-0.23,8.48,-138.17,-21.23,-19.51,9,-0.33,2.39,-22.32,14.63,0,5.1,0,0,0,tapshoulder,
564,12.08,-1.98,8.15,-144.32,43.95,38.55,9.14,-0.1,2.09,-16.05,13.71,0,5.16,0,0,0,tapshoulder,
565,7.99,-2.85,7.34,-250.14,12.15,181,10.18,-0.53,0.99,-35.1,21.29,0,5.15,0,0,0,tapshoulder,
566,6.77,-4.28,6.17,-250.14,18.63,198.53,9.28,-0.19,2.15,5.95,-4.08,0,5.15,0,0,0,tapshoulder,
567,3.62,-6.23,1.9,-250.14,28.14,191.99,9.47,-1.13,2.15,-9.5,10.79,0,5.1,0,0,0,tapshoulder,
568,2.3,-6.85,-0.42,-250.14,32.09,169.86,9.56,-1.09,2.5,-13.34,10.21,0,5.16,0,0,0,tapshoulder,
569,0.1,-8.94,-10.83,-154.34,142.17,72.01,9.17,-0.39,2.33,-3.27,6.92,0,5.16,0,0,0,tapshoulder,
570,-0.79,-8.22,-13.33,-21.27,75.36,15.09,9.11,-0.02,2.49,4.47,8.26,0,5.13,0,0,0,tapshoulder,
571,1.51,-8.63,-11.42,130.5,19.39,-69.55,9.26,0.02,2.73,0.74,1.65,0,5.16,0,0,0,tapshoulder,
572,2.43,-8.05,-8.3,250.13,28.95,-77.53,9.16,-0.69,2.55,-2.22,1.53,0,5.15,0,0,0,tapshoulder,
573,2.64,-3.7,-3.59,250.13,7.29,-194.83,9.36,-1.32,2.63,-8.69,2.82,0,5.15,0,0,0,tapshoulder,
574,4.15,-1.54,-0.54,250.13,33.53,-220.23,9.16,-1.42,2.51,-9.57,-0.11,0,5.16,0,0,0,tapshoulder,
575,11.15,12.55,19.62,250.13,-82.44,-239.76,8.87,-1.95,2.43,-11.76,-2.75,0,5.16,0,0,0,tapshoulder,
576,13.64,14.27,19.62,53.11,-57.5,-178.31,8.77,-2.11,2.04,-6.08,-1.8,0,5.15,0,0,0,tapshoulder,
577,7.64,-1.72,7,-191.37,11.86,242.72,9,-1.71,2.13,11.56,-0.34,0,5.16,0,0,0,tapshoulder,
578,8.22,-4.46,6.83,-250.14,-6.04,227.82,8.99,-1.76,2.02,10.62,2.01,0,5.15,0,0,0,tapshoulder,
579,5.34,-5.82,4.48,-250.14,-10,221.62,9.16,-1.65,2.27,5.82,3.82,0,5.09,0,0,0,tapshoulder,
580,3.77,-7.11,1.14,-250.14,15.04,244.02,9.28,-1.43,2.1,4.26,4.1,0,5.15,0,0,0,tapshoulder,
581,1.59,-7.58,-2.06,-250.14,-7.63,249.86,9.22,-1.24,2.4,7.69,4.13,0,5.12,0,0,0,tapshoulder,
582,1.37,-7.19,-5.78,-250.14,-21.49,199.36,8.92,-1.42,3.06,-3.34,6.98,0,5.16,0,0,0,tapshoulder,
583,0.88,-7.85,-11.33,-250.14,107.19,151.22,9.19,-0.95,1.71,-1.84,8.85,0,5.11,0,0,0,tapshoulder,
584,-1.48,-9.65,-14.96,-110.04,167.95,80.54,9.47,-0.33,3.07,12.68,-4.15,0,5.16,0,0,0,tapshoulder,
585,2.67,-9.11,-8.63,250.13,14.62,-61.78,8.95,-1.3,2.61,-1.1,-2.88,0,5.16,0,0,0,tapshoulder,
586,3.16,-7.53,-5.6,250.13,-7.77,-108.12,8.98,-1.68,2.68,-2.79,-2.74,0,5.15,0,0,0,tapshoulder,
587,3.46,-0.87,1.63,250.13,-51.73,-212.56,9.07,-1.56,2.5,-5.04,1.53,0,5.15,0,0,0,tapshoulder,
588,5.17,3.68,6.72,250.13,-76.52,-250.14,8.88,-1.44,2.3,-5.08,0.18,0,5.15,0,0,0,tapshoulder,
589,6.82,9.27,13.14,250.13,-80.88,-250.14,8.68,-1.47,2.3,-5.77,3.44,0,5.09,0,0,0,tapshoulder,
590,9.4,14.77,18.64,250.13,-49.44,-250.14,8.61,-1.58,2.14,-3.99,0.76,0,5.15,0,0,0,tapshoulder,
591,11.69,17.35,19.62,85.85,-34.71,-185.53,8.83,-1.73,2.24,-5.17,9.82,0,5.16,0,0,0,tapshoulder,
592,8.21,7.36,12.67,-250.14,-99.69,129.87,9.35,-0.98,2.33,5.73,4.21,0,5.15,0,0,0,tapshoulder,
593,7.36,4.44,9.59,-214.46,12.77,250.13,9.28,-1.09,2.57,5.82,7.15,0,5.15,0,0,0,tapshoulder,
594,7.02,-4.4,5.02,-250.14,-0.78,250.13,9.02,-0.95,2.66,5.3,3.46,0,5.15,0,0,0,tapshoulder,
595,3.94,-5.63,0.5,-250.14,64.34,250.13,9.13,-0.78,2.84,-0.51,6.45,0,5.16,0,0,0,tapshoulder,
596,1.99,-5.71,-2.95,-250.14,-47.79,213.13,9.49,-0.63,2.25,-7.34,5.66,0,5.15,0,0,0,tapshoulder,
597,1.46,-7.3,-6.99,-250.14,-8.99,186.65,9.03,0.36,2.69,8.18,8.91,0,5.15,0,0,0,tapshoulder,53
598,0.06,-7.53,-6.48,-180.94,49.05,69.66,9.41,-0.42,2.88,-1.42,0.05,0,5.15,0,0,0,tapshoulder,
599,-0.43,-7.92,-7.62,-141.33,26.93,47.52,9.29,-0.69,3.75,-2.98,-2.68,0,5.14,0,0,0,tapshoulder,
600,0.8,-7.62,-6.83,-27.47,0.93,12.56,9.62,0.05,3.01,0.78,-6.16,0,5.16,0,0,0,tapshoulder,35
601,1.58,-8.15,-5.75,-37.29,18.66,7.32,9.47,0.25,3.02,4.29,-7.18,0,5.14,0,0,0,tapshoulder,35
602,1.29,-8.9,-5.78,-48.49,41.66,0.31,9.3,0.53,2.83,1.14,-0.4,0,5.11,0,0,0,tapshoulder,35
603,1.15,-9.41,-5.66,-39.63,57.02,-6.92,9.16,-0.18,2.44,4.82,-4.89,0,5.15,0,0,0,tapshoulder,35
604,1.98,-9.22,-4.17,-6.89,8.04,-14.15,9.01,-0.93,3.33,-12.6,0.01,0,5.16,0,0,0,tapshoulder,35
605,1.77,-9.43,-4.07,-7.77,15.4,-15.95,9.81,-0.69,3.07,-12.69,3.89,0,5.14,0,0,0,tapshoulder,35
606,1.72,-9.03,-4.55,0.04,2.94,-6.59,9.61,-0.19,2.57,-8.86,-0.58,0,5.15,0,0,0,tapshoulder,35
607,1.49,-8.95,-5.45,0.64,8.3,-14.54,9.34,0.11,2.53,-7.89,-2.48,0,5.16,0,0,0,tapshoulder,35
608,1.18,-8.67,-7.91,47.76,13.82,-40.79,9.3,0.07,2.87,-2.31,-4.07,0,5.15,0,0,0,tapshoulder,35
609,1.65,-8.7,-7.76,61.96,22.16,-49.61,9.32,-0.22,2.8,-1.29,-5.55,0,5.16,0,0,0,tapshoulder,35
610,3.12,-8.75,-6.89,115.97,10.42,-59.76,8.99,-0.82,2.49,-6.43,-4.47,0,5.16,0,0,0,tapshoulder,
611,3.21,-8.92,-7.06,145.26,1.67,-61.18,8.81,-0.64,2.43,-7.21,-3,0,5.16,0,0,0,tapshoulder,
612,3.32,-8.51,-6.41,195.73,0.05,-70.9,8.88,-0.53,2.56,-7.85,-1.6,0,5.13,0,0,0,tapshoulder,
613,3.38,-7.7,-5.23,250.13,1.07,-96.89,9.04,-0.67,2.4,-10.49,1.67,0,5.16,0,0,0,tapshoulder,
614,4.52,-3.64,1.48,250.13,-66.63,-207.59,8.99,-0.91,2.45,-10.05,8.78,0,5.16,0,0,0,tapshoulder,
615,5.21,-1.17,3.46,250.13,-46.98,-218.02,8.93,-1.06,2.36,-9.82,8.03,0,5.16,0,0,0,tapshoulder,
616,6.84,8.27,10.03,250.13,-46.95,-249.21,9.19,-1.51,2.44,-9.89,6.13,0,5.15,0,0,0,tapshoulder,
617,12.16,10.43,17.6,250.13,-83.1,-207.21,9.06,-1.6,2.74,-12.16,4.95,0,5.15,0,0,0,tapshoulder,
618,13.46,10.21,18.14,-250.14,-74.44,56.6,10.23,-0.98,2.26,0.08,0.83,0,5.16,0,0,0,tapshoulder,
619,10.31,6.55,14.11,-219.24,1.81,177.03,9.82,-0.29,2.52,-0.27,-0.21,0,5.15,0,0,0,tapshoulder,
620,6.63,-0.58,7.5,-250.14,-38.82,250.13,7.97,-0.87,2.44,-0.82,-0.51,0,5.16,0,0,0,tapshoulder,
621,6.48,-3.5,6.16,-250.14,-22.26,250.13,8.69,-0.93,2.7,-3.81,2.78,0,5.15,0,0,0,tapshoulder,
622,0.4,-3.57,-5.16,-250.14,-13.26,235.02,9.26,-0.55,2.72,-5.2,10.05,0,5.15,0,0,0,tapshoulder,
623,-0.21,-4.41,-10.41,-250.14,23.63,206.29,8.68,-0.28,2.94,-5.28,6.53,0,5.15,0,0,0,tapshoulder,
624,-1.55,-5.83,-15.97,-250.14,152.79,157.04,8.78,-0.04,3.29,-4.87,4.85,0,5.11,0,0,0,tapshoulder,
625,-3.13,-7.04,-19.62,-168.28,113.56,63.71,9.53,-0.04,3.31,-3.24,3.48,0,5.16,0,0,0,tapshoulder,
626,-3.49,-6.21,-19.62,-23.37,15.7,-18.92,10.11,0.23,3.08,0.78,2.8,0,5.15,0,0,0,tapshoulder,
627,2.83,-8.24,-12.52,250.13,28.02,-116.65,8.28,-0.56,2.59,-7.44,-4.06,0,5.16,0,0,0,tapshoulder,
628,2.38,-6.63,-9.3,250.13,-75.24,-103.14,8.21,-0.97,2.54,-9.45,-0.8,0,5.15,0,0,0,tapshoulder,
629,4.76,0.24,2.46,250.13,-78.84,-231.85,9.68,-1.04,3.01,-8.56,1.4,0,5.16,0,0,0,tapshoulder,
630,6.72,1.47,7.81,250.13,-89.23,-238.95,9.16,-1.2,2.7,-6.26,-2.4,0,5.11,0,0,0,tapshoulder,
631,9.69,6.56,14.71,250.13,-54.03,-207.06,8.43,-1.79,2.37,-5.13,-6.29,0,5.16,0,0,0,tapshoulder,
632,11.39,10.3,19.62,166.63,-81.09,-150.07,8.2,-2.59,1.46,0.88,0.95,0,5.15,0,0,0,tapshoulder,
633,12.42,7.26,18.54,-205.06,30.31,126.88,9.25,-1.21,2.42,4.7,4.63,0,5.16,0,0,0,tapshoulder,
634,9.33,3.65,13.6,-250.14,25.81,193.78,9.1,-1.14,2.38,4.96,3.92,0,5.15,0,0,0,tapshoulder,
635,4.14,-4.22,3.61,-250.14,-9.94,250.13,9.65,-1.55,2.66,4.48,2.3,0,5.15,0,0,0,tapshoulder,
636,2.95,-5.2,0,-250.14,-25.35,231.02,9.71,-1.19,2.59,-0.69,6.08,0,5.16,0,0,0,tapshoulder,
637,2.09,-6.86,-5.99,-250.14,-45.75,193.91,9.2,-0.85,2.19,-3.87,5.79,0,5.12,0,0,0,tapshoulder,
638,0.52,-7.36,-10.83,-250.14,83.92,174.22,8.39,-0.3,2.75,-3.44,5.64,0,5.15,0,0,0,rocket,
639,-0.54,-8.42,-19.62,84.47,78.21,-57.44,9.52,-0.4,3.58,1.74,3.73,0,5.16,0,0,0,rocket,
640,0.04,-8.2,-17.34,250.13,60.4,-95.53,9.22,-0.66,3.24,0.86,0.72,0,5.15,0,0,0,rocket,
641,0.37,-6.53,-9.78,250.13,-23.55,-164.73,8.56,-1.43,2.8,1.39,1.62,0,5.16,0,0,0,rocket,
642,0.52,-4.5,-6.16,250.13,-55.36,-198.13,8.62,-1.7,2.61,-1.28,5.5,0,5.15,0,0,0,rocket,
643,7.39,2.86,8.31,250.13,-5.85,-250.14,9.17,-1.64,2.79,-5.96,6.05,0,5.16,0,0,0,rocket,
644,7.41,6.3,12.2,250.13,-19.65,-233.62,9.14,-1.88,2.62,-5.24,3.89,0,5.16,0,0,0,rocket,
645,11.81,16.69,19.62,-14.01,-76.34,-92.8,8.58,-2.39,2.42,-13.37,7.71,0,5.16,0,0,0,rocket,
646,11.21,-5.02,19.62,70.19,-209.97,190.88,8.52,-2.63,2.51,-15.89,10.09,0,5.15,0,0,0,rocket,
647,8.23,-1.59,9.11,-219.5,-97.22,91.54,8.99,-1.59,3.25,-7.95,8.23,0,5.1,0,0,0,rocket,63
648,6.89,-10.07,3.2,-97.81,91.35,152.66,9.43,-1.54,3.68,-1.26,-3.27,0,5.16,0,0,0,rocket,
649,6.26,-1.79,6.79,70.02,-11.62,-77.12,7.94,-2.31,2.66,-0.11,-5.18,0,5.16,0,0,0,rocket,
650,6.89,-0.12,10.06,36.48,9.66,-109.02,8.25,-2.19,2.73,-2.09,-1.7,0,5.15,0,0,0,rocket,
651,8.38,0.29,10.64,-60.72,-32.65,-34.27,8.93,-1.95,2.76,-1.6,-0.18,0,5.14,0,0,0,rocket,
652,8.04,-0.68,8.44,-77.5,-49.88,12.89,8.97,-2.07,2.88,-1.05,-0.23,0,5.14,0,0,0,rocket,
653,7.73,-3.48,4.25,-7.43,8.57,31.24,8.81,-2.02,2.88,2.37,-1.9,0,5.16,0,0,0,rocket,52
654,7.83,-4.14,4.69,-15.96,2.37,5.79,8.73,-2.04,2.83,2.05,-1.85,0,5.16,0,0,0,rocket,52
655,7.55,-2.35,7.02,-15.3,-0.12,-2.1,9.52,-2.05,2.84,-1.91,-1.6,0,5.15,0,0,0,rocket,
656,7.37,-2.38,7.68,-27.31,-39.38,4.08,9.36,-2.29,2.37,0.9,-6.37,0,5.16,0,0,0,rocket,
657,7.45,-2.07,8.13,1.5,21.28,33.85,8.5,-1.93,2.4,-0.79,-7.01,0,5.15,0,0,0,rocket,
658,7.94,-1.86,8.13,-48.27,-12.05,28.02,8.46,-1.89,2.58,0.82,-6.02,0,5.15,0,0,0,rocket,
659,9.1,1.99,10.76,-131.56,3.93,63.7,8.88,-2.41,2.56,0.33,-1.33,0,5.15,0,0,0,rocket,
660,9.58,2.74,12.07,-220.44,-54.4,79.01,8.62,-2.62,2.44,-1.31,-2.18,0,5.15,0,0,0,rocket,
661,8.48,-2.53,8.52,-250.14,7.58,210.81,8.81,-2.41,2.52,3.65,2.73,0,5.16,0,0,0,rocket,
662,7.18,-2.73,5.3,-250.14,54.34,250.13,8.84,-2.05,2.53,3.66,5.54,0,5.15,0,0,0,rocket,
663,6.24,-3.98,2.76,-250.14,44.47,250.13,8.83,-1.75,2.61,3.81,6.9,0,5.1,0,0,0,rocket,
664,3.86,-5.83,-0.61,-250.14,54.15,250.13,9.09,-1.73,2.53,5.4,6.62,0,5.16,0,0,0,rocket,
665,-1.91,-6.72,-16.42,-156.92,116.88,68.89,9.35,-1.35,2.57,12.77,1.05,0,5.15,0,0,0,rocket,
666,0.04,-5.74,-19.62,-111.56,45.53,35.58,8.79,-0.94,2.63,11.67,1.51,0,5.16,0,0,0,rocket,
667,12.63,5.42,18.41,120.44,-25.42,2.14,8.49,-2.08,2.78,-6.07,-2.85,0,5.16,0,0,0,rocket,
668,12.77,9.28,15.34,-32.93,-10.88,-8.94,8.51,-2.13,2.85,-7.2,-1.86,0,5.14,0,0,0,rocket,
669,9.26,1.89,11.98,-78.69,26.27,52.73,8.73,-1.83,2.94,-6.56,0.96,0,5.16,0,0,0,rocket,
670,7.45,-2.1,8.04,-111.02,10.75,75.56,8.86,-0.99,3.37,-1.81,3.2,0,5.15,0,0,0,rocket,
671,6.32,-5.59,4.54,-87.28,47.98,88.65,8.84,-0.98,3.31,-0.61,0.03,0,5.13,0,0,0,rocket,
672,5.06,-7.81,1.8,-64.21,37.89,81.23,8.95,-0.95,3.25,2.05,-1.22,0,5.15,0,0,0,rocket,
673,4.6,-8.25,1.1,-57.37,-5.61,51.5,8.9,-1.19,3.23,2.52,-2.88,0,5.14,0,0,0,rocket,
674,7.01,-5.2,5.81,-5.37,12.47,-40.5,8.8,-1.73,2.84,-2.61,-0.54,0,5.15,0,0,0,rocket,
675,7.19,-4.62,6.23,-13.79,-1.98,-30.57,8.93,-1.57,2.93,-3.43,0.53,0,5.15,0,0,0,rocket,
676,7.65,-4.02,6.64,-1.73,10.07,-14.18,8.98,-1.63,2.93,-1.79,-2.92,0,5.12,0,0,0,rocket,
677,7.57,-3.38,7.4,40.83,67.58,5.54,8.94,-1.58,2.89,-1.31,-1.89,0,5.15,0,0,0,rocket,
678,6.71,-3.27,6.91,-57.55,10.35,34.87,8.78,-1.61,2.91,-1.39,-3.82,0,5.15,0,0,0,rocket,
679,6.56,-3.11,6.6,-111.97,-36.05,21.72,8.83,-1.64,3.15,-1.99,-3.73,0,5.15,0,0,0,rocket,
680,6.4,-3.26,6.67,-89.56,23.28,32.02,8.86,-1.55,2.85,-1.26,-5.61,0,5.16,0,0,0,rocket,
681,6.28,-3.53,6.83,-117.92,34.91,22.64,8.86,-1.47,3.12,0.14,-6.18,0,5.16,0,0,0,rocket,
682,4.76,-4.45,3.83,-215.56,170.76,-43.39,8.88,-1.52,2.74,1.37,-6.73,0,5.16,0,0,0,rocket,
683,4.13,-4.72,1.98,-250.14,185.98,-44.98,8.97,-1.66,2.69,-1.82,-7.62,0,5.14,0,0,0,rocket,
684,4.17,-6.28,0.56,-206.53,162.03,-29.05,9.17,-1.4,2.46,-3.06,-5.94,0,5.15,0,0,0,rocket,
685,3.83,-6.47,-0.19,-223.92,124.19,-33.31,9.2,-1.33,2.76,-1.56,-8.62,0,5.15,0,0,0,rocket,
686,2.8,-6.71,-0.75,-189.47,111.43,-37.79,9.04,-1.25,2.84,1.26,-9.4,0,5.12,0,0,0,rocket,
687,2.13,-6.42,-1.11,-161.24,78.82,-39.92,9.16,-1.14,2.68,0.99,-8.03,0,5.15,0,0,0,rocket,
688,1.97,-5.04,-1.5,-84.05,-37.99,-53.91,9.27,-1.42,2.4,7.25,-10.67,0,5.15,0,0,0,rocket,
689,2.97,-5.02,-1.68,-78.27,-48.46,-77.08,9.34,-1.51,2.46,4.07,-10.82,0,5.14,0,0,0,rocket,
690,4.86,-4.46,-1.81,-47.32,-14.07,-112.72,9.15,-1.49,2.6,0.9,-16.35,0,5.16,0,0,0,rocket,
691,6.08,-4.44,-2.02,-46.76,-12.24,-133.11,9.24,-1.5,2.38,0.37,-16.98,0,5.15,0,0,0,rocket,
692,11.58,-4.63,-1.17,10.05,-7.53,-155.35,9.12,-1.3,2.75,1.29,-23.02,0,5.15,0,0,0,rocket,
693,12.76,-4.85,0.23,6.81,-12.35,-146.53,9.18,-1.43,2.46,1.82,-22.4,0,5.11,0,0,0,rocket,
694,14.34,-5.09,1.06,10.43,-13.65,-130.45,8.73,-1.79,2.32,-0.32,-16.21,0,5.15,0,0,0,rocket,
695,15.6,-5.29,1.71,18.79,-21.33,-110.76,8.92,-2.02,2.05,-3.61,-16.65,0,5.15,0,0,0,rocket,
696,16.25,-5.48,2.49,39.78,-17.15,-84.97,9.06,-1.98,2.16,-6.46,-13.95,0,5.16,0,0,0,rocket,
697,16.23,-5.33,2.88,49.42,-12.05,-54.63,9.15,-1.72,1.83,-4.25,-13.26,0,5.11,0,0,0,rocket,
698,16.3,-5.43,3.81,49.59,7.37,-30.18,9.26,-1.48,1.65,-3.25,-11.88,0,5.14,0,0,0,rocket,
699,12.93,-5.41,6.67,72.06,131.49,23.23,9.39,-1.18,1.73,0.56,-10.85,0,5.15,0,0,0,rocket,
700,11.31,-5.03,7.02,77.61,123.85,34.99,9.23,-1.15,1.61,2.27,-8.6,0,5.15,0,0,0,rocket,
701,10.26,-4.68,7.64,32.1,69.62,44.58,8.97,-1.11,1.47,5.02,-4.1,0,5.15,0,0,0,rocket,
702,10.08,-5.12,7.38,6.17,51.92,39.8,9.11,-1.13,1.45,5.53,-0.93,0,5.15,0,0,0,rocket,
703,13.66,-6.18,6.4,-16.17,80.19,86.79,9.11,-1.21,1.44,4.85,4.4,0,5.15,0,0,0,rocket,
704,13.48,-6.76,5.88,-3.66,137.25,131.14,9.21,-1.45,1.31,1.83,5.11,0,5.14,0,0,0,rocket,
705,10.03,-8.96,5.05,83.85,220.34,185.38,9.38,-1.74,1.26,-2.95,6.3,0,5.15,0,0,0,rocket,
706,8.93,-7.77,5.64,94.6,194.32,197.92,9.27,-1.81,1.26,-8.52,10.51,0,5.15,0,0,0,rocket,
707,2.81,-8.85,8.7,123.87,230.56,240.89,8.91,-1.34,1.48,-14.75,14.38,0,5.17,0,0,0,rocket,
708,1.58,-7.74,9.42,140.62,208.19,226.68,8.76,-0.99,1.66,-20.24,21.24,0,5.16,0,0,0,rocket,
709,-4.25,-4.52,12.05,35.76,250.13,150.66,8.72,0.37,2.15,-13.63,35.12,0,5.16,0,0,0,rocket,
710,-6.56,-3.73,11.11,22.44,250.13,104.92,9.18,-0.12,2.31,-13.52,36.11,0,5.15,0,0,0,rocket,
711,-4.49,-0.12,11.4,-43.07,250.13,-45.05,9.56,-0.93,2.55,-12.15,28.15,0,5.16,0,0,0,rocket,
712,-3.71,1.15,11.76,-60.27,250.13,-82.38,9.58,-1.21,2.8,-11.83,24.69,0,5.15,0,0,0,rocket,
713,-2.38,1.01,11.71,-131.11,250.13,-181.82,9.32,-0.71,3.08,-4.56,17.03,0,5.16,0,0,0,rocket,
714,-1.35,0.69,12.17,-121.74,250.13,-248.81,9.2,-0.39,3.09,1.97,12.63,0,5.13,0,0,0,rocket,
715,0.88,-1.2,10.1,69.04,250.13,-250.14,9.13,-0.65,2.88,4.98,9.14,0,5.15,0,0,0,rocket,
716,0.21,1,8.45,-42.02,247.98,-250.14,9.14,-0.86,2.78,4.72,7.29,0,5.15,0,0,0,rocket,
717,1.09,0.38,4.9,-213.91,30.01,-250.14,9.22,-0.66,2.93,5.49,9.85,0,5.14,0,0,0,rocket,
718,3.55,-1.51,4.13,-120.85,60.21,-250.14,9.3,-0.87,2.72,5.4,-1.91,0,5.15,0,0,0,rocket,
719,8.68,-2.56,0.11,-118.53,48.17,-179.01,9.19,-1.41,2.92,-10.67,0.18,0,5.15,0,0,0,rocket,
720,9.35,-3.6,-1.56,-141.43,36.05,-132.63,9.34,-1.84,3.46,-14.91,-2.13,0,5.14,0,0,0,rocket,
721,10.15,-4.65,-2.34,-113.51,56.74,-102.44,9.13,-1.1,2.88,-16.49,-2.94,0,5.1,0,0,0,rocket,
722,10.62,-5.39,-3.13,-86.29,58.68,-79.39,9.09,-0.86,2.89,-19.31,-1.54,0,5.14,0,0,0,rocket,
723,10.67,-5.82,-3.02,-68.84,40.12,-52.18,9.08,-0.57,2.82,-21.14,-3.51,0,5.15,0,0,0,rocket,
724,9.64,-6.79,-4.05,-46.4,16.23,-14.05,9.12,-0.71,2.81,-25.03,-2.52,0,5.15,0,0,0,rocket,
725,7.74,-8.37,-3.13,0.26,18.21,15.71,9.15,-0.87,2.74,-25.32,-2.92,0,5.15,0,0,0,rocket,
726,7.61,-6.89,-0.51,37.61,51.63,40.54,9.1,-0.68,2.82,-24.09,-3.22,0,5.15,0,0,0,rocket,
727,7.02,-6.85,0.4,52.66,43.21,46.48,9.12,-0.57,2.91,-22.34,-2.22,0,5.15,0,0,0,rocket,
728,6.28,-6.34,0.5,51.02,-4.38,54.5,9.03,-0.74,2.56,-18.6,-4.08,0,5.15,0,0,0,rocket,
729,6.4,-6.45,0.34,45.49,-24.31,64.64,9.13,-0.93,2.5,-18.4,-4.24,0,5.13,0,0,0,rocket,
730,4.77,-8.51,0.5,99.53,-139.15,96.71,9.31,-0.84,2.17,-14.54,-11.43,0,5.19,0,0,0,rocket,
731,4.63,-7.97,1.1,103.86,-133.62,87.03,9.58,-0.86,1.97,-13.89,-14.87,0,5.17,0,0,0,rocket,
732,4.03,-8.24,1.59,99.6,-116.4,63.75,9.74,-1.25,2.22,-12.55,-22.27,0,5.17,0,0,0,rocket,
733,2.95,-8.96,2.3,114.45,-113.74,61.44,9.22,-1.32,2.57,-11.49,-15.4,0,5.16,0,0,0,rocket,
734,2.16,-9.02,2.85,116.15,-119.69,37.17,8.98,-1.12,2.05,-6.77,-20.37,0,5.18,0,0,0,rocket,
735,2.02,-9.28,3.71,113.34,-106.52,9.68,8.88,-0.95,2.19,-5.95,-11.03,0,5.16,0,0,0,rocket,
736,1.89,-9.49,4.11,113.09,-103.1,-20.24,8.83,-0.89,2.19,0.5,-14.5,0,5.13,0,0,0,rocket,
737,1.93,-9.84,4.22,112.75,-103.74,-29.49,8.97,-1.05,2.26,5.44,-11.79,0,5.19,0,0,0,rocket,
738,3.33,-9.71,5.33,16.34,-137.22,-60.95,9.1,-1.11,1.84,15.65,-8.19,0,5.17,0,0,0,rocket,
739,3.1,-10.11,4.71,22.97,-131.31,-66.58,9.33,-1.05,1.81,21.05,-6.54,0,5.16,0,0,0,rocket,
740,5.98,-9,4.2,62.01,-98.5,-67.03,8.81,-1.6,1.99,31.3,-7.78,0,5.17,0,0,0,rocket,
741,6.12,-9.3,4.31,90.04,-58.83,-41.47,8.74,-1.93,2.1,34.56,-4.82,0,5.17,0,0,0,rocket,
742,6.5,-8.83,4.38,64.07,-68.31,-47.42,8.72,-1.99,1.76,32.63,-1.62,0,5.16,0,0,0,rocket,
743,6.74,-9.19,4.33,79.49,-36.22,-37.02,8.82,-2.34,1.96,31.27,1.1,0,5.18,0,0,0,rocket,
744,7.28,-7.11,3.79,79.02,-63.4,-21.81,8.55,-2.03,1.69,26.94,1.78,0,5.16,0,0,0,rocket,
745,7.59,-7.02,3.91,88.82,-63.03,-11.33,8.95,-1.96,2.27,33.5,5.16,0,5.16,0,0,0,rocket,
746,7.95,-6.73,4.65,88.82,-55.52,-2.94,8.84,-2.19,2.1,32.96,4.38,0,5.16,0,0,0,rocket,
747,7.53,-6.91,4.93,96.82,-33.15,8.97,9.09,-1.9,2.61,33.19,5.65,0,5.13,0,0,0,rocket,
748,7.49,-6.09,5.13,101.84,-42.03,10.34,9.21,-2.21,2.79,16.21,2.44,0,5.16,0,0,0,rocket,
749,7.71,-5.72,5.41,90.27,-44.94,7.88,8.95,-2.69,2.36,14.75,-1.67,0,5.16,0,0,0,rocket,
750,7.53,-5.21,6.28,84.59,-42.95,8.69,8.7,-2.52,2.78,4.18,6.37,0,5.16,0,0,0,rocket,
751,7.45,-5.2,6.28,74.19,-50.19,7.28,8.87,-2.22,2.79,7.32,4.73,0,5.16,0,0,0,rocket,
752,6.91,-4.79,6.36,56.38,-71.18,2.45,9.01,-2.06,2.49,-0.44,8.02,0,5.17,0,0,0,rocket,
753,7.3,-4.44,6.39,55.18,-63.31,7.58,9.01,-2.01,2.54,1.08,9.19,0,5.15,0,0,0,rocket,
754,6.47,-4.96,6.22,61.82,-13.08,8.24,9.07,-1.53,2.15,7.76,8.5,0,5.16,0,0,0,rocket,
755,6.34,-5.06,6.14,63.22,-9.02,1.08,8.99,-1.27,2.66,13.01,7.13,0,5.16,0,0,0,rocket,
756,6.82,-5.12,6.52,34.91,-5.82,-15.06,9.25,-1.75,2.32,19.64,-3.63,0,5.14,0,0,0,rocket,
757,7.16,-5.44,6.48,29.93,-8.57,-18.39,9.19,-1.98,2.55,24.63,-0.32,0,5.15,0,0,0,rocket,
758,7.93,-5.36,6.31,28.27,-3.48,-16.18,9.03,-1.87,2.44,24,-6.76,0,5.16,0,0,0,rocket,
759,8.05,-4.85,6.32,23.89,-1.88,-11.2,9.08,-1.83,2.36,22.8,-7.06,0,5.16,0,0,0,rocket,
760,8.14,-4.79,6.45,17.17,0.76,-3.85,9.03,-2.04,2.54,24.71,-6.44,0,5.13,0,0,0,rocket,
761,7.73,-4.03,5.99,32.37,8.16,13.21,8.9,-1.94,2.82,10.5,-6.44,0,5.17,0,0,0,rocket,
762,8.09,-3.74,6.57,22.91,10.34,14.95,8.99,-1.81,2.7,8.12,-5.65,0,5.14,0,0,0,rocket,
763,7.95,-3.83,6.64,14.12,14.7,15.39,9.13,-1.67,2.75,-1.14,-5.64,0,5.11,0,0,0,rocket,
764,7.63,-4.23,6.74,12.53,7.47,17.4,9.26,-1.39,2.35,1.9,-4.98,0,5.1,0,0,0,rocket,
765,7.92,-4.43,7.11,12.29,-6.85,22.31,8.98,-1.19,2.67,7.73,-5.73,0,5.16,0,0,0,rocket,
766,8.42,-4.39,7.48,1.13,-15.1,34.78,9.09,-1.5,2.62,1.94,-6.79,0,5.16,0,0,0,rocket,
767,8.92,-4.57,7.56,-11.86,-10.4,53.79,9.11,-1.76,2.17,8.98,-5.67,0,5.16,0,0,0,rocket,
768,9.4,-5.06,7.57,-24.16,-4.07,75.85,9.09,-1.91,2.37,3.82,-9.55,0,5.16,0,0,0,rocket,
769,8.91,-7.97,8.5,-0.03,30.12,140.63,9.09,-1.89,2,-10.5,-4.56,0,5.13,0,0,0,rocket,
770,8.2,-8.38,8.62,-8.62,53.17,154.15,8.66,-1.82,1,-4.63,3.17,0,5.16,0,0,0,rocket,
771,6.64,-9.11,8.7,-4.63,62.49,171.4,8.97,-1.5,2.42,-12.61,-3.53,0,5.12,0,0,0,rocket,
772,5.39,-9.43,8.89,14.51,68.05,196.63,8.85,-1.45,2.29,-15.79,-2.21,0,5.17,0,0,0,rocket,
773,0.01,-7.42,8.9,18,147.58,139.97,8.79,-1.49,2.77,-18.37,0.78,0,5.16,0,0,0,rocket,
774,-0.07,-7.13,10.13,28.72,188.6,116.74,8.85,-1.78,2.07,-22.69,2.08,0,5.16,0,0,0,rocket,
775,0.59,-7.62,10.21,9.7,158.11,89.35,9.19,-1.64,2.07,-22.86,11.61,0,5.16,0,0,0,rocket,
776,0.62,-6.79,9.67,-2.89,178.05,70.66,9.14,-1.3,3.14,-26.37,10.89,0,5.16,0,0,0,rocket,
777,-1.48,-5.16,10.09,-0.04,205.49,28.61,9.01,-1.39,2.62,-30.96,13.82,0,5.16,0,0,0,rocket,
778,-2.35,-4.76,9.96,-27.98,196.08,-0.4,9.02,-1.54,2.92,-31.04,13.9,0,5.14,0,0,0,rocket,
779,-3.31,-2.51,11.26,-54.33,186.31,-79.33,8.9,-0.75,3.07,-34.07,11.75,0,5.16,0,0,0,rocket,
780,-3.02,-1.65,10.83,-72.08,181.98,-109.69,9.25,-1.05,2.36,-27.08,9.22,0,5.15,0,0,0,rocket,
781,-2.46,-1.97,11.21,-72.87,181.63,-144.86,9.3,-0.68,2.96,-21.78,4.03,0,5.12,0,0,0,rocket,
782,-0.81,-0.99,9.75,-102.45,175,-186.23,9.08,-0.7,3.15,-21.51,8.82,0,5.17,0,0,0,rocket,
783,2.25,-2.96,6.08,-135.85,203.38,-250.14,9.08,-0.96,2.52,-8.18,9.8,0,5.15,0,0,0,rocket,
784,4.27,-1.6,4.88,-161.93,185.53,-250.14,9.31,-1.1,2.57,-3.01,0.96,0,5.15,0,0,0,rocket,
785,5.59,-2.46,1.94,-123.47,172.61,-250.14,9.14,-1.2,2.58,-3.84,5.28,0,5.17,0,0,0,rocket,
786,6.59,-2.4,0.52,-130.04,133.15,-235.69,9.13,-1.32,2.41,-4.27,1.56,0,5.15,0,0,0,rocket,
787,8.76,-4.44,-1.03,-89.74,57.37,-82.31,9.06,-1.48,2.33,-12.45,-2.58,0,5.16,0,0,0,rocket,
788,8.7,-5.56,-1.33,-89.01,52.87,-45.79,9.24,-1.48,2.34,-16.14,1.31,0,5.16,0,0,0,rocket,
789,7.82,-6.32,-2.1,-59.32,42.44,-9.94,9.29,-1.56,2.44,-21.69,-0.05,0,5.17,0,0,0,rocket,
790,6.77,-6.89,-2.75,-35.05,15.94,5.32,9.27,-1.6,2.26,-25.58,-1.12,0,5.16,0,0,0,rocket,
791,6.49,-8.64,-1.95,-52.3,32.7,-27.76,9.13,-1.25,2.34,-30.85,0.14,0,5.16,0,0,0,rocket,
792,5.93,-9.03,-1.81,-6.73,31.03,15.18,9.09,-1.08,2.49,-30.69,0.63,0,5.15,0,0,0,rocket,
793,4.69,-9.29,-0.01,25.89,17.66,62.89,9.16,-1.29,2.61,-30.31,0.28,0,5.18,0,0,0,rocket,
794,4.17,-8.97,0.12,10.34,-3.54,57.86,9.2,-1.43,2.59,-29.66,-0.37,0,5.17,0,0,0,rocket,
795,3.99,-8.85,0.51,5.88,-48.8,45.72,9.24,-1.36,2.58,-27.79,-2.3,0,5.17,0,0,0,rocket,
796,3.96,-8.64,0.73,15.02,-60.62,43.56,9.18,-1.2,2.37,-27.14,-3.26,0,5.15,0,0,0,rocket,
797,3.21,-7.94,0.29,19.34,-91.48,95.15,9.08,-1.58,2.23,-23.88,-5.09,0,5.18,0,0,0,rocket,
798,2.47,-8.9,0.7,-13.63,-82.9,44.25,8.93,-1.48,2.1,-22.7,-5.99,0,5.15,0,0,0,rocket,
799,1.96,-8.16,1,14.95,-52.63,58.85,9.24,-1.54,2.26,-24.29,-1.58,0,5.15,0,0,0,cowboy,
800,0.76,-7.5,0.76,-3.63,-50.21,38.27,9.3,-1.65,2.28,-23.98,-1.57,0,5.15,0,0,0,cowboy,
801,0.77,-8.2,0.4,26.42,-54.96,36.95,9.11,-1.57,2.28,-22.05,-3.36,0,5.16,0,0,0,cowboy,
802,0.39,-8.47,-0.24,23.27,-57.45,33.03,9.03,-1.46,2.35,-18.62,-4.55,0,5.16,0,0,0,cowboy,
803,-0.11,-8.05,-0.11,21.25,-70.05,17.78,9.09,-1.45,2.09,-16.87,-4.01,0,5.12,0,0,0,cowboy,
804,-0.03,-8.72,-0.63,38.95,-82.7,15.66,9.11,-1.45,1.92,-18.25,-3.63,0,5.16,0,0,0,cowboy,
805,-0.19,-8.18,-0.2,54.33,-80.54,5.6,9.09,-1.63,2.05,-16.18,-3.72,0,5.15,0,0,0,cowboy,
806,0.12,-8.29,0.12,54.34,-90.04,-16.98,9.27,-1.59,1.8,-16.31,-1.62,0,5.15,0,0,0,cowboy,
807,0.39,-8.76,0.49,56.13,-89.55,-26.4,9.45,-1.67,2.08,-19.32,-3.66,0,5.16,0,0,0,cowboy,
808,-0.1,-7.95,0.27,72.32,-101.85,-58.37,9.63,-1.27,2.03,-4.34,-3.82,0,5.15,0,0,0,cowboy,
809,0.83,-8.93,0.86,73.6,-117.48,-77.76,9.74,-0.93,1.31,0.58,-2.61,0,5.13,0,0,0,cowboy,
810,1.44,-8.44,2.21,86.59,-101.61,-93,9.46,-1.55,2,0.9,-9.85,0,5.15,0,0,0,cowboy,
811,1.48,-7.87,2.56,73.23,-98.76,-106.71,9.19,-1.72,1.79,6.87,-9.54,0,5.16,0,0,0,cowboy,
812,3.93,-8.92,3.29,90.68,-83.18,-136.89,9.17,-1.52,1.89,3.85,-6.31,0,5.16,0,0,0,cowboy,
813,5.15,-8.86,3.99,90.05,-67.56,-150.63,8.91,-1.48,1.76,6.62,-5.33,0,5.16,0,0,0,cowboy,
814,7.21,-8.95,5.57,82.73,-82.79,-112.3,8.96,-1.4,1.55,14.14,-1.83,0,5.14,0,0,0,cowboy,
815,8.2,-8.75,6.2,59.79,-64.01,-95.18,8.71,-1.48,1.77,17.66,-0.47,0,5.15,0,0,0,cowboy,
816,8.34,-10.36,5.76,82.79,-10.24,-75.06,9.02,-1.85,1.91,23,3.19,0,5.16,0,0,0,cowboy,
817,8.47,-9.73,5.32,66.91,-20.18,-76.63,9.02,-2.19,1.92,21.3,5.63,0,5.15,0,0,0,cowboy,
818,9.55,-8.59,5.6,67.91,-16.39,-36.92,8.95,-2.09,1.91,20.08,7.22,0,5.17,0,0,0,cowboy,
819,9.82,-7.84,5.8,41.26,-34.29,-18.93,9.09,-1.74,2.22,21.3,8.54,0,5.17,0,0,0,cowboy,
820,8.13,-6.65,4.85,44.16,-32.05,11.32,9.18,-1.75,2.46,25.11,6.36,0,5.19,0,0,0,cowboy,
821,8.02,-6.18,4.83,57.93,-13.74,19.56,9.33,-2.04,2.28,29.47,3.67,0,5.19,0,0,0,cowboy,
822,7.63,-5.77,4.52,46.83,-24.09,14.54,9.27,-2.01,2.2,30.59,5.78,0,5.13,0,0,0,cowboy,
823,7.51,-5.84,4.57,56.24,-18.6,20.5,9.21,-1.77,1.86,33.71,7.12,0,5.19,0,0,0,cowboy,
824,6.89,-5.74,4.63,50.02,-38.34,32.02,9.31,-2.15,2.23,33.47,-0.46,0,5.17,0,0,0,cowboy,
825,7.28,-5.89,4.85,47.24,-35.6,20.44,9.07,-2.24,2.34,33.08,1.66,0,5.18,0,0,0,cowboy,
826,7.57,-5.17,5.31,56.43,-25.74,21.08,8.98,-2.34,2.39,25.76,4.41,0,5.18,0,0,0,cowboy,
827,7.38,-5.17,5.57,49.5,-25.17,24.17,8.9,-2.31,2.72,25.43,1.78,0,5.18,0,0,0,cowboy,
828,5.91,-10.22,4.8,6.51,60.09,72.58,8.99,-1.13,2.28,3.09,-6.55,0,5.15,0,0,0,cowboy,
829,5.44,-10.66,4.2,18.63,62.42,90.56,9.01,-1.14,1.53,3.56,-5.72,0,5.16,0,0,0,cowboy,
830,2.87,-10.01,5.08,57.08,109.95,115.76,9.26,-1.27,1.86,-2.72,1.5,0,5.14,0,0,0,cowboy,
831,2.19,-9.85,5.12,60.08,98.63,143.59,9.18,-1.22,1.8,-1.59,0.16,0,5.15,0,0,0,cowboy,
832,1.2,-9.05,4.85,83.18,126.31,141.82,9.16,-1.43,1.61,-0.67,1.02,0,5.15,0,0,0,cowboy,
833,-0.06,-8.9,5.99,66.74,125.1,145.41,8.93,-1.45,1.99,-2.77,-0.04,0,5.16,0,0,0,cowboy,
834,-1.9,-8.45,6.12,58.99,139.63,133.42,8.96,-1.44,2.41,-7.91,-1.63,0,5.16,0,0,0,cowboy,
835,-5.05,-8.47,6.9,50.08,150.09,91.88,9.27,-1.5,1.87,-14.66,4.04,0,5.15,0,0,0,cowboy,
836,-5.89,-8.62,7.4,50.66,141.68,84.78,9.09,-1.48,2.3,-14.69,5.79,0,5.16,0,0,0,cowboy,
837,-7.78,-6.24,9.02,36.95,173.9,3.11,9.37,-0.12,2.36,-22.62,12.59,0,5.16,0,0,0,cowboy,
838,-8.08,-5.63,9.28,27.4,162.63,-25.37,9.22,-0.26,1.83,-17.73,14.32,0,5.16,0,0,0,cowboy,
839,-6.69,-1.51,9.98,13.95,173.25,-208.18,8.83,-0.01,2.05,-9.21,6.77,0,5.16,0,0,0,cowboy,
840,-6.03,-0.78,10.07,8.81,173.73,-232.67,9.13,-0.39,2.65,-4.05,7.92,0,5.16,0,0,0,cowboy,
841,-4.87,-0.48,10.18,2.03,162.16,-250.14,9.35,-0.29,2.73,0.49,6.45,0,5.17,0,0,0,cowboy,
842,-3.37,-1.14,10.45,5.5,152.09,-250.14,9.47,-0.17,2.66,2,4.66,0,5.1,0,0,0,cowboy,
843,-2.22,-0.84,10.15,6.92,152.27,-250.14,9.21,-0.23,2.68,3.58,6.73,0,5.16,0,0,0,cowboy,
844,-1.58,-0.68,9.79,-4.64,137.08,-250.14,9.15,-0.46,2.44,9.03,2.23,0,5.14,0,0,0,cowboy,
845,2.25,-1.81,8.12,-23.79,98.41,-250.14,8.67,-0.49,2.47,3.48,4.67,0,5.16,0,0,0,cowboy,
846,3.17,-2.38,7.69,-26.89,88.32,-250.14,9.17,-0.79,2.56,3.48,5.15,0,5.16,0,0,0,cowboy,
847,4.35,-2.84,6.23,-33.42,46.11,-198.77,9.1,-1.01,2.4,-1.74,3.29,0,5.16,0,0,0,cowboy,
848,5.47,-3.27,5.48,-38.08,42.34,-159.77,9.17,-1.17,2.41,-6.88,4.76,0,5.13,0,0,0,cowboy,
849,5.86,-3.98,4.65,-23.75,51.76,-97.25,9.15,-0.97,2.33,-21.04,4.46,0,5.17,0,0,0,cowboy,
850,6.52,-4.61,4.33,-31.09,24.83,-90.78,9.32,-0.86,2.33,-24.3,3.98,0,5.16,0,0,0,cowboy,
851,7.53,-5.03,4.9,-26.32,8.87,-15.35,9.35,-0.47,2.55,-31.49,0.13,0,5.16,0,0,0,cowboy,
852,7.41,-5.6,4.54,-30.75,11.07,11.24,9.33,-0.42,2.4,-33.25,-0.44,0,5.15,0,0,0,cowboy,
853,7.07,-5.8,4.33,-29.79,5.51,35.5,9.26,-0.43,2.53,-35.48,-0.98,0,5.1,0,0,0,cowboy,
854,6.42,-5.97,4.02,-25.47,-10.07,46.87,9.22,-0.44,2.39,-37.25,-0.42,0,5.16,0,0,0,cowboy,
855,5.85,-7.09,3.48,-30.13,-103.86,67.34,9.26,-0.25,2.42,-37.28,-0.52,0,5.16,0,0,0,cowboy,
856,5.32,-7.24,3.21,-14.4,-126.07,80,9.35,-0.28,2.3,-36.59,-1.31,0,5.17,0,0,0,cowboy,
857,4.66,-6.83,2,19.95,-165.79,72.1,9.26,-0.56,2.4,-34.38,-2.65,0,5.16,0,0,0,cowboy,
858,4.73,-6.52,1.65,25.62,-195.87,57.37,9.22,-0.66,2.32,-34.7,-2.76,0,5.14,0,0,0,cowboy,
859,3.32,-8.78,1.38,52.28,-188.2,64.09,9.27,-0.66,2.35,-28.7,-4.28,0,5.16,0,0,0,cowboy,
860,3.13,-8.04,1.55,89.34,-206.56,73.6,9.4,-0.49,2.39,-27.83,-4.91,0,5.16,0,0,0,cowboy,
861,3.84,-6.52,1.72,0.97,-203.65,25.13,9.4,-0.87,2.21,-22.49,-10.92,0,5.16,0,0,0,cowboy,
862,4.22,-8.86,1.99,-1.69,-157.6,32.85,9.37,-0.98,1.99,-26.29,-9.79,0,5.16,0,0,0,cowboy,
863,4,-9.93,1.79,19.92,-111.62,38.85,9.28,-1.15,2.2,-27.74,-10.39,0,5.16,0,0,0,cowboy,
864,3.3,-9.87,1.77,46.14,-88.58,41.91,9.27,-1.27,2.18,-24.79,-11.25,0,5.15,0,0,0,cowboy,
865,2.64,-9.66,1.8,63.55,-88.17,50.84,9.43,-1.28,2.02,-23.67,-14.06,0,5.17,0,0,0,cowboy,
866,1.19,-10.93,0.98,55.02,-117.76,1.51,9,-2.18,1.76,-30.92,-10.64,0,5.16,0,0,0,cowboy,
867,1.29,-12.25,1.34,64.11,-131.06,-27.28,9.1,-1.87,1.44,-33.33,-13.93,0,5.17,0,0,0,cowboy,
868,4.6,-12.46,3.9,63.82,-154.49,-46.95,9.12,-1.68,1.37,-42.52,-4.5,0,5.16,0,0,0,cowboy,
869,5.74,-12.46,5.08,69.75,-133.63,-12.4,9.46,-1.3,1.66,-45.18,-4.95,0,5.13,0,0,0,cowboy,
870,4.19,-10.4,5.86,29.32,-28.36,21.05,9.2,-0.99,1.74,-37.47,-9.99,0,5.16,0,0,0,cowboy,
871,3.83,-10.31,6.06,-19.18,-43.9,8.91,9.03,-0.94,1.74,-36.62,-6.39,0,5.17,0,0,0,cowboy,
872,2.98,-10.66,5.46,28.18,-29.88,27.65,9.52,-0.99,1.68,-33.92,-6.03,0,5.17,0,0,0,cowboy,
873,3.6,-8.51,6.06,31.63,20.7,23.6,9.5,-0.94,1.63,-32.12,-7.02,0,5.16,0,0,0,cowboy,
874,3.36,-8.57,4.78,-29.69,-20.24,-13.97,9.41,-0.11,1.73,-29.03,-5.31,0,5.16,0,0,0,cowboy,
875,3.5,-8.37,4.42,-38.63,-20.92,-23.46,9.5,-0.19,1.79,-29.85,-4.26,0,5.14,0,0,0,cowboy,
876,4.33,-9.41,3.55,-36.95,12.41,-17.2,9.51,-0.45,1.11,-28.2,-5.74,0,5.17,0,0,0,cowboy,
877,4.79,-9.98,3.47,-26.92,16.69,-12.62,9.43,-0.19,1.28,-30.04,-2.42,0,5.17,0,0,0,cowboy,
878,5.11,-10.04,3.38,-14.18,20.47,1.86,9.35,-0.16,0.87,-25.54,-5.76,0,5.13,0,0,0,cowboy,
879,5.56,-9.47,2.62,-37.54,7.78,2.25,9.13,0.06,1.17,-27.58,-4.21,0,5.16,0,0,0,cowboy,
880,4.96,-11.75,0.88,-74.62,-9.23,26.77,9.06,1.05,0.05,13.6,-0.4,0,5.16,0,0,0,cowboy,
881,4.88,-12.35,-0.11,-72.15,-16.97,41.62,9.08,1.22,-0.13,21.89,8.28,0,5.17,0,0,0,cowboy,
882,4.85,-12.68,-1.58,-57.95,-45.43,60.5,8.92,0.42,0.58,39.82,18.98,0,5.16,0,0,0,cowboy,
883,5.24,-12.46,-1.71,-54.02,-71.06,68.18,9,0.01,0.65,53.01,12.5,0,5.15,0,0,0,cowboy,
884,4.14,-12.48,-0.5,7.14,-104.02,118.63,9.44,1.07,1.71,82.69,16.95,0,5.17,0,0,0,cowboy,
885,2.36,-11.7,0.15,37.69,-134.16,134.08,9.75,1.35,2.14,99.21,11.68,0,5.17,0,0,0,cowboy,
886,-0.23,-9.15,1.47,-3.36,-199.76,141.56,10.3,1.78,3.3,119.16,9.09,0,5.17,0,0,0,cowboy,
887,-1.6,-9.2,1.91,-41.91,-209.27,131.82,10.1,1.12,3.34,121.7,6.34,0,5.17,0,0,0,cowboy,
888,-6.97,-8.68,0.07,-98.55,-212.64,58.05,9.22,0.56,4.2,141.92,-7.64,0,5.17,0,0,0,cowboy,
889,-7.39,-8.3,-1.05,-95.25,-231.11,27.17,9.16,0.28,4.33,145.59,-7.34,0,5.17,0,0,0,cowboy,
890,-4.13,-7.68,-4.56,-89.75,-189.85,-52.32,9.49,-0.39,4.45,144.85,-6.4,0,5.16,0,0,0,cowboy,
891,-3.3,-7,-5.85,-66.11,-164.49,-64.23,8.79,-0.24,3.95,143.48,-7.99,0,5.16,0,0,0,cowboy,
892,-1.02,-6.64,-7.78,-44.86,-140.24,-109.61,8.16,0.29,3.19,138.89,-13.1,0,5.17,0,0,0,cowboy,
893,1.14,-5.65,-8.93,-33.94,-137.58,-137.37,7.96,0.56,2.67,139.91,-16.82,0,5.17,0,0,0,cowboy,
894,10.96,-5.09,-12.76,101.97,-42.65,-182.35,8.55,0.46,2.83,144.27,-10.7,0,5.11,0,0,0,cowboy,
895,12.6,-5.33,-11.99,181.98,-49.73,-138.64,8.74,-1.04,2.81,136.57,-10.85,0,5.17,0,0,0,cowboy,
896,14.77,-4.34,-6.52,250.13,-142.31,-7.43,7.77,-2.97,2.68,128.43,-6.63,0,5.17,0,0,0,cowboy,
897,14.72,-2.74,-1.82,250.13,-150.87,13,8.79,-3.23,2.96,126.07,0.11,0,5.18,0,0,0,cowboy,
898,15.48,-4.08,1.6,250.13,-148.11,119.84,10.35,-2.75,3.16,121.58,0.84,0,5.16,0,0,0,cowboy,
899,13.69,-2.49,6.77,250.13,-136.05,202.03,11.05,-1.97,3.3,118.65,-2.5,0,5.17,0,0,0,cowboy,
900,11.93,-3.1,9.73,250.13,-77.11,249.61,10.61,-1.31,3.02,120.95,-3.59,0,5.18,0,0,0,cowboy,
901,-0.95,-5.76,19.62,-74.83,-250.14,250.13,9.37,-1.59,2.94,135.45,4.4,0,5.15,0,0,0,cowboy,
902,-3.96,-3.58,17.78,-72.22,-210.25,238.78,10.07,-2.43,3,132.66,7.15,0,5.15,0,0,0,cowboy,
903,-7.28,-4.58,16.35,-173.85,-163.85,250.08,10.15,-2.81,2.38,129.38,6.47,0,5.13,0,0,0,cowboy,
904,-9.03,-3.42,12.6,-250.14,-132.45,218.95,10.17,-3.41,2.11,121.42,8.12,0,5.15,0,0,0,cowboy,
905,-9.55,-4.05,-3.81,-250.14,-28.66,-10.71,8.96,-2.59,1.58,97.9,11.68,0,5.15,0,0,0,cowboy,
906,-8.36,-4.32,-6.97,-250.14,4.08,-69.28,9.11,-2.28,1.38,89.46,8.82,0,5.16,0,0,0,cowboy,
907,-6.12,-1.93,-12.76,-154.08,75.48,-186.5,7.83,-1.08,1.21,78.27,8.54,0,5.15,0,0,0,cowboy,
908,-3.92,-1.7,-14.58,-86.62,36.84,-207.93,7.01,-0.29,1.14,75.33,7.67,0,5.15,0,0,0,cowboy,
909,11.58,-4.33,-18.39,54.12,80.11,-242.44,8.4,1.37,0.74,79.73,4.24,0,5.14,0,0,0,cowboy,
910,11.65,-4.42,-17.62,175.24,115,-186.82,10.57,2.08,2.51,84,-3.4,0,5.13,0,0,0,cowboy,
911,12.62,-5.28,-8.06,250.13,-19.35,-31.34,9.57,1.55,2.61,74.58,-0.82,0,5.15,0,0,0,cowboy,
912,14.49,-7.77,-3.52,250.13,-106.42,2.09,8.31,0.8,2.29,75.89,-4.37,0,5.15,0,0,0,cowboy,
913,17.37,-6.89,10.94,250.13,-60.66,246.84,11.17,1.38,4.31,85.02,1.4,0,5.14,0,0,0,cowboy,
914,11.33,-4.1,15.76,250.13,-52.15,250.13,11.36,1.07,4.4,90.27,3.98,0,5.14,0,0,0,cowboy,
915,-0.55,-3.46,19.62,-31.26,-180.03,250.13,9.97,0.63,3.77,101.98,3.14,0,5.14,0,0,0,cowboy,
916,-4.45,-6.08,19.62,-81.99,-191.64,250.13,9.59,0.5,3.56,105.44,2.43,0,5.13,0,0,0,cowboy,
917,-11.61,-6.78,14.39,-140.95,-108.18,250.13,8.58,0.29,2.5,109.61,4.98,0,5.16,0,0,0,cowboy,
918,-13.65,-2.37,7.5,-239.56,-65.73,169.05,8.13,0.63,1.94,111.09,5.33,0,5.15,0,0,0,cowboy,
919,-14.19,-3.06,-0.85,-250.14,-22.25,44.5,7.86,1.01,1.52,114.35,3.52,0,5.1,0,0,0,cowboy,
920,-12.48,-3.35,-4.1,-237.54,-11.79,-46.34,8.21,0.88,1.94,114.89,4.78,0,5.12,0,0,0,cowboy,
921,-3.29,-1.99,-10.09,-235.24,41.06,-250.14,8.78,-0.56,2.67,110.08,13.41,0,5.15,0,0,0,cowboy,
922,0.45,-4.39,-10.93,-147.85,139.06,-250.14,9.21,-1.01,2.82,102.47,18.02,0,5.1,0,0,0,cowboy,
923,9.36,-7.08,-13.51,131.11,-21.44,-160.08,9.66,-2.06,2.9,78.92,6.76,0,5.15,0,0,0,cowboy,
924,13.33,-5.01,-12.81,160.62,-22.03,-117.31,9.67,-1.65,2.76,74.2,0.15,0,5.15,0,0,0,cowboy,
925,14.22,-6.96,-9.91,163,19.51,-109.84,9.26,-0.82,2.51,72.23,-5.23,0,5.11,0,0,0,cowboy,
926,13.94,-9.01,-7.32,240.95,-8.36,-47.86,9.09,-0.54,2.54,73.47,-12.22,0,5.16,0,0,0,cowboy,
927,14.04,-8.32,5.87,250.13,-137.21,177.58,9.49,-1.47,3.02,75.44,-6.08,0,5.16,0,0,0,cowboy,
928,12.47,-7.51,9.4,238.6,-111.44,236.37,9.74,-1.65,3.06,74.63,-5.27,0,5.15,0,0,0,cowboy,
929,7.82,-6.4,12.22,193.93,-72.65,250.13,9.74,-1.63,3.05,74.03,-3.47,0,5.12,0,0,0,cowboy,
930,0.66,-5.3,14.46,93.2,-88.93,250.13,9.62,-1.56,2.97,74.39,-0.4,0,5.16,0,0,0,cowboy,
931,-9.29,-6.07,11.87,-168.93,-123.75,211.08,8.8,-1.36,2.43,77.38,9.4,0,5.15,0,0,0,cowboy,
932,-11.5,-4.7,8.29,-199.09,-81.57,192.15,8.74,-1.19,2.23,78.66,8.77,0,5.16,0,0,0,cowboy,
933,-14.15,-4.49,1.1,-250.14,10.18,77.36,8.67,-1.16,1.79,78.12,8.05,0,5.16,0,0,0,cowboy,
934,-13.99,-4.34,-1.77,-235.04,-27.57,30.29,8.62,-1.09,1.57,78.14,7.34,0,5.15,0,0,0,cowboy,
935,-6.66,-4.03,-6.36,-134.26,-4.99,-138.22,8.93,-0.46,1.75,75.97,10.92,0,5.16,0,0,0,cowboy,
936,-4.96,-1.77,-10.7,-151.53,-40.83,-235.62,8.91,-0.4,2.06,74.95,13.26,0,5.12,0,0,0,cowboy,
937,-0.61,-4.78,-14.24,-86.91,23.96,-250.14,9.54,0.22,2.82,77.11,12.24,0,5.15,0,0,0,cowboy,
938,2.14,-4.83,-16.24,3.3,-34.79,-233.63,9.48,0.36,3.09,77.38,11.16,0,5.16,0,0,0,cowboy,
939,10.16,-7.46,-10.82,190.9,-23.92,-227.02,8.71,0.14,3.25,71.49,0.98,0,5.15,0,0,0,cowboy,
940,12.98,-7.07,-7.4,250.13,-64.97,-186.15,8.91,0.63,3.29,70.55,-2.95,0,5.14,0,0,0,cowboy,
941,17.44,-7.08,4.4,250.13,-68.67,81.4,9.19,2.5,3.23,90,-9.93,0,5.15,0,0,0,cowboy,
942,15.06,-6.57,8.75,250.13,-80.04,156.14,9.32,1.77,3.21,90.19,-10.48,0,5.13,0,0,0,cowboy,
943,7.16,-4.96,16.46,176.15,-126.37,250.13,9.85,0.73,3.52,93.53,-7.88,0,5.15,0,0,0,cowboy,
944,4.13,-5.71,18.07,26.44,-178.94,243.89,9.94,0.21,3.6,93.78,-9.06,0,5.13,0,0,0,cowboy,
945,-3.25,-6.27,15.97,-127.25,-135.17,243.6,10.04,0.07,3.25,88.52,-0.4,0,5.16,0,0,0,cowboy,
946,-6.78,-5.57,14.2,-140.89,-86.08,221.2,9.98,0.1,3.04,85.67,4.19,0,5.15,0,0,0,cowboy,
947,-9.2,-3.69,5.6,-204.23,19.5,95.3,9.05,0.32,2.79,85.5,2.57,0,5.15,0,0,0,cowboy,
948,-10.31,-5.94,2.98,-237.42,-3.82,84.86,8.88,0.28,2.53,83.5,3.27,0,5.16,0,0,0,cowboy,
949,-10.92,-6,-0.23,-229.85,1.16,44.51,8.52,0.19,2.33,80.79,5.4,0,5.15,0,0,0,cowboy,
950,-10.18,-3.88,-3.71,-190.99,32.7,2,8.29,0.21,2.17,77.73,6.23,0,5.15,0,0,0,cowboy,
951,-8.76,-3.81,-5.81,-191.82,-10.34,-26.47,8.01,0.26,2.09,73.85,7.1,0,5.16,0,0,0,cowboy,
952,-4.92,-2.9,-12.07,-69.29,101.19,-207.18,8.47,0.79,2.4,70.66,6.84,0,5.16,0,0,0,cowboy,
953,-1.28,-2.86,-14.34,-59.4,64.27,-250.14,8.47,0.99,2.42,72.76,6.33,0,5.15,0,0,0,cowboy,
954,11.77,-6.05,-13.57,199.92,-42.96,-193.12,8.87,0.08,2.9,76.85,8.2,0,5.16,0,0,0,cowboy,
955,12.62,-6.43,-9.94,172.92,-18.02,-172.07,9.22,-0.57,2.97,75.39,1.29,0,5.16,0,0,0,cowboy,
956,19.62,-9.58,3.75,250.13,-141.84,72.16,8.98,-0.31,2.69,76.03,-11.98,0,5.16,0,0,0,cowboy,
957,19.59,-8.48,8.48,250.13,-87.89,145.55,8.7,-0.01,2.59,78.58,-16.01,0,5.17,0,0,0,cowboy,
958,14.18,-6.85,11.27,250.13,-100.07,250.13,8.88,-0.06,2.82,81.39,-11.68,0,5.11,0,0,0,cowboy,
959,6.34,-6.16,14.24,250.13,-102.93,250.13,9.29,-0.24,2.72,85.34,-10.89,0,5.13,0,0,0,cowboy,
