1,4.03,9.06,-0.27,4.53,19.06,31.21,8.96,-2.02,1.91,-22.08,13.06,0,5.12,0,0,0,idle,
2,3.87,9.27,-0.43,1.31,9.96,35.89,10.07,-1.94,1.66,-22.89,14.83,0,5.15,0,0,0,idle,
3,3.68,10.25,-0.56,4.39,1.21,44.13,11.4,-2.3,2.98,-33.79,11.73,0,5.16,0,0,0,idle,
4,3.72,9.61,-0.54,-4.92,-10.29,41.66,8.33,-0.96,3.31,-17.44,17.53,0,5.15,0,0,0,idle,
5,3.61,8.75,-0.82,-13.47,-19.51,34.05,7.78,-0.45,2.51,-22.3,0.73,0,5.15,0,0,0,idle,
6,3.49,8.86,-0.85,-18.51,-32.49,35.65,9.44,-1.66,2.05,-36.15,-1.15,0,5.15,0,0,0,idle,
7,3.6,9.17,-0.73,-10.42,-45.66,44.9,10.45,-2.42,2.05,-37.01,5.6,0,5.14,0,0,0,idle,
8,3.83,9.37,-0.58,-6.24,-46.18,44.7,9.49,-1.83,2.58,-40.68,1.62,0,5.15,0,0,0,idle,
9,3.82,9.14,-0.35,-2.73,-37.21,37.26,8.85,-1.3,2.29,-36.29,-0.44,0,5.15,0,0,0,idle,
10,3.65,9.16,-0.29,-0.37,-28.18,30.18,8.94,-1.1,2.23,-34.83,-2.24,0,5.16,0,0,0,idle,
11,3.55,9.12,-0.39,-2.11,-27.15,27.2,9.53,-1.05,1.94,-34.81,-0.15,0,5.15,0,0,0,idle,
12,3.61,9.27,-0.49,-11.8,-18.51,16.6,9.4,-1.36,2.13,-37.6,3.6,0,5.15,0,0,0,idle,
13,3.44,8.98,-0.11,-1.65,-14.53,14.17,9.05,-1.56,2.1,-35.14,3.79,0,5.15,0,0,0,idle,
14,3.35,8.92,0,-1.89,-12.55,6.15,8.87,-1.62,1.94,-34.95,2.67,0,5.15,0,0,0,idle,
15,3.27,8.76,0.13,-4.11,-9.28,-4.6,9.18,-1.53,1.97,-32.32,2.55,0,5.14,0,0,0,idle,
16,3.43,8.91,-0.05,-10.56,-8.72,-15.82,9.17,-1.27,1.96,-31.95,3.86,0,5.16,0,0,0,idle,
17,3.95,8.83,-0.35,-13.32,-6.84,-25.11,9.06,-1.13,1.91,-32.27,5.39,0,5.15,0,0,0,idle,
18,4.29,8.72,-0.74,-9.89,-8.59,-29.09,9.09,-1.07,1.79,-30.38,5.39,0,5.15,0,0,0,idle,
19,4.64,8.62,-0.9,-4.5,-17.25,-26.24,9.24,-1.15,1.77,-29.37,5.84,0,5.15,0,0,0,idle,
20,5.01,8.82,-0.74,2.61,-18.64,-22.82,9.32,-1.37,1.75,-28,6.64,0,5.15,0,0,0,idle,
21,5.33,8.95,-0.61,6.7,-13.44,-20.18,9.24,-1.43,1.84,-26.33,8.66,0,5.15,0,0,0,idle,
22,5.42,9.08,-0.49,5.67,-5,-18.89,9.29,-1.46,1.83,-24.24,8.07,0,5.16,0,0,0,idle,
23,5.37,9.24,-0.27,3.18,9.68,-23.97,9.34,-1.36,1.88,-21.89,8.58,0,5.15,0,0,0,idle,
24,5.24,9.14,-0.26,-0.41,18.49,-27.35,9.4,-1.35,2.05,-19.57,8.95,0,5.14,0,0,0,idle,
25,5.05,8.99,-0.36,-3.72,19.44,-28.15,9.5,-1.27,1.85,-17.46,8.77,0,5.14,0,0,0,idle,
26,4.81,8.87,-0.53,-9.02,12.24,-28.68,9.51,-1.28,1.76,-16.18,8.1,0,5.15,0,0,0,idle,
27,4.71,8.87,-0.43,-14.89,1.11,-28.38,9.51,-1.4,1.74,-15.56,7.93,0,5.16,0,0,0,idle,
28,4.62,8.77,-0.43,-16.52,-8.14,-26.9,9.3,-1.41,1.74,-14.91,9.12,0,5.14,0,0,0,idle,
29,4.08,10.98,-1.78,-10.85,-0.79,8.82,10.1,-1.73,2.89,23.97,-2.42,0,5.15,0,0,0,idle,
30,3.92,10,2.32,-13.6,9.14,15.31,9.51,1.21,2.48,-62.37,17.44,0,5.15,0,0,0,idle,
31,2.5,8.3,0.8,-33.97,-25.17,6.83,9.32,1.29,2.37,-45.76,4.03,0,5.16,0,0,0,idle,
32,2.97,8.08,0.92,-41.85,-50.63,6,9.12,1.32,2.21,-47.02,3.02,0,5.16,0,0,0,idle,
33,5.09,8.62,0.48,-64.93,-107.49,6.69,9.36,1.31,1.93,-35.67,-0.84,0,5.16,0,0,0,idle,
34,5.94,8.07,0.84,-92.21,-119.87,-1.4,9.52,0.99,2.26,-36.13,0.56,0,5.15,0,0,0,idle,
35,6.4,7.83,0.29,-77.45,-115.54,-34.99,8.85,1.01,2.12,-29.53,-1.26,0,5.15,0,0,0,idle,
36,6.39,7.53,0.57,-74.79,-97.47,-49.34,8.9,0.99,2.17,-31.54,-1.76,0,5.14,0,0,0,idle,
37,6.22,7.54,-0.1,-41.44,-60.03,-58.83,9.12,0.86,2.04,-31.97,-1.91,0,5.12,0,0,0,idle,
38,5.57,8.37,-0.43,-44.87,-32.96,-63.85,9.16,0.66,1.93,-31.42,-1.4,0,5.16,0,0,0,idle,
39,5.11,8.27,0.49,-29.12,-24.75,-51.18,9,0.69,2.12,-29.31,-0.79,0,5.15,0,0,0,idle,
40,4.86,9.17,-0.2,-18.15,0.15,-60.06,9.48,0.99,2.06,-26.26,0.98,0,5.15,0,0,0,idle,
41,4.62,8.71,0,-13.65,-1.73,-53.74,9.47,0.92,2.26,-24.21,-0.11,0,5.15,0,0,0,idle,
42,5.07,9.51,-0.84,-44.6,-15.44,-63.42,9.3,0.61,2.31,-20.5,2.59,0,5.15,0,0,0,idle,
43,4.73,9.27,-0.65,-7.16,-19.47,-49.35,9.55,0.56,2.4,-20.7,1.41,0,5.16,0,0,0,idle,
44,4.78,9.34,-0.68,-11.18,-33.45,-42.15,9.69,0.35,2.23,-18.75,0.6,0,5.15,0,0,0,idle,
45,4.8,9.11,-0.58,-2.21,-31.56,-40.04,9.41,0.14,2.26,-19.92,-0.16,0,5.15,0,0,0,idle,
46,4.39,8.77,-0.06,-2.12,-37.59,-24.18,9,0.14,1.97,-20.94,-0.37,0,5.15,0,0,0,idle,
47,4.02,8.95,0.01,-18.31,-51.47,-28.97,9.18,0.09,1.96,-21.93,-0.73,0,5.15,0,0,0,idle,
48,4.42,9.37,-0.84,6.52,-61.66,-26.3,9.27,0.34,2.01,-19.66,-1.34,0,5.16,0,0,0,idle,
49,4.41,9.68,-0.67,-7.71,-48.16,-25.33,9.19,0.29,2.17,-20.16,-0.69,0,5.15,0,0,0,idle,
50,3.8,9.7,-0.01,-70.35,18.69,-26.08,9.35,0.32,2.05,-13.24,1.26,0,5.16,0,0,0,idle,
51,3.91,9.13,0.61,-94.47,17.87,-33.37,9.43,0.25,1.97,-11.37,1.43,0,5.16,0,0,0,idle,
52,4,9.04,0.79,-85,15.5,7.66,9.27,0.09,1.99,-7.85,0.38,0,5.15,0,0,0,idle,
53,3.94,9.01,1.18,-71.4,7.77,26.54,9.33,0.08,1.9,-6.96,-0.73,0,5.13,0,0,0,idle,
54,3.93,9.21,1.23,-44.93,-9.87,45.1,9.19,0.12,1.9,-4.63,-1.47,0,5.15,0,0,0,idle,
55,3.36,9.26,1.37,-8.27,-39.77,67.94,9.14,0.2,1.98,-3.24,-0.28,0,5.16,0,0,0,idle,
56,5.95,9.84,2.82,21.87,-57,64.34,9.36,0.25,2.02,0.56,0.89,0,5.16,0,0,0,idle,
57,5.55,9.47,2.11,-4.72,-20.53,67.21,9.25,0.14,2.08,3.04,0.87,0,5.16,0,0,0,idle,
58,5.36,9.02,2.46,-33.96,-15.1,58.88,9.29,0.22,1.98,8.56,1.73,0,5.15,0,0,0,idle,
59,4.73,8.68,1.95,-41.5,-8.95,56.07,9.47,0.28,1.93,9.76,2.39,0,5.16,0,0,0,idle,
60,5.37,8.33,2.12,-28.4,-3.32,36.98,9.22,0,2.04,15.34,2.57,0,5.15,0,0,0,idle,
61,4.76,7.86,1.7,-19.89,5.18,24.45,9.37,0.02,2.07,17.14,3.26,0,5.15,0,0,0,idle,
62,5.5,8.28,2.13,-16.39,5.23,24.95,9.45,0.11,2,18.24,3.88,0,5.1,0,0,0,idle,
63,5.36,7.98,2,-11.61,10.28,20.14,9.41,0.07,1.94,19.68,3.56,0,5.16,0,0,0,idle,
64,5.13,7.89,1.73,-7.9,15.78,13.43,9.2,-0.01,2.08,22.44,3.53,0,5.15,0,0,0,idle,
65,6.54,8.3,2.06,-1.84,33.47,1.57,9.18,-0.14,2.08,24.73,5.43,0,5.16,0,0,0,idle,
66,6.26,8.34,2.37,-8.81,42.35,17.02,9.15,-0.12,2.02,26.04,5.08,0,5.15,0,0,0,idle,
67,5.77,8,1.86,10.19,18.53,-1.29,9.26,-0.23,2.2,25.79,1.53,0,5.15,0,0,0,idle,
68,6.22,8.17,2.02,6.94,24.27,7.47,9.17,-0.57,1.98,26.24,5.28,0,5.15,0,0,0,idle,
69,5.36,8.17,1.61,4.66,26.11,16.54,9.3,-0.44,2.32,25.7,4.82,0,5.15,0,0,0,idle,
70,5.09,7.93,1.25,12.74,11.49,1.18,9.33,-0.52,2.32,24.73,4.65,0,5.14,0,0,0,idle,
71,4.65,8.45,0.67,66.8,18.69,-43.64,9.1,-0.46,2.33,21.19,4.63,0,5.16,0,0,0,idle,
72,4.2,8.64,0.35,87.44,14.85,-63.48,9.17,-0.55,2.34,19.57,3.73,0,5.14,0,0,0,idle,
73,5.24,10.01,1.17,124.84,50.3,-79.06,9.25,-0.46,2.41,14.84,3.62,0,5.15,0,0,0,idle,
74,5.23,10.26,1.04,117.6,86.01,-70.11,9.35,-0.41,2.47,14.63,2.87,0,5.16,0,0,0,idle,
75,4.61,10.07,1.08,90.82,100.26,-58.53,9.36,-0.33,2.54,14.4,2.61,0,5.12,0,0,0,idle,
76,3.81,9.9,1.03,74.47,106.58,-38.82,9.27,-0.38,2.48,14.44,2.25,0,5.15,0,0,0,idle,
77,1.99,9.6,0.57,22.79,48.38,27.56,9.28,-0.44,2.47,11.62,1.19,0,5.15,0,0,0,idle,
78,2.36,9.47,0.75,1.34,3.55,33.98,9.18,-0.46,2.44,10.93,0.56,0,5.15,0,0,0,idle,
79,3.78,9.24,1.36,-26.61,-19.65,34.82,9.14,-0.52,2.38,7.51,0.15,0,5.15,0,0,0,idle,
80,3.53,8.96,0.89,-5.67,13.21,20.18,9.08,-0.37,2.44,5.97,-0.24,0,5.12,0,0,0,idle,
81,3.61,9.17,0.82,6.8,0.56,15.03,9.29,-0.29,2.41,1.36,-0.61,0,5.15,0,0,0,idle,
82,3.85,9.37,0.82,7.16,-2.96,12.2,9.27,-0.02,2.35,0.63,-1.3,0,5.13,0,0,0,idle,
83,4.16,9.41,0.6,4.92,5.72,-0.3,9.25,0.08,2.35,-0.24,-0.44,0,5.15,0,0,0,idle,
84,4.23,9.4,0.48,3.17,8.6,-4.32,9.25,0.1,2.43,-0.28,0.65,0,5.14,0,0,0,idle,
85,4,9.21,0.32,2.67,7.28,-12.56,9.13,0.17,2.48,-0.73,2.06,0,5.15,0,0,0,idle,
86,3.97,9.06,0.3,4.63,3.71,-16.85,9.24,0.27,2.42,-1.05,2.65,0,5.13,0,0,0,idle,
87,4.27,8.99,0.34,-0.31,-9.6,-16.82,9.35,0.17,2.44,-2.22,1.27,0,5.15,0,0,0,idle,
88,4.31,9,0.32,-1.06,-8.27,-16.18,9.34,0.23,2.4,-3,1.42,0,5.15,0,0,0,idle,
89,4.34,9.13,0.4,-10.54,-9.31,-12.65,9.36,0.18,2.44,-5.37,-1.14,0,5.15,0,0,0,idle,
90,4.41,8.99,0.32,-9.62,-10.22,-10.89,9.34,0.13,2.32,-6.44,-2.19,0,5.16,0,0,0,idle,
91,4.4,9.12,0.26,-10.28,-14.11,-9.37,9.27,0.14,2.35,-7.31,-3.08,0,5.15,0,0,0,idle,
92,4.48,9.13,0.27,-12.89,-12.5,-10.5,9.29,0.13,2.22,-8.85,-3.38,0,5.16,0,0,0,idle,
93,4.4,9.1,0.21,-11.37,-11.04,-7.96,9.29,0.08,2.31,-11.17,-3.82,0,5.15,0,0,0,idle,
94,4.29,9.12,0.13,-18.95,-9.63,-2.5,9.2,0.03,2.12,-16.39,-4.77,0,5.12,0,0,0,idle,
95,4.17,9.16,-0.01,-23.58,-6.37,-2.31,9.28,0.1,2.09,-18.5,-4.56,0,5.16,0,0,0,idle,
96,4,8.87,0.44,-17.79,-22.31,7.53,8.76,0.46,1.96,-21.61,-4.03,0,5.15,0,0,0,idle,
97,3.99,9.1,1.01,-42.67,-62.02,15.24,8.68,0.72,1.91,-24.95,-2.18,0,5.13,0,0,0,idle,
98,4.14,8.69,0.16,-34.85,-42.92,20.57,8.95,1.15,2.2,-23.24,1.84,0,5.16,0,0,0,idle,
99,3.98,8.73,-0.18,-23.32,-35.49,21.94,8.92,1.11,2.23,-21.12,6.98,0,5.12,0,0,0,idle,
100,4.22,8.86,0.96,13.42,-10.44,-0.77,9.52,1.11,2.7,-0.8,12.06,0,5.16,0,0,0,idle,
101,4.76,8.95,1.25,13.38,-6.25,-5.86,9.38,0.86,2.73,1.26,12.71,0,5.13,0,0,0,idle,
102,5.02,8.75,1.58,18.67,-0.81,-13.28,9.39,0.6,2.47,2.38,11.93,0,5.16,0,0,0,idle,
103,5.08,8.67,1.34,29.77,5.2,-15.15,9.53,0.39,2.52,3.12,11.96,0,5.11,0,0,0,idle,
104,5.19,8.74,1.25,37.05,9.86,-17.99,9.42,0.26,2.47,2.95,11.27,0,5.15,0,0,0,idle,
105,5.19,8.9,1.16,40.56,12.64,-20.03,9.41,0.11,2.55,2.39,10.46,0,5.15,0,0,0,idle,
106,5.88,8.94,1.64,18.84,14.61,-29.45,9.45,-0.32,2.28,-0.26,2.06,0,5.15,0,0,0,idle,
107,5.49,9.28,0.85,20.07,44.11,-29.37,9.28,-0.51,2.26,-1.41,6.07,0,5.15,0,0,0,idle,
108,4.95,9.4,0.07,4.13,40.88,-32.69,9.24,-0.26,2.14,-2.78,4.37,0,5.11,0,0,0,idle,
109,4.59,8.92,0.01,-23.34,17.88,-30.76,9.24,-0.28,2.33,-5.27,3.4,0,5.15,0,0,0,idle,
110,4.29,9.21,-0.63,-10.91,-9.4,3.78,8.95,-0.14,2.25,-10,0.76,0,5.15,0,0,0,idle,
111,4.3,9.07,-0.72,-17.01,-17.54,13.48,8.96,-0.09,2.31,-10.05,-0.3,0,5.15,0,0,0,idle,
112,4.13,8.98,-0.83,-14.24,-18.03,30.53,9.19,-0.06,2.32,-10.26,-1.44,0,5.15,0,0,0,idle,
113,4.01,8.91,-0.92,-13.02,-19.99,36.61,9.02,0.03,2.34,-5.44,-2.06,0,5.16,0,0,0,idle,
114,3.77,8.84,-1.03,-7.32,-14.95,32.95,8.98,-0.11,2.32,-1.98,-2.99,0,5.16,0,0,0,idle,
115,3.78,8.72,-0.97,-7.44,-13.92,27.2,8.89,0.02,2.47,-0.53,-3.09,0,5.16,0,0,0,idle,
116,3.83,8.27,-0.86,2.55,5.54,8.74,8.76,-0.27,2.26,5.05,-4.53,0,5.17,0,0,0,idle,
117,3.91,8.1,-0.73,10.16,7.47,7.01,9.03,-0.2,2.15,7.39,-5.34,0,5.1,0,0,0,idle,
118,4.39,8.48,-0.68,13.99,33.89,-6.11,9.27,-0.82,2.5,12.15,-9.54,0,5.16,0,0,0,idle,
119,4.35,8.67,-0.68,13.77,35.09,-7.82,9.33,-0.78,2.74,12.47,-8.76,0,5.16,0,0,0,idle,
120,4.06,9.46,-1.01,5.02,13.45,-7.48,9.9,-1.3,2.66,14.47,-13.63,0,5.16,0,0,0,idle,
121,4.33,9.63,-0.89,2.11,2.63,-12.36,9.36,-1.26,2.51,10.92,-10.5,0,5.17,0,0,0,idle,
122,4.88,9.39,-0.74,-1.46,2.47,-33.98,9.31,-0.94,2.38,9.08,-1.46,0,5.16,0,0,0,idle,
123,4.88,9.01,-0.71,-1.7,-2.52,-32.72,9.15,-0.77,2.3,8.13,0.56,0,5.16,0,0,0,idle,
124,4.94,8.67,-0.74,-8.86,-7.2,-29.66,9.06,-0.62,2.14,7.76,2.27,0,5.13,0,0,0,idle,
125,4.9,8.43,-0.57,1.77,-12.02,-20.76,8.92,-0.72,2.09,6.43,1.98,0,5.16,0,0,0,idle,
126,5.1,8.63,-0.79,5.95,-14.72,-13.64,8.9,-0.61,2.23,6.71,1.91,0,5.16,0,0,0,idle,
127,4.69,8.5,-0.55,5.75,-5.1,-3.75,9.14,-0.8,2.38,16.23,-1.28,0,5.16,0,0,0,idle,
128,4.57,8.62,-0.59,13.89,-3.06,1.05,9.94,-0.83,1.9,15.05,-6.45,0,5.15,0,0,0,idle,
129,4.59,9.01,-0.42,6.34,0.21,-9.25,9.09,-0.8,2.45,13.08,-4.56,0,5.15,0,0,0,idle,
130,4.73,9.13,-0.47,10.71,12.39,-16.4,9.07,-0.86,2.16,14.37,-2.65,0,5.11,0,0,0,idle,
131,4.83,9.2,-0.43,4.9,19.17,-26.6,8.9,-0.94,2.47,12.66,2.76,0,5.16,0,0,0,idle,
132,5.01,9.17,-0.41,5.39,18.47,-27.69,8.8,-0.93,2.6,12.31,4.05,0,5.15,0,0,0,idle,
133,5.19,9.13,-0.62,-4.17,0.05,-8.22,9.9,-1.15,2.48,9.66,-4.7,0,5.12,0,0,0,idle,
134,5.34,8.9,-0.72,-0.81,-2.52,-0.16,9.03,-1.33,2.31,10.36,-9.72,0,5.16,0,0,0,idle,
135,5.1,8.89,-0.49,12.67,11.77,10.09,9.03,-1.32,2.23,9.14,-8.89,0,5.15,0,0,0,idle,
136,4.91,9.01,-0.32,10.18,15.35,11.27,9.1,-1.27,1.96,7.87,-5.44,0,5.14,0,0,0,idle,
137,4.04,9.19,-0.36,3.92,21.22,11.43,9.12,-1.24,2.24,8.04,-1.15,0,5.15,0,0,0,idle,
138,4.26,9.3,-0.52,3.48,11.34,13.34,9.69,-1.35,2.33,5.03,-1.07,0,5.15,0,0,0,idle,
139,4.26,8.95,-0.86,-8.85,-15.85,15.4,9.09,-1.28,2.35,1.08,-4.79,0,5.16,0,0,0,idle,
140,4.26,8.96,-0.81,-6.57,-14.02,15.6,9.17,-1.29,2.4,7.12,-7.95,0,5.16,0,0,0,idle,
141,4.33,8.9,-0.82,-2.39,-9.95,16.18,9.16,-1.32,2.19,-1.39,-3.82,0,5.15,0,0,0,idle,
142,4.39,9.13,-0.92,-3.84,-8.05,14.23,9.22,-1.4,2.19,-3.3,-3.09,0,5.15,0,0,0,idle,
143,3.96,9.46,-1.25,-1.71,-1.61,14.76,9.56,-1.31,2.61,-0.31,-8.67,0,5.17,0,0,0,idle,
144,3.96,9.33,-1.09,-0.94,-6.28,14.53,9.22,-1.2,2.25,-1.95,-7.47,0,5.13,0,0,0,idle,
145,4.03,9.4,-0.71,4.47,4.05,0.09,9.48,-1.15,2.02,0.53,-3.53,0,5.17,0,0,0,idle,
146,4.14,9.01,-0.53,6.74,6.93,-5.31,9.5,-1.16,1.8,1.44,-3.2,0,5.16,0,0,0,idle,
147,4.32,8.74,-0.48,5.27,17.66,-11.73,8.86,-0.62,1.5,3.85,-0.04,0,5.16,0,0,0,idle,
148,4.27,8.84,-0.36,5.26,17.79,-11.02,8.6,-0.63,1.68,3.9,1.85,0,5.14,0,0,0,idle,
149,4.07,8.74,-0.69,-3.69,4.44,-6.48,9.61,-0.62,1.88,12.05,1.92,0,5.15,0,0,0,idle,
150,4.21,8.4,-0.58,-2.89,-4.27,-3.53,9.56,-0.71,1.68,12.41,-0.53,0,5.15,0,0,0,idle,
151,4.31,8.55,-0.36,4.39,9.42,-11.59,8.99,-0.81,1.65,14.79,-0.56,0,5.15,0,0,0,idle,
152,4.37,8.71,-0.39,1.82,15.95,-16.18,9.06,-0.75,1.78,12.59,1.44,0,5.16,0,0,0,idle,
153,4.37,8.74,-0.46,-1.05,26.27,-25.36,9.02,-0.96,1.92,13.3,3.42,0,5.15,0,0,0,idle,
154,4.45,8.81,-0.52,-3.71,22.54,-27.07,9.16,-0.98,1.89,13.76,7.25,0,5.15,0,0,0,idle,
155,4.91,8.77,-0.57,-8.16,5.59,-21.63,9.65,-0.94,2.12,10.03,6.82,0,5.11,0,0,0,idle,
156,4.97,8.82,-0.72,-10.6,4.32,-15.94,9.49,-1.01,2.12,7.9,4.44,0,5.14,0,0,0,idle,
157,4.72,9.2,-1.27,-10.8,-1.68,-0.29,9.41,-0.81,2.39,7.13,5.44,0,5.12,0,0,0,idle,
158,4.66,9.13,-1.35,-8.32,-7.95,4.39,9.21,-0.85,2.16,1.85,6.6,0,5.13,0,0,0,idle,
159,4.75,9.02,-1.32,-3.31,-8.6,7.37,9.26,-0.75,2.24,4.71,6.37,0,5.12,0,0,0,handmoter,
160,4.74,8.92,-1.17,0.4,-1.2,6.63,9.36,-0.75,2.58,3.96,5.08,0,5.15,0,0,0,handmoter,
161,4.63,8.89,-1,3.5,0.4,9.23,9.47,-0.89,2.58,5,3.08,0,5.15,0,0,0,handmoter,
162,4.09,9.04,-0.74,9.85,15.37,8.44,9.41,-1.08,2.26,8.43,-1.76,0,5.11,0,0,0,handmoter,
163,3.96,9.11,-0.67,9.47,15.68,7,9.34,-0.99,2.26,10.9,-3.64,0,5.15,0,0,0,handmoter,
164,3.92,9.1,-0.68,8.28,12.63,-5.73,9.26,-0.9,1.98,12.44,-0.61,0,5.15,0,0,0,handmoter,
165,4.09,9.13,-0.47,9.24,15.4,-10.45,9.16,-0.92,2.08,12.5,0.17,0,5.15,0,0,0,handmoter,
166,4.18,9.06,-0.44,9.33,19.05,-12.85,9.23,-1.04,2.19,13.59,0.02,0,5.16,0,0,0,handmoter,
167,4.24,9.11,-0.39,7.75,19.03,-13.19,9.22,-1.07,2.15,13.47,-0.38,0,5.15,0,0,0,handmoter,
168,4.27,9.06,-0.19,7.78,20.94,-8.66,9.1,-1.15,2.25,12.83,-0.37,0,5.16,0,0,0,handmoter,
169,4.25,9.18,-0.14,6.25,19.85,-6.41,9.32,-1.17,2.3,11.8,0.87,0,5.14,0,0,0,handmoter,
170,4.04,9.27,-0.41,-1.02,14.82,-1.89,9.16,-1.01,2.11,13.51,-1.21,0,5.15,0,0,0,handmoter,
171,4.05,9.24,-0.5,-3.86,10.5,-0.34,9.11,-0.94,2.08,12.53,-1.46,0,5.16,0,0,0,handmoter,
172,4.16,9.3,-0.61,0.89,10.6,-3.89,9,-1.13,2.1,13.21,1.07,0,5.09,0,0,0,handmoter,
173,4.17,9.14,-0.56,2.17,14.47,-5.49,9.11,-1.18,2.22,13.56,0.98,0,5.17,0,0,0,handmoter,
174,4.1,9.13,-0.53,-0.85,15.62,-2.17,9.1,-1.31,2.31,9.08,0.26,0,5.16,0,0,0,handmoter,
175,3.99,9.11,-0.53,-3.26,9.3,1.52,9.21,-1.26,2.22,7.66,0.47,0,5.15,0,0,0,handmoter,
176,3.92,9.13,-0.67,-6.79,2.03,4.53,9.18,-1.33,2.21,6.55,0.82,0,5.1,0,0,0,handmoter,
177,3.96,9.15,-0.66,-5.04,-0.99,6.32,9.24,-1.31,2.2,4.89,1.21,0,5.17,0,0,0,handmoter,
178,3.91,9.12,-0.95,-5.43,-0.86,1.79,9.2,-1.09,2.3,-1.59,3.93,0,5.14,0,0,0,handmoter,
179,3.91,9.05,-0.89,-4.18,0.97,0.15,9.48,-1.06,2.23,1.84,3.4,0,5.15,0,0,0,handmoter,
180,3.97,9.03,-0.64,1.79,9.66,-1.5,9.19,-1.27,2.1,-1.59,1.8,0,5.15,0,0,0,handmoter,
181,3.92,9.13,-0.52,1.76,11.48,-2.31,9.17,-1.14,2.3,0.36,1.54,0,5.15,0,0,0,handmoter,
182,3.87,9.15,-0.54,0.73,11.52,-2.45,9.09,-1.06,2.31,0.35,1.55,0,5.14,0,0,0,handmoter,
183,3.81,9.17,-0.51,-0.91,9.85,-2.37,9.11,-1.15,2.4,0.25,2.23,0,5.13,0,0,0,handmoter,
184,4,9.16,-0.48,-2.56,-0.66,-4.43,9.19,-1.08,2.39,-3.3,2.93,0,5.16,0,0,0,handmoter,
185,4.02,9.03,-0.44,-1.16,3.77,-5.69,9.2,-1.15,2.38,-4.37,2.61,0,5.16,0,0,0,handmoter,
186,4.13,9.05,-0.46,-1.43,8.46,-5.47,9.19,-1.16,2.41,-4.87,1.54,0,5.15,0,0,0,handmoter,
187,4.04,9.08,-0.41,-3.96,7.85,-6,9.22,-1.2,2.27,-4.09,0.87,0,5.15,0,0,0,handmoter,
188,3.69,9.25,-0.79,-9.89,-2.94,4.42,9.34,-1.28,1.78,-2.73,-3.16,0,5.15,0,0,0,handmoter,
189,3.63,9.32,-0.94,-11.16,-5.55,3.39,9.29,-1.08,1.81,-3.37,-3.8,0,5.15,0,0,0,handmoter,
190,3.73,9.24,-1.17,-9.28,-5.75,0.56,9.42,-1.22,1.79,-2.07,-2.95,0,5.15,0,0,0,handmoter,
191,3.76,9.25,-1.26,-7.95,-5.11,-0.82,9.31,-1.29,1.98,-2.18,-1.6,0,5.11,0,0,0,handmoter,
192,3.93,9.3,-0.91,0.76,-0.02,-4.51,9.35,-1.29,1.89,-4.96,-0.06,0,5.15,0,0,0,handmoter,
193,3.93,9.18,-0.76,1.57,3.19,-5.47,9.34,-1.28,1.82,-6.43,0.82,0,5.12,0,0,0,handmoter,
194,3.79,9.06,-0.71,-3.12,-7.37,-2.98,9.33,-1.35,1.64,-10.87,1.49,0,5.16,0,0,0,handmoter,
195,3.86,9.01,-0.67,-2.66,-11.77,-1.39,9.31,-1.22,1.56,-11.95,1.58,0,5.15,0,0,0,handmoter,
196,3.96,9.14,-0.69,-9.85,-18.72,0.73,9.31,-0.99,1.65,-12.22,2.28,0,5.15,0,0,0,handmoter,
197,3.82,9.02,-0.63,-4.24,-9.63,-0.69,9.32,-1.04,1.59,-11.31,2.38,0,5.15,0,0,0,handmoter,
198,3.77,9.32,-0.74,-3.4,-13.44,0.82,9.27,-1.05,1.77,-9.66,1.85,0,5.1,0,0,0,handmoter,
199,3.7,9.43,-0.64,-1.57,-7.19,-4.12,9.18,-1.25,1.69,-7.49,1.25,0,5.12,0,0,0,handmoter,
200,3.74,9.45,-0.65,-2.18,-7.61,-8.41,9.17,-1.29,1.61,-5.96,1.73,0,5.14,0,0,0,handmoter,
201,4.22,9.26,-0.16,-1.06,6.33,-19,9.41,-1.17,1.64,-10.08,5.25,0,5.15,0,0,0,handmoter,
202,4.23,9.33,-0.18,-1.76,7.54,-18.74,9.44,-1.33,1.94,-11.14,4.86,0,5.15,0,0,0,handmoter,
203,4.26,9.35,-0.23,-5.79,3.84,-15.27,9.36,-1.37,2.07,-14.34,2.71,0,5.13,0,0,0,handmoter,
204,4.34,9.38,-0.31,-10.2,-2.99,-9.81,9.4,-1.5,1.8,-13.63,4.4,0,5.15,0,0,0,handmoter,
205,4.33,9.09,-0.2,-12.41,-10.75,5.7,9.34,-1.03,1.97,-23.46,6.7,0,5.13,0,0,0,handmoter,
206,4.06,9.03,-0.27,-12.46,-10.54,8.01,9.19,-1.17,1.76,-24.26,5.41,0,5.15,0,0,0,handmoter,
207,3.79,9.02,-0.43,-14.67,-14.6,12.22,9.33,-1.01,1.94,-25.11,5.24,0,5.15,0,0,0,handmoter,
208,3.64,8.99,-0.58,-16.27,-18.72,13.12,9.36,-0.87,1.9,-24.11,4.67,0,5.16,0,0,0,handmoter,
209,3.57,9.03,-0.84,-14.17,-22.67,8,9.29,-0.71,2.04,-21.96,3.8,0,5.16,0,0,0,handmoter,
210,3.52,9.11,-0.91,-12.66,-20.75,5.48,9.3,-0.96,1.85,-21.11,5.45,0,5.16,0,0,0,handmoter,
211,3.65,9.03,-1.01,-9.38,-12.3,-3.83,9.12,-0.66,2.11,-17.82,4.25,0,5.16,0,0,0,handmoter,
212,3.71,9.02,-1.01,-7.95,-9.47,-6.75,9.18,-0.85,1.82,-12.27,5.88,0,5.16,0,0,0,handmoter,
213,3.73,8.93,-0.93,-6.37,-6.75,-9.12,9.15,-0.89,2.04,-11.88,4.87,0,5.1,0,0,0,handmoter,
214,3.79,8.88,-0.89,-4.81,-6.09,-10.78,9.23,-0.95,2.01,-10.85,5.25,0,5.16,0,0,0,handmoter,
215,4.92,9.04,-1.43,2.71,6.24,-7.86,9.14,-0.78,2.15,-3.35,5.08,0,5.15,0,0,0,handmoter,
216,5.6,8.67,-2.05,6.89,2.74,-12.29,9.01,-0.57,1.84,-1.6,4.06,0,5.14,0,0,0,handmoter,
217,11.92,7.57,-1.21,65.48,11.7,25.32,9.65,-0.82,2.44,14.93,7.24,0,5.15,0,0,0,handmoter,
218,12.47,8.8,-2.53,73.82,62.85,65.98,10.34,-0.51,2.87,21.05,0.54,0,5.16,0,0,0,handmoter,
219,12.48,10.1,-3.9,71.51,51.18,98.14,9.81,-0.36,3.26,27.58,-5.69,0,5.1,0,0,0,handmoter,
220,12.79,9.6,-5.01,38.7,32.73,99.86,9.5,-0.38,2.82,32.76,-12.24,0,5.09,0,0,0,handmoter,
221,18.37,10.12,-13.26,250.13,38.53,159.29,9.87,-0.74,2.62,64.56,-18.63,0,5.16,0,0,0,handmoter,
222,19.62,11.21,-15.9,250.13,51.53,179.9,9.28,-0.79,2.5,69.14,-22.75,0,5.13,0,0,0,handmoter,
223,14.39,10.35,-13.65,215.1,96.56,200.95,8.24,-0.87,2.25,80.77,-24.3,0,5.15,0,0,0,handmoter,
224,8.64,9.52,-9.38,210.72,91.34,199.89,7.58,-1.24,1.95,74.24,-20.72,0,5.15,0,0,0,handmoter,
225,-0.51,8.15,-0.49,218.71,133.65,178.55,8.78,-1.49,2.22,101.56,-10.5,0,5.15,0,0,0,handmoter,
226,-1.36,7.86,0.47,179.08,157.38,150.22,8.72,-1.25,2.82,108.84,-7.72,0,5.16,0,0,0,handmoter,
227,-3.29,6.07,0.43,74.98,142.66,105.72,9.11,-1.08,3.4,124.23,-13.39,0,5.15,0,0,0,handmoter,
228,-4.14,4.65,0.3,26.18,97.33,76.18,9.34,-1.44,3.4,130.21,-15.35,0,5.15,0,0,0,handmoter,
229,-1.59,2.78,-0.7,10.89,-70.58,-16.83,8.89,-1.75,3.28,148.72,-22.77,0,5.15,0,0,0,handmoter,
230,-0.46,2.93,-0.47,0.3,-78.63,-35.24,8.47,-1.47,3.59,154.15,-22.29,0,5.15,0,0,0,handmoter,
231,-1.81,5.7,-2.13,3.94,70.68,-150.2,9.2,-1.76,3.27,163.08,-22.53,0,5.16,0,0,0,handmoter,
232,-2.31,7.59,-4.55,-14.93,72.89,-198.56,9.52,-1.49,3.23,167.26,-18.18,0,5.15,0,0,0,handmoter,
233,12.83,13.09,-11.7,-76.56,24.04,-179.15,9.6,-1.62,3.58,167.36,-24.63,0,5.14,0,0,0,handmoter,
234,19.62,9.15,-18.56,18.46,168.97,-197.14,9.43,-1.74,3.71,166.9,-26.73,0,5.12,0,0,0,handmoter,
235,19.62,4.13,-10.88,194.65,-123.8,-7.53,9.6,-1.56,2.67,133.44,-35.19,0,5.14,0,0,0,handmoter,
236,19.62,-0.02,-3.32,250.13,47.35,33.76,9.44,-2.21,1.54,112.11,-55.27,0,5.15,0,0,0,handmoter,
237,17.14,-1.11,3.45,138.52,26.93,87.78,9.6,-1.13,0.71,91.56,-20.63,0,5.14,0,0,0,handmoter,
238,15.57,3.13,2.46,49.8,21.15,143.67,10.61,0.3,0.38,83.05,-32.08,0,5.14,0,0,0,handmoter,
239,15.79,-0.84,5.62,78.82,6.93,145.19,11.46,1.93,1.26,88.63,-21.11,0,5.13,0,0,0,handmoter,
240,8.68,-0.11,4.65,181.22,47.65,235.31,10.81,2.13,1.37,75.94,-41.15,0,5.15,0,0,0,handmoter,
241,0.53,1.56,3.5,91.32,42.91,204.36,10.04,1.27,0.69,74.57,-36.72,0,5.15,0,0,0,handmoter,
242,-5.69,3.62,-1,66.66,-39.41,107.11,9.21,0.74,0.12,79.65,-44.93,0,5.15,0,0,0,handmoter,
243,-5.67,4.17,-1.28,69.96,-43.31,41.27,8.95,1.26,-0.67,89.17,-43.43,0,5.16,0,0,0,handmoter,
244,-5.45,8.37,-1.75,34.63,18.66,-76.32,8.84,2.5,-0.74,104.28,-47.4,0,5.16,0,0,0,handmoter,
245,-4.74,10.82,-1.66,1.14,17.69,-108.84,8.32,1.76,-0.73,106.24,-42.18,0,5.15,0,0,0,handmoter,
246,19.62,15.05,-11.88,-64.34,81.79,-182.75,9.26,-1.52,-1.16,80.31,-31.94,0,5.14,0,0,0,handmoter,
247,19.62,9.05,-11.69,156.16,72.73,-94.95,10.01,-1.45,-0.66,76.43,-30.37,0,5.15,0,0,0,handmoter,
248,19.62,16.15,-9.1,250.13,250.13,-250.14,10.44,-1.22,-1.07,68.46,-34.89,0,5.15,0,0,0,handmoter,
249,19.62,-4.65,-10.41,-250.14,-250.14,-133.2,9.8,-1.47,-2.32,52.05,-35.61,0,5.15,0,0,0,handmoter,
250,19.62,-3.94,-0.41,141.9,-0.61,-24.92,8.86,-2.1,-2.05,36.01,-35.81,0,5.16,0,0,0,handmoter,
251,19.62,-4.59,-1.4,250.13,-32.08,79.9,8.5,-2.92,-3.04,21.89,-30.65,0,5.15,0,0,0,handmoter,
252,19.62,-5.1,-4.94,250.13,-64.2,131.63,8.86,-2.26,-3.1,9.92,-18.4,0,5.11,0,0,0,handmoter,
253,19.62,-4.06,4.97,-250.14,2.62,-89.28,9.65,-1.43,-2.63,2.95,-15.96,0,5.15,0,0,0,handmoter,
254,9.15,0.53,1.25,29.77,-20.79,219.34,9.65,-0.67,-2.42,-17.75,-7.32,0,5.16,0,0,0,handmoter,
255,4.88,3.13,0.79,-71.79,59.98,176.65,9.43,-0.34,-2,-29.01,2.56,0,5.1,0,0,0,handmoter,
256,-2.49,4.33,0.4,9.6,-8.64,138.8,10.19,-0.04,-1.6,-10.49,-8.31,0,5.16,0,0,0,handmoter,
257,-4.77,6.5,0.81,10.91,-4.01,86.21,9.8,0.43,-2.01,-6.92,-11.85,0,5.14,0,0,0,handmoter,
258,-7.57,9.64,-0.91,-44.38,11.85,-28.42,9.47,1.57,-2.29,16.3,-15.29,0,5.15,0,0,0,handmoter,
259,-7.76,10.64,-2.2,-26.27,-2.6,-63.06,9.05,1.42,-2.23,25.24,-13.36,0,5.15,0,0,0,handmoter,
260,-1.16,11.31,-3.74,-40.73,32.13,-216.37,9.01,-0.77,-2.51,11.87,0.92,0,5.16,0,0,0,handmoter,
261,1.08,13.12,-6.31,-48.92,42.44,-246.83,9.32,-2.85,-3.52,2.5,-5.89,0,5.12,0,0,0,handmoter,
262,19.62,10.31,-19.62,-29.47,-75.61,-235.18,9.34,-3.45,-1.85,-30.33,20.59,0,5.16,0,0,0,handmoter,
263,19.62,3.2,-17.96,156.47,-29.67,-128.73,10.17,-3.18,-1.68,-42.59,16.07,0,5.16,0,0,0,handmoter,
264,19.62,-1.98,-15.36,250.13,250.13,-250.14,10.4,-3.68,-1.75,-71.44,16.05,0,5.1,0,0,0,handmoter,
265,19.62,-1.59,0.53,-250.14,-191.5,-86.92,9.77,-4.4,-1.85,-109.71,13.4,0,5.15,0,0,0,handmoter,
266,19.62,0.29,-1.23,148.66,30.14,199.92,9.1,-2.21,-1.09,-168.73,37.57,0,5.15,0,0,0,handmoter,
267,12.1,3.55,-3.11,174.4,-102.26,250.13,9.32,-1.28,-0.63,-173.47,40.42,0,5.15,0,0,0,handmoter,
268,14.95,10.16,-5.53,-133.98,14.61,101.6,9.99,-0.5,-0.44,-194.79,44.94,0,5.15,0,0,0,handmoter,
269,8.03,0.04,8.53,-140.33,89.44,167.79,10.1,-0.77,0.14,-195.78,40.15,0,5.12,0,0,0,handmoter,
270,-7.65,5.58,3.55,-184.08,-96.22,170.8,9.59,0.29,1.05,-183.58,28.52,0,5.16,0,0,0,handmoter,
271,-5.32,9.22,0.97,-107.56,61.43,96.9,10,0.36,1.22,-177.66,17.58,0,5.16,0,0,0,handmoter,
272,-5.17,8.67,-7.18,-167.19,101.98,-58.42,9.38,-0.46,1.19,-170.53,10.03,0,5.16,0,0,0,handmoter,
273,-2.48,9.76,-11.64,-250.14,71.49,-118.39,9.51,-0.57,0.38,-170.12,13.58,0,5.15,0,0,0,handmoter,
274,9.14,9.54,-13.18,-243.05,-47.7,-25.17,9,1.14,0.76,-179.23,20.84,0,5.15,0,0,0,handmoter,
275,9.45,7.25,-11.74,-250.14,-7.22,-24.78,9.02,1.71,0.7,-181.92,20.27,0,5.13,0,0,0,handmoter,
276,13.71,3.19,-8.05,33.7,34.66,-102.37,9.01,0.49,0.27,-192.2,23.66,0,5.16,0,0,0,handmoter,
277,16.58,2.33,-10.12,-47.66,107.53,-159.63,8.99,-0.05,0.39,-195.63,25.68,0,5.15,0,0,0,handmoter,
278,19.62,-0.21,-15.37,-250.14,-237.79,54.36,9.57,1.38,1.54,-186,35.82,0,5.13,0,0,0,handmoter,
279,19.62,0.07,-14.41,-250.14,-250.14,138.83,9.72,1.85,2.01,-187.08,35.11,0,5.14,0,0,0,handmoter,
280,19.62,-0.67,-8.34,-193.26,-73.13,220.15,9.49,2.32,2.23,-185.62,30.53,0,5.1,0,0,0,handmoter,
281,19.62,1.53,-15.96,-90.04,-3.92,250.13,9.23,1.1,1.99,-180.6,31.18,0,5.15,0,0,0,handmoter,
282,19.62,1.77,-9.65,-250.14,-124.92,169.12,9.18,0.9,1.82,-175.18,34.94,0,5.16,0,0,0,handmoter,
283,16.71,1.04,-6.72,-193.66,-105.9,250.13,8.39,1.21,2.24,-163.97,35.6,0,5.15,0,0,0,handmoter,
284,14.64,2.1,0.29,-207.63,-20.33,250.13,9.12,0.48,1.9,-164.26,37.01,0,5.16,0,0,0,handmoter,
285,-0.59,5.35,2.18,-213.25,9.64,250.13,11.32,-1.4,1.85,-166.5,31.47,0,5.15,0,0,0,handmoter,
286,-2.15,5.39,1.83,-250.14,-19.8,250.13,10.69,-1.08,2.3,-167.53,17.93,0,5.16,0,0,0,handmoter,
287,-6.27,3.94,-0.12,-136.69,-50.01,170.89,10.52,-1.64,1.43,-160.01,-8.43,0,5.16,0,0,0,handmoter,
288,-6.89,6.65,0.3,-110.51,-25.41,111.56,11.22,-1.55,2.06,-156.61,0.46,0,5.16,0,0,0,handmoter,
289,-7.44,12,-6.37,-160.23,138.49,-65.8,10.5,-0.2,1.01,-112.71,-13.6,0,5.16,0,0,0,handmoter,
290,-9.33,13.23,-11.37,-133.5,129.69,-148.44,10.3,-0.23,0.67,-110.24,-11.13,0,5.16,0,0,0,handmoter,
291,19.62,12.35,-19.62,-149.92,-90.81,-215.24,8.8,-0.85,0.62,-90.48,-17.73,0,5.16,0,0,0,handmoter,
292,19.62,5.08,-19.62,-221.23,73.24,-200.12,9.3,-0.43,0.18,-81.85,-18.81,0,5.15,0,0,0,handmoter,
293,19.62,-2.43,-16.88,71.95,50.27,-0.58,9.22,-0.54,-0.33,-82.33,-21.44,0,5.14,0,0,0,handmoter,
294,19.62,-2.78,-9.89,97.6,-33.83,62.63,8.99,-1.37,-0.41,-87.87,-24.51,0,5.14,0,0,0,handmoter,
295,19.3,-7.06,0.84,-132.52,82.08,142.8,9.25,-0.25,-0.92,-83.88,-9.92,0,5.15,0,0,0,handmoter,
296,13.73,-1.39,0.84,-52.05,-11.96,240.11,9.37,0.04,-1.37,-80.88,-7.85,0,5.15,0,0,0,handmoter,
297,3.11,0.53,2.49,-96.38,-40.66,235.33,9.72,-0.04,-0.51,-81.95,-4.86,0,5.16,0,0,0,handmoter,
298,-1.25,1.91,1.55,-71.89,-65.09,201.9,9.84,-0.29,-0.23,-82.16,-0.67,0,5.12,0,0,0,handmoter,
299,-5.56,6.48,0.82,-4.5,-34.22,17.68,9.91,0.93,-1.09,-30.29,-14.49,0,5.15,0,0,0,handmoter,
300,-4.7,8.84,1.13,40.89,11.61,69.85,10.1,1.15,-1.6,-15.27,-19.5,0,5.14,0,0,0,handmoter,
301,-10.68,11.13,-8.9,-80.75,68.9,-130.21,8.98,-0.51,-1.2,7.37,-27.62,0,5.17,0,0,0,handmoter,
302,-5.05,13.38,-10.17,-59.21,-33.44,-186.39,9.01,-1.82,-2.13,3.68,-20.67,0,5.16,0,0,0,handmoter,
303,15.18,11.15,-16.53,-31.65,-72.31,-155.46,9.58,-2.2,-1.84,0.98,-12.69,0,5.16,0,0,0,handmoter,
304,19.62,5.18,-19.62,-97.45,-35.04,-214.53,9.48,-1.86,-1.34,-0.4,-7.4,0,5.16,0,0,0,handmoter,
305,19.62,-4.67,-12.13,89.94,6.46,-38.87,9.34,-2.23,-2.33,-18.2,-9.56,0,5.16,0,0,0,handmoter,
306,19.62,-8.74,-6.06,212.47,-35.53,76.44,9.08,-2.2,-2.55,-19.74,-8.66,0,5.14,0,0,0,handmoter,
307,19.62,-8.05,-3.14,-54.43,-35.75,66.64,9.14,-1.43,-2.27,-22.99,-1.99,0,5.16,0,0,0,handmoter,
308,19.62,-6.27,-1.39,-85.19,-31.25,90.6,8.9,-1.19,-2.16,-23.37,3.38,0,5.16,0,0,0,handmoter,
309,8.76,1.22,-3.37,-17.53,7.06,161.36,9.48,-1.36,-1.2,-24.81,14.15,0,5.16,0,0,0,handmoter,
310,4.78,0.1,-0.33,-38.49,-8.84,150.92,10.05,-1.34,-1.2,-26.56,11.55,0,5.16,0,0,0,handmoter,
311,-1.88,3.31,0.11,36.94,60.51,106.85,9.85,-0.61,-1.23,-24.6,8.34,0,5.18,0,0,0,handmoter,
312,-3.4,4.27,1.29,42.03,71.97,99.4,10.06,-0.4,-1.16,-14.34,5.79,0,5.16,0,0,0,handmoter,
313,-5.33,9.03,-0.99,-51.4,33.15,-55.5,10.06,-0.61,-1.41,4.48,-1.18,0,5.14,0,0,0,handmoter,
314,-3.57,11.16,-2.61,-43.69,23.39,-91.64,10.15,-0.36,-1.27,13.97,-2.19,0,5.16,0,0,0,handmoter,
315,1.55,13.56,-9.06,-45.8,4.63,-144.52,9.55,-0.21,-1.51,25.63,-1.25,0,5.17,0,0,0,handmoter,
316,6.69,11.12,-12.35,-28.06,15.5,-208.82,9.64,-0.55,-1.36,31.42,-2.16,0,5.16,0,0,0,handmoter,
317,18.43,6.07,-18.78,-2.73,-43.08,-157.35,9.53,-1.3,-1.4,35.81,-0.59,0,5.17,0,0,0,handmoter,
318,19.61,0.73,-15.35,49.42,-19.02,-144.44,9.65,-1.15,-1.54,34.83,0.98,0,5.16,0,0,0,handmoter,
319,19.62,-4.45,-7.73,91.78,35.66,-49.77,9.45,-0.76,-1,42.53,3.26,0,5.17,0,0,0,bunny,
320,19.62,-6.67,1.29,-217.14,-166.32,-57.36,9.32,-0.42,-1.37,50.63,1.79,0,5.14,0,0,0,bunny,
321,14.61,-5.69,-4.9,-9.59,-31.74,54.08,9.12,-0.21,-1.18,68.04,8.61,0,5.15,0,0,0,bunny,
322,10.33,-4.4,-6.13,101.46,-11.78,73.94,9.09,-0.25,-1.1,69.33,12.18,0,5.16,0,0,0,bunny,
323,7.11,-3.57,-6.86,74.73,-6.28,47.12,9.39,0.07,-0.81,69.89,16.66,0,5.11,0,0,0,bunny,
324,-0.95,3.82,-8.39,250.13,127.65,-113.27,9.19,2.18,-0.04,142.44,11.15,0,5.15,0,0,0,bunny,
325,-2.91,2.29,-7.19,250.13,75.09,-89.69,9.81,3.59,1.03,163.92,7.92,0,5.12,0,0,0,bunny,
326,0.17,4.96,-9.71,210.4,91.21,-127.44,10.35,3.01,1.13,184.05,-2.11,0,5.13,0,0,0,bunny,
327,2.59,3.43,-10.18,207.69,77.21,-120.92,11.02,2.82,1.85,211.5,-6.05,0,5.13,0,0,0,bunny,
328,3.02,2.91,-11.32,237.34,79.11,-126.79,10.67,2.3,2.47,229.11,-5.44,0,5.15,0,0,0,bunny,
329,2.76,2.71,-10.96,250.13,43.83,-139.34,10.67,1.71,3.35,245.36,-8.62,0,5.15,0,0,0,bunny,
330,3.53,3.87,-10.51,250.13,-6.49,-177.11,10.64,0.4,3.59,250.13,-13.76,0,5.11,0,0,0,bunny,
331,5.22,7.28,-14.33,216.86,-166.63,-198.96,10.21,-0.09,3.99,250.13,-21.97,0,5.15,0,0,0,bunny,
332,7.51,4.15,-9.6,213.52,-12.12,-151.37,9.75,-3.9,2.8,250.13,-37.96,0,5.15,0,0,0,bunny,
333,7.24,4.28,-10.78,250.13,-9.08,-114.79,9.98,-4.73,2.62,250.13,-43.11,0,5.11,0,0,0,bunny,
334,9.57,6.77,-8.59,225.45,-0.68,-145.17,8.61,-6.07,0.89,215.44,-23.63,0,5.16,0,0,0,bunny,
335,13.16,5.04,-11.25,250.13,68.58,-110.5,8.51,-5.42,1.16,200.78,-30.74,0,5.15,0,0,0,bunny,
336,7.91,4.41,-5.49,125.36,15.67,-95.91,10.07,-2.88,1.37,177.23,-25.66,0,5.15,0,0,0,bunny,
337,6.31,4.22,-2.95,168.66,-33.73,-57.79,9.86,-2.73,0.78,167.16,-26.55,0,5.15,0,0,0,bunny,
338,2,5.82,1.29,165.94,-34.52,-71.07,9.27,-2.41,0.83,157.95,-24.63,0,5.15,0,0,0,bunny,
339,0.22,5.63,2.75,134.55,-76.32,-104.84,9.49,-1.94,1.29,158.23,-22.48,0,5.16,0,0,0,bunny,
340,3.97,11.38,-0.84,39.89,-68.12,-129.21,8.98,-2.51,0.3,148.43,-31.06,0,5.16,0,0,0,bunny,
341,10.98,10.63,-5.41,-18.5,49.05,-165.89,9.31,-3.07,-0.17,143.85,-30.13,0,5.15,0,0,0,bunny,
342,19.62,6.65,-13.02,124.9,69.69,-113.86,9.75,-2.1,-0.13,131.16,-19.14,0,5.16,0,0,0,bunny,
343,19.62,2.88,-12.14,234.15,43.27,-92.91,9.24,-2.27,0.25,118.62,-21.95,0,5.15,0,0,0,bunny,
344,19.62,-4.61,-5.91,92.76,24.39,24.94,9.14,-2.97,-1.08,80.75,-24.77,0,5.16,0,0,0,bunny,
345,19.62,-3.64,-4.66,178.11,44.41,62.92,8.22,-2.43,-1.63,71.15,-14.4,0,5.16,0,0,0,bunny,
346,7.61,-0.42,-1.07,110.47,40.55,167.38,10.5,-0.54,-0.71,60.13,-3.21,0,5.15,0,0,0,bunny,
347,2.67,1.07,-0.13,48.66,22.77,155.9,10.22,-0.25,-0.61,53.85,-6.22,0,5.14,0,0,0,bunny,
348,19.62,4.19,-8.91,250.13,195.3,-106.37,9.63,-0.81,-0.04,134.72,7.89,0,5.16,0,0,0,bunny,
349,16.52,2.02,-6.74,250.13,175.12,-4.5,9.25,-0.27,0.34,138.37,10.66,0,5.15,0,0,0,bunny,
350,12.97,2.22,-2.37,229.04,-9.01,14.76,9.51,-1.11,1.56,152.79,10.87,0,5.12,0,0,0,bunny,
351,8.16,2.84,-0.24,219.11,14.37,60.08,9.81,-1.43,1.35,157.68,9.94,0,5.15,0,0,0,bunny,
352,6.17,0.91,1.63,241.05,76.01,94.26,9.75,-1.6,1.74,163.82,8.76,0,5.15,0,0,0,bunny,
353,5.76,1.84,0.04,216.15,98.9,73.27,9.61,-1.74,1.94,170.21,-0.14,0,5.15,0,0,0,bunny,
354,2.07,1.67,-0.09,40.55,49.82,36.24,9.52,-1.94,2.1,171.9,0.73,0,5.15,0,0,0,bunny,
355,-2.23,1.49,-1.52,165.94,-82.5,-19.27,10.63,-2.72,2.09,181.37,-16.94,0,5.13,0,0,0,bunny,
356,-2.83,2.02,-2.1,172.7,11.32,-61.46,10.19,-2.25,2.26,184.71,-12.78,0,5.15,0,0,0,bunny,
357,-5.93,4.47,-7.08,142.53,93.23,-208.43,9.54,-1.34,1.97,208.13,-26.65,0,5.15,0,0,0,bunny,
358,-4.02,7.06,-8.93,171.35,34.64,-250.14,9.64,-1.55,1.87,203.25,-27.24,0,5.16,0,0,0,bunny,
359,17.89,7.92,-12.66,159.56,-10.67,-202.35,8.89,-1.95,1.56,199.95,-20.4,0,5.16,0,0,0,bunny,
360,19.62,4.6,-13.61,250.13,37.18,-132.72,9.21,-2.09,1.77,193.68,-19.76,0,5.15,0,0,0,bunny,
361,19.62,1.98,-19.62,250.13,-47.44,-209.67,9.3,-2.03,1.64,185.36,-19.34,0,5.13,0,0,0,bunny,
362,19.62,2.73,-11.85,108.12,39.8,-250.14,8.83,-2.09,2.08,174.82,-25.66,0,5.15,0,0,0,bunny,
363,15.35,2.04,-2.92,221.24,-23.65,33.44,9.55,-2.08,0.54,148.27,-18.47,0,5.15,0,0,0,bunny,
364,12.89,2.4,-1.06,160.54,-30.61,37.98,9.94,-1.13,0.38,145.92,-15.78,0,5.14,0,0,0,bunny,
365,5.39,3.23,-0.01,140.98,17.59,61.44,10.46,-1.02,0.52,130.05,-26.24,0,5.13,0,0,0,bunny,
366,3.25,3.54,0.57,129.73,6.07,49.92,9.9,-1.08,0.55,119.89,-20.76,0,5.15,0,0,0,bunny,
367,1.15,4.86,2.57,97.98,9.85,10.23,9.94,-0.87,0.67,117.35,-20.63,0,5.12,0,0,0,bunny,
368,0.4,5.89,2.76,83.97,33.91,-15.49,10.08,-0.85,0.6,114.98,-18.4,0,5.15,0,0,0,bunny,
369,-1.06,9.69,0.56,-6.08,51.25,-103.15,9.32,-0.15,0.28,116.6,-20.18,0,5.16,0,0,0,bunny,
370,-0.56,10.96,-1.66,-39.74,19.5,-142.02,9.11,-0.38,0.11,113.59,-15.37,0,5.14,0,0,0,bunny,
371,14.85,10.55,-8.86,-33.14,-15.21,-147.48,10.13,-0.96,-0.19,111.5,-12.11,0,5.17,0,0,0,bunny,
372,15.45,8.23,-12.24,52.45,49.02,-131.4,10.21,-1.22,0.06,101.73,-12.73,0,5.15,0,0,0,bunny,
373,16.13,4.18,-12.27,118.79,-16.18,-98.34,9.46,-2.31,-0.68,81.53,-15.08,0,5.15,0,0,0,5,
374,19.62,1.94,-10.42,177.49,23.28,-82,9.16,-2.34,-0.41,68.92,-13.47,0,5.16,0,0,0,42,
375,19.62,-1.61,-6.96,34.64,36.31,-19.49,9.48,-1.95,-0.57,42.02,-3.49,0,5.15,0,0,0,49,
376,19.46,-1.73,-4.2,83.39,38.99,24.5,8.82,-1.7,-0.7,35.77,-5.27,0,5.14,0,0,0,31,
377,14.4,0.14,0.47,61.95,31.46,115.08,9.77,-1.65,-0.6,15.47,1.73,0,5.15,0,0,0,9,
378,11.37,1.74,0.45,74.34,52.24,144.59,9.63,-1.53,-0.56,6.46,3.05,0,5.11,0,0,0,57,
379,5.54,3.56,2.2,57.67,40.73,147,9.29,-1.65,-0.52,-10.76,10.95,0,5.16,0,0,0,40,
380,3.51,4.51,2.51,47.69,36.99,134.59,9.15,-1.12,-0.1,-13.82,8.34,0,5.15,0,0,0,21,
381,-1.17,5.66,3.8,-25.58,0.69,65.95,10.26,-0.83,-0.27,-12.73,12.86,0,5.15,0,0,0,29,
382,-2.61,6.41,3.2,-63.63,2.82,29.03,9.74,-0.64,0.06,-7.79,4.53,0,5.1,0,0,0,6,29
383,-2.93,7.72,-0.66,-120.34,-32.27,-53.15,8.67,-0.4,-0.36,-6.14,10,0,5.15,0,0,0,50,
384,0.68,8.46,-3.63,-159.82,-47.05,-79.24,8.88,-0.64,-0.47,-7.35,13.66,0,5.13,0,0,0,bunny,
385,13.81,3.99,-13.66,-107.84,-18.58,-96.55,10.07,-0.78,0.31,-16.91,17.05,0,5.16,0,0,0,bunny,
386,15.87,2.15,-13.47,-57.98,-23.14,-73.03,9.93,-0.43,0.41,-20.72,15.66,0,5.15,0,0,0,bunny,
387,18.55,0.17,-11.54,-87.4,-25.13,-77.29,9.8,-1.48,-0.02,-41.15,18.06,0,5.14,0,0,0,bunny,
388,9.58,-3.4,-8.88,-250.14,-186.97,-12.03,9.74,-1.22,0.38,-45.28,19.53,0,5.15,0,0,0,bunny,
389,11.88,0.71,-3.02,-70.94,-10.14,-5.43,9.43,-0.55,0.48,-51.01,18.37,0,5.15,0,0,0,bunny,
390,11.12,0.01,-2.58,-17.65,-17.05,17.69,9.48,-0.33,0.62,-52.6,18.96,0,5.12,0,0,0,bunny,
391,9.9,0.5,-3.38,-54.71,1.11,39.89,9.46,-0.29,0.76,-55.66,19.42,0,5.16,0,0,0,bunny,
392,9.25,0.75,-3.51,-86.33,-20.26,34.87,9.55,0.21,0.83,-48.77,13,0,5.16,0,0,0,bunny,
393,9.78,0.61,-4.02,-31.73,-23.65,39.89,9.55,0.5,1.03,-48.39,10.99,0,5.16,0,0,0,bunny,
394,9.67,0.72,-4.54,-35.47,1.85,34.77,9.48,0.26,1.08,-44.65,10.31,0,5.16,0,0,0,bunny,
395,8.77,0.68,-4.78,-32.97,8.98,32.37,9.47,0.09,1.26,-41.21,10.1,0,5.15,0,0,0,bunny,
396,8.23,0.89,-5.18,-45.32,2.34,28.19,9.3,0.15,1.11,-36.5,9.64,0,5.11,0,0,0,bunny,
397,8.27,0.8,-5.18,-48.43,-10.69,26.89,9.45,0.24,0.99,-33.75,9.27,0,5.16,0,0,0,bunny,
398,8.56,0.88,-4.84,-23.11,-0.49,22.54,9.95,0.32,1.31,-24.25,2.54,0,5.16,0,0,0,bunny,
399,8.36,0.86,-4.74,-22.42,5.7,22.55,9.71,0.14,1.07,-22.51,2.01,0,5.11,0,0,0,bunny,
400,8.54,0.88,-4.72,-22.44,-1.08,15.5,9.62,0.13,1.08,-21.11,1.4,0,5.1,0,0,0,bunny,
401,8.98,0.9,-4.53,-14.92,-2.91,16.34,9.46,0.23,1.07,-20.18,3.18,0,5.14,0,0,0,bunny,
402,9.36,0.88,-3.79,-13.51,5.99,15.26,9.38,-0.14,1.02,-17.74,5.36,0,5.15,0,0,0,bunny,
403,9.05,1.13,-3.57,-20.19,7,11.71,9.41,-0.25,1.08,-20.03,6.2,0,5.14,0,0,0,bunny,
404,8.5,1.65,-2.56,-18.05,-0.82,9.05,9.45,-0.44,1.12,-22.64,5.27,0,5.14,0,0,0,bunny,
405,8.49,1.94,-2,-22.87,4,6.17,9.49,-0.23,1.26,-24.13,5.53,0,5.14,0,0,0,bunny,
406,8.02,3.25,-0.81,-49.72,-0.39,0.86,9.45,-0.46,1.17,-34.33,4.26,0,5.15,0,0,0,bunny,
407,8.65,3.62,-1.81,-71.56,-16.62,-1.28,9.32,-0.55,1.07,-37.83,6.08,0,5.13,0,0,0,bunny,
408,14.39,3.24,-4.58,-72.84,-13.29,26.18,9.41,-0.45,1.42,-47.04,9.92,0,5.15,0,0,0,bunny,
409,15.48,3.1,-5.02,-59.34,-1.27,43.28,9.47,-0.19,1.44,-56.15,11.96,0,5.14,0,0,0,bunny,
410,16.2,2.55,-4.69,-47.2,-7.11,67.53,9.37,-0.39,1.6,-60.45,13.7,0,5.13,0,0,0,bunny,
411,16.06,1.77,-3.79,-46.85,-5.48,86.79,9.58,-0.41,1.45,-62.66,13.84,0,5.15,0,0,0,bunny,
412,15.88,0.42,-0.04,-80.54,24.06,135.9,9.44,-0.24,1.68,-79.34,19.78,0,5.16,0,0,0,bunny,
413,18.35,0.74,0.54,-82.56,43.73,150.37,9.47,-0.07,1.89,-80.5,19.79,0,5.14,0,0,0,bunny,
414,16.03,1.59,-3.25,-191.2,-2.69,201.6,9.23,0.22,1.92,-73.49,20.22,0,5.15,0,0,0,bunny,
415,15.44,1.52,-3.85,-200.4,-36.88,223.11,9.62,0.26,1.84,-74.38,23.58,0,5.15,0,0,0,bunny,
416,14.59,1.75,-4.06,-204.38,-27.82,226.18,9.36,0.4,2.1,-69.44,24.6,0,5.1,0,0,0,bunny,
417,12.36,2.44,-4.94,-213.84,3.37,244.44,9.47,0.6,2.1,-61.4,22.39,0,5.15,0,0,0,bunny,
418,-6.64,-1.86,-11.63,-130.38,147.94,250.13,9.37,0.39,1.83,-51.61,24.68,0,5.16,0,0,0,bunny,
419,-11.06,-0.79,-13.22,-59.05,206.98,227.15,9.28,-0.03,1.48,-49.6,24.21,0,5.16,0,0,0,bunny,
420,-13.6,0.19,-16.86,29.34,137.13,-170.27,8.78,0.02,1.92,-55.49,24.45,0,5.13,0,0,0,bunny,
421,-3.42,-0.57,-14.62,112.09,10.51,-250.14,8.83,0.27,1.76,-58.43,26.24,0,5.15,0,0,0,bunny,
422,19.62,13.46,8,250.13,244.85,-73.54,9.75,2.45,5.76,4.66,14.69,0,5.16,0,0,0,bunny,
423,19.62,12.78,-19.62,-250.14,154.06,-250.14,10.33,1.15,7.91,-4.95,-12.98,0,5.15,0,0,0,bunny,
424,19.62,3.02,-0.19,-183.18,20.3,179.34,10.55,0.36,4.9,-20.76,-44.02,0,5.11,0,0,0,bunny,
425,19.62,-0.83,3.39,-103.4,250.13,250.13,9.99,-4.31,1.69,-44.5,-36.45,0,5.15,0,0,0,bunny,
426,19.11,1.5,-8.84,-196.42,143.36,250.13,8.73,-3.73,3.52,-38.4,-1.02,0,5.16,0,0,0,bunny,
427,14.06,8.18,-9.11,-61.69,95.62,250.13,9.57,-0.69,1.83,-57.11,22.4,0,5.15,0,0,0,bunny,
428,8.61,8.19,-4.72,-73.01,-2.94,250.13,9.54,0.23,2.05,-30.72,23.81,0,5.12,0,0,0,bunny,
429,-10.78,6,4.58,-63.71,-99.12,250.13,9.15,3.94,2.31,6.24,23.24,0,5.15,0,0,0,bunny,
430,-15.28,3.14,-3.13,-44.3,-146.74,250.13,8.29,3.42,2.66,19.89,17.94,0,5.12,0,0,0,bunny,
431,-14.04,-3.89,-9.57,53.89,-169.92,-15.14,7.8,2.52,2.01,33.13,19.24,0,5.13,0,0,0,bunny,
432,-12.63,-8.67,-6.82,250.13,-129.41,-231.76,7.41,2.02,2.48,31.55,20.4,0,5.16,0,0,0,bunny,
433,-3.65,12.88,8.01,250.13,-250.14,-244.2,8.81,0.4,3.83,123.9,-1.74,0,5.16,0,0,0,bunny,
434,10.44,9.86,17.31,250.13,-250.14,-223.88,9.38,-0.23,5.94,133.89,-11.53,0,5.13,0,0,0,bunny,
435,4.78,7.3,19.62,-250.14,-15.39,250.13,7.93,-6.31,6.13,131.69,-57.31,0,5.15,0,0,0,bunny,
436,-0.19,6.09,13.23,-250.14,-192.31,250.13,7.63,-6.02,3.02,123.21,-68.88,0,5.16,0,0,0,bunny,
437,-2.5,1.72,6.75,-250.14,-250.14,250.13,8.31,-2.64,0.33,187.74,-10.76,0,5.13,0,0,0,bunny,
438,-4.07,-2.24,0.69,-250.14,-43.1,250.13,8.11,-2.08,4.35,111.04,6.27,0,5.15,0,0,0,bunny,
439,-12.23,-2.19,-15.27,-250.14,-250.14,122.34,8.31,-1.42,2.56,114.76,-21.31,0,5.16,0,0,0,bunny,
440,-6.33,-1.69,-19.62,-250.14,-139.21,-0.4,7.93,-1.97,2.78,104.73,-13.21,0,5.15,0,0,0,bunny,
441,3.59,-5.02,-19.62,250.13,250.13,129.64,8.32,-3.68,3.42,86.54,-12.06,0,5.16,0,0,0,bunny,
442,-3.62,-3.93,-16.59,250.13,250.13,23.25,8.12,-4.4,2.53,79.82,-23.56,0,5.13,0,0,0,bunny,
443,3.44,16.41,11.26,250.13,-34.52,-87.15,9.63,-1.46,4.48,66.37,10.89,0,5.16,0,0,0,bunny,
444,9.22,18.43,18.2,250.13,8.58,-250.14,10.08,-3.03,5.15,59.47,3.6,0,5.14,0,0,0,bunny,
445,7.88,9.62,19.62,-188.24,-50.79,250.13,8.19,-4.84,2.79,26.24,-29.48,0,5.16,0,0,0,bunny,
446,3.88,5.82,18.25,-250.14,-250.14,250.13,6.68,-2.71,0.77,41.66,-16.85,0,5.15,0,0,0,bunny,
447,3.72,0.73,5.62,-250.14,-250.14,250.13,8.02,-1.75,2.74,10.82,2.79,0,5.16,0,0,0,bunny,
448,1.92,-3.31,1.54,-250.14,-239.22,250.13,9.2,-1.76,2.99,6.95,-7.96,0,5.14,0,0,0,bunny,
449,-3.62,-1.81,0.76,-250.14,-34.74,250.13,9.28,-2.31,1.83,-14.54,3.23,0,5.15,0,0,0,bunny,
450,-18.31,-3.22,-7.64,-250.14,-209.53,250.13,8.66,-1.91,1.83,-24.52,9.56,0,5.16,0,0,0,bunny,
451,-8.44,-14.09,-6.41,-141.3,28.61,250.13,8.37,-2.42,2.28,-36.52,12.72,0,5.12,0,0,0,bunny,
452,-4,-19.62,-14.8,77.94,57.79,34.42,8.73,-2.95,2.96,-51.04,11.67,0,5.15,0,0,0,bunny,
453,5.28,-16.06,-5.47,250.13,250.13,-216.25,9.01,-3.73,2.05,-50.32,4.18,0,5.16,0,0,0,bunny,
454,-13.13,11.04,1.48,250.13,250.13,-193.43,7.7,-2.16,3.29,-71.4,29.19,0,5.16,0,0,0,bunny,
455,-16.36,16.38,11.37,250.13,109.89,-129.91,8.48,-2.23,3.61,-75.15,23.57,0,5.15,0,0,0,bunny,
456,10.57,14.52,19.62,204.33,-142.77,-166.5,8.67,-4.94,4.91,-97.47,11.62,0,5.16,0,0,0,bunny,
457,10.63,14.47,19.62,-250.14,-21.01,27.35,7.49,-2.95,3.14,-101.82,-1.22,0,5.14,0,0,0,bunny,
458,8.07,2.23,8.6,-250.14,157.85,69.35,8.05,-2.46,6.09,-141.73,7.84,0,5.15,0,0,0,bunny,
459,7.62,-2.63,5.6,-250.14,241.15,-53.06,8.81,-1.72,4.6,-152.14,1.11,0,5.15,0,0,0,bunny,
460,6.27,-6.89,4.7,-250.14,183.98,45.91,8.56,-2.93,4.8,-162.31,29.33,0,5.12,0,0,0,bunny,
461,9.79,-8.88,3.2,-250.14,201.91,18.18,8.52,-4.57,6.05,-173.58,21.18,0,5.16,0,0,0,bunny,
462,1.78,-12.93,-6.66,-250.14,250.13,102.04,7.06,-2.1,6.59,-206.63,25.17,0,5.16,0,0,0,bunny,
463,0.81,-11.32,-8.38,-171.91,233.39,128.89,7.33,-1.5,5.94,-217.66,24.64,0,5.16,0,0,0,bunny,
464,1.51,-8.65,-8.03,-172.02,250.13,194.68,7.45,-0.94,5.86,-217.04,24.33,0,5.13,0,0,0,bunny,
465,-1.71,-9.33,-8.54,-106.69,250.13,138.74,7.57,-0.55,6.49,-212.85,29.59,0,5.16,0,0,0,bunny,
466,-5.66,-8.48,-8.25,167.87,250.13,-85.92,7.71,1.44,5.66,-198.18,21.47,0,5.16,0,0,0,bunny,
467,-5.04,-11.33,-8.32,250.13,250.13,-250.14,7.81,1.66,6.37,-186.81,23.48,0,5.14,0,0,0,bunny,
468,-2.28,0.43,-3.2,250.13,155.67,-250.14,7.61,1.03,4.73,-151.74,21.15,0,5.15,0,0,0,bunny,
469,-0.86,6.58,-0.25,250.13,95.13,-250.14,7.77,0.76,5.03,-143.37,22,0,5.16,0,0,0,bunny,
470,17.34,12.41,9.75,250.13,8.06,-250.14,9.32,0.47,5.62,-130.13,23.86,0,5.15,0,0,0,bunny,
471,19.62,19.62,14.27,147.9,-66.91,-243.85,9.67,0.9,5.62,-116.31,18.53,0,5.16,0,0,0,bunny,
472,13.41,0.86,11.27,-231.08,88.78,192.76,7.84,0.4,3.97,-89.54,-6.75,0,5.14,0,0,0,bunny,
473,10.36,-2.17,6.49,-250.14,54.1,199.45,8.04,-0.23,3.7,-80.97,-6.11,0,5.15,0,0,0,bunny,
474,4.54,-6.83,-2.25,-250.14,88.21,157.04,9.21,-0.6,3.29,-66.05,2.24,0,5.16,0,0,0,bunny,
475,4.79,-7.01,-2.99,-250.14,43.4,165.37,8.84,-0.37,3.06,-60.68,5.84,0,5.14,0,0,0,bunny,
476,-3.99,-3.32,-9.12,-250.14,-137.76,250.13,7.98,0,2.69,-37.21,6.6,0,5.16,0,0,0,bunny,
477,-5.36,-1.21,-7.08,-250.14,-65.11,250.13,8.21,-0.28,2.9,-38.46,8.34,0,5.15,0,0,0,bunny,
478,-5.63,-14.18,-17.12,29.29,250.13,-124.33,9.52,-0.86,3.18,-28.37,12.86,0,5.15,0,0,0,bunny,
479,-4.97,-12.13,-17.04,-35.63,250.13,-250.14,8.85,-0.39,2.83,-25.97,15.44,0,5.16,0,0,0,tapshoulder,
480,2.66,-16.71,-19,250.13,250.13,-174.34,8.48,-0.5,3.49,-25.14,13.21,0,5.11,0,0,0,tapshoulder,
481,-0.64,-9.55,-6.78,250.13,149.04,-243.31,8.66,-0.9,4.08,-17.77,11.1,0,5.1,0,0,0,tapshoulder,
482,-1.46,13.02,-6.49,250.13,52.34,-250.14,8.76,-1.37,4.56,-13.06,5.4,0,5.17,0,0,0,tapshoulder,
483,17.53,10.49,19.62,250.13,-1.08,-250.14,9.87,-1.38,5.94,-11.12,-5.5,0,5.15,0,0,0,tapshoulder,
484,18.36,18.95,14.37,34.44,-45.23,-58.69,9.39,-0.52,3.77,-3.56,-9.85,0,5.15,0,0,0,tapshoulder,
485,11.6,-1.77,8.17,-250.14,18.52,250.13,8.15,-1.2,3.37,7.58,-18.76,0,5.16,0,0,0,tapshoulder,
486,5.05,-3.57,4.46,-250.14,119.77,217.74,8.76,-1.7,3.61,12.58,-18.2,0,5.13,0,0,0,tapshoulder,
487,3.09,-8.99,-1.45,-250.14,76.66,104.57,9.18,-2.15,3.09,15.78,-12.75,0,5.16,0,0,0,tapshoulder,
488,1.33,-8.7,-4.01,-250.14,-127.55,67.46,8.96,-1.52,3.14,16.83,-10.81,0,5.15,0,0,0,tapshoulder,
489,-1.71,-7.73,-8.39,-250.14,-193.74,171,8.49,-1.32,2.52,26.59,-9.44,0,5.12,0,0,0,tapshoulder,
490,-2.57,-5.9,-8.41,-250.14,-156.59,199.5,8.47,-1.18,2.22,26.54,-6.79,0,5.1,0,0,0,tapshoulder,
491,-3.32,-11.01,-11.82,-20.21,201.81,104,9.03,-1.43,2.87,29.56,-4.83,0,5.15,0,0,0,tapshoulder,
492,-0.78,-12.93,-17.06,34.15,250.13,-102.31,8.57,-1.29,2.7,34.26,-3.63,0,5.14,0,0,0,tapshoulder,
493,2.11,-9.98,-15.86,121.92,250.13,-250.14,8.52,-0.95,2.29,44.51,0.15,0,5.15,0,0,0,tapshoulder,
494,3.87,-6.58,-12.4,207.69,250.13,-250.14,8.88,-0.86,2.87,47.45,1.11,0,5.12,0,0,0,tapshoulder,
495,7.15,15.91,19.62,250.13,-198.66,-153.21,9.35,-0.68,4.47,49.66,5.5,0,5.15,0,0,0,tapshoulder,
496,19.62,17.79,3.77,250.13,87.87,-212.97,9.34,0.23,4.48,65.44,-0.09,0,5.12,0,0,0,tapshoulder,
497,12.95,3.21,12.62,-250.14,-214.98,250.13,8.32,0.24,4.26,84.55,-19.25,0,5.16,0,0,0,tapshoulder,
498,16.71,-2.34,11.05,-250.14,-245.6,250.13,8.23,-0.17,4.46,91.92,-22.71,0,5.13,0,0,0,tapshoulder,
499,9.16,-9.46,1.36,-250.14,-250.14,147.37,8.75,-0.03,4.18,136.58,-21.5,0,5.13,0,0,0,tapshoulder,
500,9.18,-9.26,1.31,-250.14,-106.91,213.51,8.45,0.37,4.43,142.46,-8.09,0,5.15,0,0,0,tapshoulder,
501,4.62,-12.29,3.35,-50.97,-250.14,250.13,8.3,0.97,5.64,172.39,-17.61,0,5.16,0,0,0,tapshoulder,
502,6.56,-7.63,-6.17,-94.19,-250.14,250.13,8.22,-0.13,5.81,178.19,-27.6,0,5.1,0,0,0,tapshoulder,
503,2.74,-5.46,-6.48,-60.61,-250.14,250.13,7.85,-0.95,5.15,186.38,-24.65,0,5.15,0,0,0,tapshoulder,
504,-0.77,-6.35,-3.64,-168.15,-250.14,168.85,7.83,-1.35,5.66,188.59,-12.3,0,5.15,0,0,0,tapshoulder,
505,-1.15,-7.71,-4.7,-232.15,-250.14,81.53,8.08,-1.55,5.83,188.34,-15.83,0,5.16,0,0,0,tapshoulder,
506,-0.48,-7.45,-7.13,8.65,-196.05,-12.52,8.08,-1.78,5.1,187.46,-17.81,0,5.15,0,0,0,tapshoulder,
507,0.13,-7.07,-7.11,95.82,-164.73,1,8.22,-1.28,5.09,190.83,-23.95,0,5.13,0,0,0,tapshoulder,
508,12.25,-16.35,-9,210.22,160.51,-234.5,9.16,-0.29,3.77,99.24,-8.42,0,5.15,0,0,0,tapshoulder,
509,8.33,-14.04,-4.44,250.13,156.21,-250.14,9.01,0.25,3.95,113.69,-10.95,0,5.15,0,0,0,tapshoulder,
510,6.55,4.68,4.21,250.13,-250.14,21.8,8.84,-0.34,4.62,107.55,-10.94,0,5.15,0,0,0,tapshoulder,
511,14.92,6.35,-0.15,250.13,-250.14,-10.92,9.38,-0.51,4.8,120.16,-13.29,0,5.15,0,0,0,tapshoulder,
512,19.62,10.31,3.61,-85.81,-145.52,250.13,8.56,0.02,5.2,151.71,-25.44,0,5.13,0,0,0,tapshoulder,
513,17.03,3.12,6.66,-202.57,-44.08,250.13,7.86,-0.12,5.19,153.14,-28.87,0,5.16,0,0,0,tapshoulder,
514,8.85,-7.91,5.83,53.57,-202.89,250.13,7.8,-1.19,5.38,165.5,-33.41,0,5.14,0,0,0,tapshoulder,
515,6.84,-6.1,4.84,-7.37,-250.14,250.13,8.14,-1.97,5.09,168.85,-28.75,0,5.14,0,0,0,tapshoulder,
516,7.2,-7.44,5.14,-58.24,-235.59,250.13,8.24,-1.19,5.78,174.19,-22.09,0,5.15,0,0,0,tapshoulder,
517,5.02,-8.31,4.87,-66.85,-199.11,250.13,8.24,-2.06,5.89,178.83,-32.02,0,5.13,0,0,0,tapshoulder,
518,3.51,-7.49,4.62,-82.83,-137.78,250.13,8.25,-2.4,4.87,180.76,-38.78,0,5.11,0,0,0,tapshoulder,
519,2.5,-8.44,3.72,-143.08,-128.33,250.13,8.55,-2.01,4.73,179.6,-23.02,0,5.15,0,0,0,tapshoulder,
520,1.15,-9.34,1.92,-136.7,-139.29,201.76,8.59,-1.58,5.36,176.77,-22.9,0,5.15,0,0,0,tapshoulder,
521,-1.48,-8.66,-1.02,-49.4,-203.38,103.51,8.15,-2.3,2.22,153.89,-32.94,0,5.16,0,0,0,tapshoulder,
522,-2.56,-7.58,-3.31,-46.43,-211.34,82.83,7.43,-2.51,3.25,157.5,-26.28,0,5.15,0,0,0,tapshoulder,
523,-0.8,-12.76,-4.5,149.56,-51.93,-157.68,8.38,-1.95,3.27,139.7,-17.5,0,5.15,0,0,0,tapshoulder,
524,2.28,-14.61,-2.51,247.4,51.77,-250.14,8.19,-1.85,3.01,131.58,-13.63,0,5.16,0,0,0,tapshoulder,
525,3.34,-4.74,-5.36,250.13,28.4,-250.14,8.34,-2.43,3.11,119.53,-13.8,0,5.13,0,0,0,tapshoulder,
526,0.81,-1.79,-0.85,250.13,142.96,-113.38,8.45,-2.03,3.05,112.48,-8.78,0,5.15,0,0,0,tapshoulder,
527,4.48,19.62,2.15,250.13,41.27,-219.42,10.24,-1.52,4.21,95.46,-4.33,0,5.16,0,0,0,tapshoulder,
528,8.88,18.81,19.62,-31.31,-62.16,-76.72,9.87,-1.53,3.86,97.56,-18.67,0,5.11,0,0,0,tapshoulder,
529,3.89,8.26,14.68,-250.14,-156.28,250.13,8.72,-2.49,2.78,75.65,-16.49,0,5.16,0,0,0,tapshoulder,
530,3.37,6.17,9.66,-250.14,-250.14,250.13,8.89,-1.83,2.27,70.4,-12.31,0,5.14,0,0,0,tapshoulder,
531,4.35,-0.77,7.58,-250.14,-202.82,194.5,9.5,-1.27,2.28,63.13,-8.73,0,5.11,0,0,0,tapshoulder,
532,3.89,-3.31,5.19,-250.14,-162.76,204.02,9.67,-0.84,2.19,55.98,-0.89,0,5.1,0,0,0,tapshoulder,
533,-0.17,-5.4,2.03,-73.98,-137.19,221,8.94,-0.54,2.11,49.93,-6.44,0,5.16,0,0,0,tapshoulder,
534,-1.18,-5.07,-0.36,-150.73,-33.41,231.71,8.8,-0.6,1.96,42.16,-2.85,0,5.14,0,0,0,tapshoulder,
535,-4.28,-9.18,-1.55,-146.7,-14.85,205.04,8.96,-0.7,1.87,36.89,-0.76,0,5.15,0,0,0,tapshoulder,
536,-5.78,-9.23,-4.3,-121.27,9.79,97.69,8.94,-0.8,2.11,31.89,0.4,0,5.14,0,0,0,tapshoulder,
537,-4.24,-13.52,-4.16,250.13,57.54,-163.95,9.2,-1.04,2.17,18.17,-1.21,0,5.15,0,0,0,tapshoulder,
538,-6.61,-11.79,-2.74,250.13,-76.34,-169.89,9.16,-0.73,2.07,16.59,-0.69,0,5.14,0,0,0,tapshoulder,
539,-1.74,8.97,0.66,250.13,-36.57,-250.14,9.17,-0.73,2.68,4.53,6.87,0,5.15,0,0,0,tapshoulder,
540,-3.34,14.37,-11.89,250.13,7.83,-250.14,9.76,-1.29,2.92,-0.38,6.7,0,5.15,0,0,0,tapshoulder,
541,10.46,17,8.01,250.13,74.72,-250.14,9.65,-2.21,3.79,-16.41,-3.76,0,5.14,0,0,0,tapshoulder,
542,5.39,14.92,13.98,134.3,-205.2,-144.27,8.88,-2.45,2.3,-15.53,-8.79,0,5.11,0,0,0,tapshoulder,
543,0.56,16.51,4.48,-51.91,-250.14,250.13,8.57,-0.82,2.19,-16.8,6.53,0,5.16,0,0,0,tapshoulder,
544,8.66,12.49,4.36,-227.21,-135.28,250.13,9.14,0.04,2.49,-20.4,3.5,0,5.15,0,0,0,tapshoulder,
545,8.48,1.02,7.33,85.63,-250.14,236.24,9.42,-0.39,2.5,-46.32,-1.02,0,5.15,0,0,0,tapshoulder,
546,13.83,1.5,7.09,128.31,-221.32,147.76,8.68,-0.79,2.34,-51.18,-2.85,0,5.14,0,0,0,tapshoulder,
547,9.87,-0.97,7.57,-131.83,35.08,49.18,9.05,-0.71,2.46,-46.76,7.24,0,5.15,0,0,0,tapshoulder,
548,8.8,-2.36,6.49,-189.87,9.76,59.15,9.01,-0.78,2.65,-46.07,6.58,0,5.15,0,0,0,tapshoulder,
549,8.22,-3.94,5.91,-213.76,-24.87,60.82,9.14,0,3.17,-48.5,5.3,0,5.1,0,0,0,tapshoulder,
550,8.82,-4.78,5,-191.98,-37.63,55.88,9.23,-0.16,2.71,-45.65,-1.6,0,5.14,0,0,0,tapshoulder,
551,9.5,-5.13,3.32,-182.1,-60.24,59.06,9.31,-0.13,2.34,-46.67,2.66,0,5.14,0,0,0,tapshoulder,
552,8.47,-7.81,0.73,-96.74,-39.59,44.02,9.46,-0.05,2.51,-44.19,-0.95,0,5.15,0,0,0,tapshoulder,
553,8.7,-8.44,0,-33.48,-44.72,45.04,9.15,-0.17,2.46,-45.46,-0.46,0,5.14,0,0,0,tapshoulder,
554,16.13,0.33,-8.13,-175.99,-205.72,-71.11,9.05,-0.31,2.19,-46.14,-0.47,0,5.15,0,0,0,tapshoulder,
555,14.51,-9.93,-1.1,15.31,226.36,-11.63,9.23,-0.05,2.22,-50.28,1.95,0,5.13,0,0,0,tapshoulder,
556,8.45,-7.95,2.38,-74.82,42.83,42.08,8.84,0.2,2.45,-47.98,5.37,0,5.09,0,0,0,tapshoulder,
557,8.01,-7.42,1.17,-164.51,-19.53,60.92,9.2,0.3,2.39,-49.87,4.82,0,5.13,0,0,0,tapshoulder,
558,11.9,-6.01,0.47,140.87,225.26,-0.05,9.22,0.03,2.7,-52.93,1.42,0,5.16,0,0,0,tapshoulder,
559,10.07,-5.06,0.43,47.05,125.38,26.55,9.24,0.01,2.59,-53.76,0.37,0,5.14,0,0,0,tapshoulder,
560,7.07,-5.21,0.36,138.67,146.36,14.38,8.97,-0.24,2.51,-57.32,-3.35,0,5.14,0,0,0,tapshoulder,
561,4.87,-5.64,1.85,193.66,155.48,11.99,8.99,0,2.74,-62.44,-1.13,0,5.15,0,0,0,tapshoulder,
562,0.98,-5.5,3.78,243.53,135.17,-53.36,9.33,0,2.56,-69.17,3.59,0,5.14,0,0,0,tapshoulder,
563,-2.09,-5.94,6.18,250.13,123.16,-103.51,9.25,0.05,2.62,-72.57,4.23,0,5.13,0,0,0,tapshoulder,
564,0.51,1.52,10.85,185.45,-39.63,-250.14,9.19,-0.23,2.66,-82.04,8.38,0,5.15,0,0,0,tapshoulder,
565,4.62,11.75,15.56,72.22,-46.47,-250.14,9.14,-0.43,2.47,-83.37,7.37,0,5.13,0,0,0,tapshoulder,
566,3.47,2.41,10.53,-95.02,120.43,-39.4,9.21,-0.22,2.81,-81.8,12.04,0,5.15,0,0,0,tapshoulder,
567,3.53,2.22,8.48,-197.11,-53.52,-17.24,9.31,-0.15,2.66,-84.1,10.56,0,5.15,0,0,0,tapshoulder,
568,5.05,1.07,9.47,-169.28,-37.96,-26.72,9.2,-0.38,2.86,-85.14,15.54,0,5.1,0,0,0,tapshoulder,
569,5.33,0.07,10.25,-214.08,-11.4,-21.47,8.73,-0.49,2.83,-81.2,15.25,0,5.15,0,0,0,tapshoulder,
570,4.26,-9.1,1.81,-250.14,41.09,26.99,9.47,-0.1,3.15,-70.29,3.54,0,5.15,0,0,0,tapshoulder,
571,2.53,-9.71,3.42,-155.92,-2.79,11.79,9.16,0.35,3.1,-64.52,4.79,0,5.16,0,0,0,tapshoulder,
572,4.48,-7.96,6.49,98.24,-2.59,-104.92,8.87,0.12,2.78,-27.08,1.2,0,5.14,0,0,0,tapshoulder,
573,3.8,-7.27,7.67,116.79,-22.51,-91.05,8.86,0,2.8,-20.76,0.36,0,5.14,0,0,0,tapshoulder,
574,4.56,-5.83,8.62,147.82,-7.86,-82.44,8.95,-0.02,2.85,-17.44,0.01,0,5.15,0,0,0,tapshoulder,
575,5.19,-1.8,8.81,139.5,-5.73,-94.6,8.91,-0.31,2.81,-13.89,-0.54,0,5.13,0,0,0,tapshoulder,
576,7.22,1.53,9.3,96.3,-3.49,-114.6,9.13,-0.49,2.74,-15.56,-0.2,0,5.14,0,0,0,tapshoulder,
577,8.97,3,12.17,52.86,0.82,-145.21,9.09,-0.82,2.51,-14.65,-0.98,0,5.12,0,0,0,tapshoulder,
578,7.18,4.31,12.58,16.4,-26.17,-114.76,8.99,-1.23,2.18,-8.93,3.15,0,5.15,0,0,0,tapshoulder,
579,7.51,3.76,15.74,-116.58,-68.6,-44.02,8.9,-0.73,2.51,-3.79,3.99,0,5.11,0,0,0,tapshoulder,
580,7.53,5.07,15.84,-250.14,-126.74,40.18,9.05,-0.49,2.66,-2.78,4.13,0,5.14,0,0,0,tapshoulder,
581,3.14,-1.31,10.61,-250.14,-17.9,112,9.24,-2.14,3.45,-0.47,-4.79,0,5.14,0,0,0,tapshoulder,
582,2.01,-1.12,9.22,-250.14,189.2,7.4,8.9,-2.69,2.07,-2.47,-7.39,0,5.15,0,0,0,tapshoulder,
583,2.76,-8.54,-0.64,-250.14,-123.4,125.78,9.87,-0.52,3.09,8.73,8.58,0,5.12,0,0,0,tapshoulder,
584,5.67,-3,-6.82,-250.14,2.34,74.36,9.56,0.38,3.34,16.64,2.65,0,5.1,0,0,0,tapshoulder,
585,10.65,-14.01,-18.48,0.49,250.13,-203.15,9.06,0.01,3.49,26.56,-1.42,0,5.14,0,0,0,tapshoulder,
586,8.86,-14.03,-19.62,102.43,207.71,-246.55,9.52,0.36,3.37,33.57,-1.76,0,5.14,0,0,0,tapshoulder,
587,-6.29,-0.84,-19.16,250.13,-126.32,-64.05,8.45,0.02,2.8,16.66,-3.55,0,5.15,0,0,0,tapshoulder,
588,4.93,10.19,-4.27,250.13,-118.01,-248.36,8.23,-1.05,2.98,11.89,-12.82,0,5.12,0,0,0,tapshoulder,
589,10.08,19.62,19.62,250.13,-180.75,-79.19,9.3,-0.75,1.67,30.57,3.7,0,5.15,0,0,0,tapshoulder,
590,19.62,19.62,19.62,-250.14,-250.14,247.69,8.61,-0.32,2.44,29.44,7.65,0,5.13,0,0,0,tapshoulder,
591,6.18,15.53,6.18,-250.14,157.95,250.13,9.34,-0.67,3.42,33.93,-8.86,0,5.15,0,0,0,tapshoulder,
592,-0.2,11.01,1.95,-250.14,-43.08,250.13,9.13,-2.09,3.4,25.47,-14.1,0,5.15,0,0,0,tapshoulder,
593,-1.49,-3.4,-7.78,-250.14,28.89,250.13,9.2,-4.38,3.5,24.95,1.47,0,5.15,0,0,0,tapshoulder,
594,-4.39,-5.7,-12.43,-250.14,-12.14,250.13,8.41,-3.17,3.36,22.04,-11.31,0,5.14,0,0,0,tapshoulder,
595,-5.77,-16.82,-19.62,172.25,171.08,66.24,9.2,-0.88,3.22,32.2,-1.18,0,5.15,0,0,0,tapshoulder,
596,-2.6,-15.35,-19.62,226.79,92.43,-43.57,9.06,-0.34,3.09,27.11,-1.85,0,5.14,0,0,0,tapshoulder,
597,-4.59,-11.49,-10.15,250.13,45.25,-199.31,8.65,-1.16,2.75,20.46,-2.76,0,5.15,0,0,0,tapshoulder,
598,-4.11,-7.56,-4.95,250.13,-68.15,-212.82,9.13,-2.14,2.56,11.34,-3.07,0,5.15,0,0,0,tapshoulder,
599,0.96,3.29,6.86,250.13,-124.06,-250.14,9.11,-1.87,2.6,2.4,11.2,0,5.16,0,0,0,tapshoulder,
600,7.8,7.29,11.86,250.13,-53.56,-250.14,9.65,-1.01,1.93,1.47,4.78,0,5.16,0,0,0,tapshoulder,
601,19.62,14.73,18.94,-101.92,-250.14,250.13,7.84,-2.64,1.99,-12.91,2.86,0,5.16,0,0,0,tapshoulder,
602,13.84,13.62,11.72,-90.64,9.54,250.13,8.62,-2.57,2.36,-16.62,9.82,0,5.15,0,0,0,tapshoulder,
603,9.97,7.53,9.99,-81.61,250.13,193.26,9.3,-2.23,2.85,-5.82,11.75,0,5.11,0,0,0,tapshoulder,
604,5.06,4.03,7.69,-135.11,250.13,186.28,9.47,-1.72,3.13,-7.99,4.63,0,5.16,0,0,0,tapshoulder,
605,4.37,-6.16,-11.77,-250.14,250.13,4.97,9.27,-0.76,3.54,-1.34,-1.66,0,5.15,0,0,0,tapshoulder,
606,7.37,-11.05,-9.99,-162.93,117.55,-137.9,8.65,-1.27,2.71,-1.91,-5.63,0,5.15,0,0,0,tapshoulder,
607,5.99,-5.75,-3.69,250.13,45.61,-201.03,8.66,-2.88,1.99,2.84,-12.08,0,5.16,0,0,0,tapshoulder,
608,10.43,-3.91,-1.28,250.13,-68.05,-215.31,8.5,-2.5,2.43,-1.89,-4.34,0,5.13,0,0,0,tapshoulder,
609,12.66,1.86,2.75,250.13,94.11,-51.06,8.84,-1.48,2.53,-7.91,-4.74,0,5.16,0,0,0,tapshoulder,
610,10.1,4.05,5.75,250.13,-52.76,-21.54,8.97,-1.32,2.51,-10.13,-2.32,0,5.13,0,0,0,tapshoulder,
611,13.12,8.42,13.71,-74.79,-137.71,103.37,9.13,-0.37,2.45,-17.85,7.27,0,5.15,0,0,0,tapshoulder,
612,13.41,9.73,12.5,-68.45,122.41,140.96,9.61,0.1,2.84,-19.33,-0.4,0,5.16,0,0,0,tapshoulder,
613,9.06,1.87,6.4,-250.14,110.08,205.27,9.65,-0.35,2.59,-26.1,3.24,0,5.15,0,0,0,tapshoulder,
614,7.76,-2.1,3.23,-250.14,154.09,204.92,9.6,-0.05,2.74,-28.15,7.09,0,5.16,0,0,0,tapshoulder,
615,4.9,-6.42,-2.76,-250.14,188.01,202.37,9.3,0.77,2.58,-29.79,11.88,0,5.09,0,0,0,tapshoulder,
616,-0.03,-8.87,-9.06,-250.14,163.91,211.92,9,0.52,2.94,-32.5,9.18,0,5.16,0,0,0,tapshoulder,
617,1.94,-11.39,-19.62,-250.14,250.13,151.41,8.65,1.23,2.76,-32.38,5.32,0,5.15,0,0,0,tapshoulder,
618,1.42,-15.19,-12.59,250.13,51.47,-88.51,9.03,0.29,2.8,-34.38,-2.64,0,5.15,0,0,0,tapshoulder,
619,-4.19,-2.87,-16.83,250.13,-115.79,-206.15,8.99,-0.04,2.01,-50.75,3.96,0,5.16,0,0,0,tapshoulder,
620,6.4,18.53,7.63,250.13,-250.14,-250.14,9.16,-0.64,2.16,-59.65,0.38,0,5.16,0,0,0,tapshoulder,
621,17.39,19.62,19.62,250.13,-191.75,-250.14,8.92,-1.04,2.14,-68.46,13.46,0,5.15,0,0,0,tapshoulder,
622,19.62,19.62,19.62,-139.88,-12.54,13.5,8.71,-1.24,2.78,-69.6,9.82,0,5.11,0,0,0,tapshoulder,
623,6.72,19.62,16.31,-250.14,-80.85,223.32,8.97,-2.08,2.62,-76.86,4.15,0,5.15,0,0,0,tapshoulder,
624,1.47,-0.31,-1.33,-250.14,198.25,250.13,8.61,-0.59,3.28,-68.85,7.01,0,5.15,0,0,0,tapshoulder,
625,-2.5,-7.83,-5.93,-250.14,191.37,250.13,8.42,-1.54,2.76,-63.79,-0.39,0,5.13,0,0,0,tapshoulder,
626,-7.08,-8.15,-19.62,-250.14,102.92,250.13,9.29,0.82,3.86,-61.14,22.52,0,5.15,0,0,0,tapshoulder,
627,-4.91,-19.62,-19.62,-250.14,-21.21,124.75,9.71,2.09,4.43,-60.26,10.79,0,5.13,0,0,0,tapshoulder,
628,-0.79,-13.28,-11.6,250.13,8.28,-146.5,9.13,1.09,2.78,-57.37,2.9,0,5.15,0,0,0,tapshoulder,
629,-0.11,-10.93,-8.53,250.13,19.53,-250.14,8.67,0.91,3.32,-58.96,-0.4,0,5.16,0,0,0,tapshoulder,
630,-0.76,6.11,1.08,250.13,13.62,-250.14,8.9,-1.43,2.32,-47.63,3.3,0,5.16,0,0,0,tapshoulder,
631,2.16,11.08,8.91,250.13,-131.25,-250.14,9,-0.59,2.6,-44.46,8.77,0,5.15,0,0,0,tapshoulder,
632,7.78,19.36,17.15,250.13,-233.24,-250.14,9.07,-0.62,2.59,-42.67,11.92,0,5.12,0,0,0,tapshoulder,
633,8.1,19.62,19.62,169.1,-250.14,-250.14,8.77,-0.8,2.51,-36.55,10.34,0,5.16,0,0,0,tapshoulder,
634,6.26,7.31,5.82,-250.14,162.02,250.13,8.95,-1.09,2.43,-11.31,5.92,0,5.16,0,0,0,tapshoulder,
635,0.79,2.75,4.04,-250.14,250.13,250.13,8.66,-1.48,2.06,-10.14,6.34,0,5.16,0,0,0,tapshoulder,
636,-5.4,-1.01,-4.6,-250.14,111.17,250.13,8.66,-1.05,2.94,-7.38,10.36,0,5.14,0,0,0,tapshoulder,
637,-7.59,9.27,-12.15,-250.14,125,250.13,8.71,-1.64,2.75,-3.34,7.8,0,5.16,0,0,0,tapshoulder,
638,-2.65,-12.57,-19.62,60.72,206.6,-112.89,9.4,0.03,3.47,22.15,7.33,0,5.16,0,0,0,tapshoulder,
639,-5.73,-7.98,-19.62,250.13,250.13,-177.8,9.49,1.2,4.02,25.87,1.73,0,5.12,0,0,0,tapshoulder,
640,3.39,-9.8,-18.11,250.13,-250.14,250.13,9.24,-2.68,2.84,7.79,-27.18,0,5.16,0,0,0,rocket,
641,7.22,2.06,-15.15,250.13,-250.14,-46.62,9.01,-3.99,1.71,5.09,-13.73,0,5.16,0,0,0,rocket,
642,-0.07,-3.06,1.2,250.13,-142.76,-43.49,9.26,-2.94,2.04,5.33,4.67,0,5.11,0,0,0,rocket,
643,-2.6,1.72,-2.27,250.13,-167.4,-77.06,8.78,-1.97,2.07,7.04,4.2,0,5.16,0,0,0,rocket,
644,10.86,19.62,19.33,250.13,-180.95,-245.32,9.16,-1.06,2.87,15.69,0.37,0,5.16,0,0,0,rocket,
645,19.62,19.62,19.62,-250.14,-250.14,31.94,8.63,-1.45,2.48,19.42,-0.56,0,5.17,0,0,0,rocket,
646,-1.07,8.73,6.21,-250.14,-171.63,250.13,9.02,-1.94,2.95,16.1,-1.44,0,5.15,0,0,0,rocket,
647,-2.46,-1.33,5.34,-250.14,-194.02,250.13,8.95,-2.24,2.9,15.37,-7.33,0,5.16,0,0,0,rocket,
648,-2.52,-9.11,-0.46,-250.14,-0.28,250.13,9.33,-2.31,2.58,11.5,12.92,0,5.16,0,0,0,rocket,
649,-2.89,-10.28,-4.15,-250.14,5.98,224.02,8.99,-0.54,3.05,7.89,7.97,0,5.13,0,0,0,rocket,
650,0.01,-8.8,-7.65,-250.14,33.39,184.27,8.82,-1.11,2.68,16.78,-2.99,0,5.15,0,0,0,rocket,
651,1.17,-8.38,-7.26,-250.14,-25.77,135.11,9.19,-0.98,2.71,20.04,-1.31,0,5.15,0,0,0,rocket,
652,0.2,-12.79,-12.75,-5.28,218.03,-44.43,9.08,-0.53,2.85,28.24,0.92,0,5.15,0,0,0,rocket,
653,-1.26,-11,-13.92,100.76,156.5,-82.95,9.02,-0.65,2.94,26.2,-2.71,0,5.15,0,0,0,rocket,
654,0.84,-9.93,-9.44,250.13,-38.82,-96.42,9,-1.15,2.74,18.2,-2.35,0,5.16,0,0,0,rocket,
655,1.8,-8.23,-6.13,250.13,-54.21,-133.95,8.34,-1.28,2.62,0.43,0.34,0,5.14,0,0,0,rocket,
656,0.87,-3.74,-1.54,250.13,-2.15,-211.44,9.01,-1.45,2.68,22.79,-5.95,0,5.16,0,0,0,rocket,
657,1.07,-0.31,1.25,250.13,-16.27,-250.14,9.04,-1.7,2.42,20.27,-1.49,0,5.15,0,0,0,rocket,
658,5.52,10.92,12.65,250.13,-53.76,-250.14,9,-1.34,2.71,16.44,0.56,0,5.12,0,0,0,rocket,
659,9.64,17.18,18.54,238.45,-163.89,-227.32,9.06,-1.3,2.62,15.82,1.94,0,5.15,0,0,0,rocket,
660,11.13,10.12,12.07,-161.3,132.66,250.13,9.39,-3.15,3.14,7.27,-10.78,0,5.15,0,0,0,rocket,
661,6.74,8.03,8.52,-211.9,152.16,250.13,9.42,-3.07,2.64,13.11,0.78,0,5.14,0,0,0,rocket,
662,2.11,-5.84,1.14,-250.14,-21.62,250.13,8.74,-0.99,3.13,4.02,-5.93,0,5.15,0,0,0,rocket,
663,-1.35,-13.15,-4.51,-250.14,-25.48,250.13,8.7,-1.17,2.69,7.34,-5.31,0,5.15,0,0,0,rocket,
664,-6.72,-10.3,-19.62,-250.14,64.71,250.13,9.39,0.68,3.22,17.58,7.08,0,5.16,0,0,0,rocket,
665,-5.12,-18.96,-19.62,-250.14,250.13,122.27,9.17,1.14,3.64,14.05,-1.82,0,5.16,0,0,0,rocket,
666,-1.42,-11.16,-5.91,250.13,18.67,-250.14,8.83,-1.55,2.15,10.24,-3.9,0,5.16,0,0,0,rocket,
667,-1.19,-10.89,-6.57,250.13,250.13,-250.14,8.64,-1.25,2.6,8.24,-1.21,0,5.15,0,0,0,rocket,
668,-2.1,-5.47,-4.36,250.13,-103.27,-186.4,9.01,-1.77,2.5,0.34,1.63,0,5.15,0,0,0,rocket,
669,-2.31,-8.87,-0.44,250.13,-17.52,-196.06,8.52,-2.94,1.9,9.03,-13.03,0,5.15,0,0,0,rocket,
670,15.18,10.05,19.62,142.9,-144,-215.04,8.65,-2.92,2.17,-5,4.89,0,5.16,0,0,0,rocket,
671,19.62,10.36,19.62,-208.82,-231.69,71.18,8.5,-2.87,2.24,-6.41,1.2,0,5.11,0,0,0,rocket,
672,7.63,6.39,10.08,-133.5,141.3,195.08,8.56,-2.12,2.66,0.63,11.04,0,5.16,0,0,0,rocket,
673,6.5,3.96,8.69,-206.26,72.56,223.36,8.29,-2.38,2.17,2.92,6.59,0,5.15,0,0,0,rocket,
674,3.66,-10.19,2.49,-250.14,31.71,153.25,8.66,-2.62,2.54,0.73,14.69,0,5.16,0,0,0,rocket,
675,2.41,-14.44,-2.85,-250.14,2.6,133.51,9.64,-2.11,2.45,2.53,15.18,0,5.15,0,0,0,rocket,
676,1.34,-16.48,-8.94,24.78,56.66,-13.15,10.09,1.89,2.5,-1.66,17.54,0,5.15,0,0,0,rocket,
677,2.19,-13.18,-3.65,201.76,84.5,-105.44,9.49,-0.57,3.2,14.56,-0.75,0,5.16,0,0,0,rocket,
678,1.82,-9.67,-1.2,250.13,65.4,-166.8,8.89,-1.52,1.63,10.26,1.93,0,5.17,0,0,0,rocket,
679,1.99,-7.4,1.05,250.13,18.21,-225.4,8.99,-2.65,1.34,5.73,11.72,0,5.16,0,0,0,rocket,
680,2.88,-3.54,4.09,250.13,24.98,-243.93,9.06,-1.58,2.19,1.97,15.12,0,5.15,0,0,0,rocket,
681,16.73,19.62,19.62,63.6,-86.67,-14.93,9.19,-0.57,1.64,-2.79,8.21,0,5.16,0,0,0,rocket,
682,12.7,12.68,15.38,-170.79,-63.89,84.49,9.28,-0.66,1.91,-3.5,5.18,0,5.15,0,0,0,rocket,
683,5.79,8.78,11.75,-184.11,-104.63,172.44,9.35,-0.69,1.72,0.38,2.03,0,5.13,0,0,0,rocket,
684,7.42,4.63,8.96,-148.75,-35.88,237.49,9.65,-0.26,2.09,0.24,2.63,0,5.16,0,0,0,rocket,
685,5.8,-1.54,3.66,-250.14,29.07,182.57,9.82,-0.49,2.44,-6.18,-9.38,0,5.15,0,0,0,rocket,
686,5.92,-5.27,1.58,-250.14,-20.61,168.37,9.9,-0.52,2.5,-6.16,-3.64,0,5.14,0,0,0,rocket,
687,4.21,-10.4,-4.69,-250.14,30.46,137.39,9.74,-0.06,2.67,-1.97,-8.1,0,5.14,0,0,0,rocket,
688,2.53,-12.06,-7.89,-250.14,11.12,131.23,9.52,0.4,2.42,2.85,-9.48,0,5.16,0,0,0,rocket,
689,4.43,-12.56,-8.79,-100.96,45.84,-11.58,8.97,0.87,1.98,9.37,-3.76,0,5.15,0,0,0,rocket,
690,3.43,-12.4,-7.91,57.54,144.66,-96.24,8.71,0.48,1.82,6.56,-2.31,0,5.16,0,0,0,rocket,
691,2.15,-10.06,-2.76,250.13,4.88,-133.74,8.35,0.25,1.72,-10.02,4.24,0,5.15,0,0,0,rocket,
692,3.09,-7.72,-0.85,250.13,10.84,-132.93,9.19,0.37,1.64,3.82,-1.31,0,5.16,0,0,0,rocket,
693,2.89,-1.87,2.83,250.13,23.37,-178.99,9.34,0.47,2.09,-1.73,4.37,0,5.15,0,0,0,rocket,
694,3.24,1.79,5.11,250.13,-1.53,-213.47,9.41,0.19,2.04,0.05,4.13,0,5.13,0,0,0,rocket,
695,9.27,14.12,12.98,250.13,-158.67,-250.14,9.53,-0.96,2.2,0.18,-1.05,0,5.15,0,0,0,rocket,
696,14.58,19.62,13.02,106.27,-157.64,-80.28,9.53,-0.83,2.16,0.27,-3.44,0,5.15,0,0,0,rocket,
697,11.03,8.47,6.73,-222.72,176.8,250.13,9.46,-0.03,2.09,-1.73,-2.23,0,5.16,0,0,0,rocket,
698,7.64,3.64,6.25,-250.14,123.57,241.47,9.17,-0.25,2.29,-2.79,-4.5,0,5.15,0,0,0,rocket,
699,5.84,-0.13,5.04,-250.14,87.51,201.46,9,-0.56,2.28,-2.11,-5.61,0,5.11,0,0,0,rocket,
700,5.16,-4.65,2.8,-250.14,18.72,171.5,9,-0.39,2.3,0.05,-5.75,0,5.13,0,0,0,rocket,
701,3.06,-11.74,-10.06,-180.73,7.08,133.53,9.2,1.86,2.32,11.83,-1.63,0,5.16,0,0,0,rocket,
702,3.72,-11.88,-8.46,-17.72,22.35,66.71,9,0.78,1.84,11.64,-2.28,0,5.15,0,0,0,rocket,
703,2.33,-9.46,-2.93,250.13,11.2,-103.87,8.93,-0.04,1.68,6.25,-1.38,0,5.15,0,0,0,rocket,
704,2,-7.21,-1.43,250.13,-2.55,-167,8.96,0.07,1.71,8.42,2.02,0,5.13,0,0,0,rocket,
705,4.95,0.48,7.51,250.13,-12.89,-205.52,9.14,0.31,2.05,6.8,5.1,0,5.15,0,0,0,rocket,
706,7,5.67,8.64,250.13,-42.8,-229.1,9.11,0.03,2.02,5.06,6.37,0,5.15,0,0,0,rocket,
707,17.68,13.07,18.92,-131.49,-151.26,33.8,9.08,-0.63,1.89,-0.22,9.74,0,5.16,0,0,0,rocket,
708,10.33,9.5,12.42,-149.55,-23.27,124.65,9.11,-0.39,2.21,2.11,8.62,0,5.15,0,0,0,rocket,
709,8.8,6.08,9.5,-168.13,16.13,171.59,9.43,-0.15,2.43,1.4,9.45,0,5.1,0,0,0,rocket,
710,8.56,3.87,8.15,-225.5,-19.81,216.7,9.48,-0.07,2.65,-0.82,9.29,0,5.16,0,0,0,rocket,
711,5.26,-12.87,-2.81,-222.69,249.99,98.99,9.46,0.72,2.57,4.82,3.6,0,5.16,0,0,0,rocket,
712,2.78,-13.93,-6.49,-199.98,156.79,108.48,9.44,1.19,2.66,8.17,2.26,0,5.16,0,0,0,rocket,
713,2.95,-9.48,-2.81,163.84,19.6,-55.01,9.39,0.52,2.29,-0.68,1.04,0,5.12,0,0,0,rocket,
714,1.56,-6.98,0.55,244.57,-37.2,-127.02,9.11,0.51,1.53,12.8,-1.34,0,5.15,0,0,0,rocket,
715,1.24,-3.58,1.72,250.13,-96.89,-189.35,8.86,-0.75,3,10.16,-1.63,0,5.15,0,0,0,rocket,
716,3.22,-0.89,4.06,250.13,-66.97,-229.34,9.69,0.17,2.28,3.13,3.4,0,5.16,0,0,0,rocket,
717,5.82,1.92,6.65,250.13,-35.66,-250.14,9.25,0.26,2.51,-0.42,3.53,0,5.12,0,0,0,rocket,
718,10.39,13.71,12.26,86.02,-76.32,-150.45,9.69,-0.74,2.78,-7.08,-2.91,0,5.16,0,0,0,rocket,
719,16.9,8.99,16.66,-180.21,-163.27,32.92,9.51,-0.65,2,-7.82,-2.76,0,5.15,0,0,0,rocket,
720,4.54,4.81,9.65,-154.56,4.5,135.98,9.49,0.82,2.63,-5.64,-2.34,0,5.16,0,0,0,rocket,
721,1.97,2.85,9.77,-119.3,-0.95,169.34,9.03,0.44,2.14,-4.43,-3.47,0,5.12,0,0,0,rocket,
722,3.25,-3.54,5.56,-227.42,-140.46,209.87,9.06,-0.16,2.38,-1.78,-5.56,0,5.13,0,0,0,rocket,
723,4.24,-5.09,3.26,-250.14,-71.27,201.56,8.98,0.08,1.92,-2.62,-1.97,0,5.15,0,0,0,rocket,
724,3.59,-5.05,-4.86,-250.14,137.78,57.83,8.86,1.11,2.02,8.5,1.42,0,5.15,0,0,0,rocket,
725,3.96,-4.37,-5.96,-250.14,184.37,44.42,9.09,0.52,2.29,7.89,4.01,0,5.15,0,0,0,rocket,
726,3.72,-7.37,-4.26,-250.14,192.69,-54.23,8.81,0.31,2.37,7.15,13.53,0,5.13,0,0,0,rocket,
727,2.91,-7.65,-2.87,-123.76,198.27,-74.4,8.9,0.29,2.19,6.54,16.31,0,5.15,0,0,0,rocket,
728,3.44,-1.56,-1.81,77.73,134.5,-210.09,8.96,-0.13,2.76,10.7,16.32,0,5.16,0,0,0,rocket,
729,3.47,-0.94,-1.6,77.04,91.61,-250.14,9.06,-0.34,2.86,10.9,14.6,0,5.11,0,0,0,rocket,
730,6.35,2.74,1.63,76.64,68.1,-250.14,9.26,0.15,2.51,13.45,17.72,0,5.15,0,0,0,rocket,
731,8.14,4.52,1.42,97.24,139.63,-250.14,9.07,-0.21,2.54,12.55,17.1,0,5.16,0,0,0,rocket,
732,5.82,5.04,1.53,26.98,107.2,-250.14,9.01,-0.47,3.09,7.29,15.18,0,5.16,0,0,0,rocket,
733,7.01,6.51,2.63,50.18,93.67,-250.14,9.25,-0.67,3.12,6.56,14.5,0,5.16,0,0,0,rocket,
734,9.46,9.3,4.74,211.68,250.13,-250.14,8.97,-0.32,4.1,9.92,14.02,0,5.15,0,0,0,rocket,
735,3.44,13.21,5.08,199.89,166.52,-232.37,8.83,0.02,4.16,3.93,8.68,0,5.13,0,0,0,rocket,
736,14.18,8.85,11.29,133.27,-229.14,151.76,9.01,-0.51,3.78,-1.58,1.77,0,5.15,0,0,0,rocket,
737,13.71,9.38,8.61,48.26,-212.08,-4.22,9.09,-0.7,3.74,-2.69,-0.22,0,5.14,0,0,0,rocket,
738,13.24,11.48,6.92,34.97,-59.8,-92.76,8.72,-0.49,3.29,-4.99,-2.27,0,5.16,0,0,0,rocket,
739,15.24,9.86,6.73,29.16,-8.72,-113.37,8.85,-0.76,3.2,-2.48,-5.53,0,5.14,0,0,0,rocket,
740,10.33,7.88,4.87,23.36,-33.81,-15.5,8.47,-0.6,3.27,-7.47,-4.66,0,5.15,0,0,0,rocket,
741,10.63,7.48,4.97,13.24,-11.63,-47.88,8.89,-0.5,3.26,-10.31,-3.4,0,5.13,0,0,0,rocket,
742,9.48,6.27,7.18,-24.54,-48.65,-10.39,9.03,-0.67,3.06,-13.71,-4.53,0,5.15,0,0,0,rocket,
743,10.24,5.93,6.12,-28.05,-29.03,35.7,9.01,-0.71,2.97,-11.4,-6.16,0,5.14,0,0,0,rocket,
744,8.89,5.16,4.45,-34.23,-20.5,5.75,9.05,-0.45,3.03,-8.01,-11.53,0,5.16,0,0,0,rocket,
745,9.23,5.04,4.41,-55.95,-32.18,18.84,9.1,-0.47,3.02,-9.01,-13.6,0,5.15,0,0,0,rocket,
746,10.38,5.21,3.94,-75.02,-22.18,43.46,8.93,-0.49,2.9,-7.55,-11.34,0,5.15,0,0,0,rocket,
747,10.83,5.3,3.98,-79.05,-21.89,46.06,9.12,-0.67,3.09,-3.79,-9.82,0,5.15,0,0,0,rocket,
748,10.99,4.85,4.49,-88.83,-30.37,74.26,9.63,-1.19,2.57,1.36,-15.66,0,5.15,0,0,0,rocket,
749,11.19,4.55,5.19,-80.41,-23.19,76.52,8.94,-1.25,2.79,5.69,-11.06,0,5.15,0,0,0,rocket,
750,11.15,4.42,5.44,-73.79,-10.03,77.49,8.56,-1.44,2.54,19.05,-11.13,0,5.11,0,0,0,rocket,
751,11.54,3.88,5.96,-89.33,3.37,77.77,8.51,-1.83,2.01,18.19,-9.96,0,5.15,0,0,0,rocket,
752,12.62,1.59,6.33,-61.2,52.49,82.48,9.03,-0.46,2.3,25.6,-6.66,0,5.16,0,0,0,rocket,
753,12.66,1.45,6.59,-55.54,62.01,82.21,9.41,-0.63,1.74,19.03,-1.47,0,5.15,0,0,0,rocket,
754,13.4,2.3,7.11,-53.26,56.19,94.87,8.94,-0.46,2.89,14.73,-5.99,0,5.16,0,0,0,rocket,
755,13.41,2.21,7.32,-59.33,70.37,97.85,9.38,-0.13,2.5,12.91,-3.27,0,5.12,0,0,0,rocket,
756,12.21,2.91,7.66,-68.93,104.65,142.78,9.24,0.16,2.78,7.63,2.6,0,5.16,0,0,0,rocket,
757,10.94,2.8,7.34,-101.72,71.62,148.58,9.31,-0.03,2.75,6.73,4.95,0,5.16,0,0,0,rocket,
758,10.4,0.82,6.73,-79.48,66.99,127.31,9.15,-0.34,2.78,6.97,3.63,0,5.16,0,0,0,rocket,
759,10.84,1.01,6.53,-73.53,69.74,120.38,9.06,-0.08,2.83,7.14,2.69,0,5.15,0,0,0,rocket,
760,9.09,1.41,7.66,-88.44,129.31,128.19,9.01,-0.32,2.83,2.6,3.83,0,5.13,0,0,0,rocket,
761,8.34,0.76,7.76,-85.37,142.94,119.71,8.98,-0.59,2.93,0.41,4.34,0,5.16,0,0,0,rocket,
762,6.74,0.69,9.75,-71.59,149.05,112.99,9.14,-0.29,2.76,-7.79,3.92,0,5.15,0,0,0,rocket,
763,5.8,0.27,9.83,-89.88,162.65,93.02,9.3,-0.16,2.85,-12.07,5.26,0,5.15,0,0,0,rocket,
764,5.4,-0.21,10.33,-90.27,149.93,96.63,8.89,-0.57,2.92,-12.84,3.86,0,5.1,0,0,0,rocket,
765,4.62,-0.03,10.93,-90.76,147.38,94.09,8.93,-0.48,2.83,-14.97,5.02,0,5.14,0,0,0,rocket,
766,4.08,0.07,10.94,-108.99,147.6,87.62,9,-0.46,2.85,-14.88,3.91,0,5.14,0,0,0,rocket,
767,2.26,-0.11,10.57,-151.11,73.26,48.73,9.04,-0.34,2.92,-21.2,9.02,0,5.16,0,0,0,rocket,
768,2.32,-0.56,10.1,-156.1,52.22,41.31,9.02,-0.23,2.49,-20.83,4.7,0,5.15,0,0,0,rocket,
769,1.66,-1.04,9.36,-140.73,88.49,13.5,9.04,-0.23,2.75,-22.23,6.03,0,5.15,0,0,0,rocket,
770,0.6,-0.27,8.37,-143.18,63.3,5.36,9,-0.11,2.87,-19.46,6.32,0,5.15,0,0,0,rocket,
771,-1.12,0.58,4.92,-179.3,65.63,-22,8.82,-0.51,3.04,-20.91,5.11,0,5.15,0,0,0,rocket,
772,-1.11,-0.29,3.21,-157.44,93.21,-44.17,8.87,-0.78,2.72,-25.47,4.07,0,5.16,0,0,0,rocket,
773,-0.96,-0.11,0.13,-118.71,96.23,-73.75,9.03,-0.69,2.93,-28.41,3.35,0,5.15,0,0,0,rocket,
774,1.32,0.47,0.31,-60.6,146.51,-110.21,9.03,-0.47,2.98,-30.42,2.98,0,5.15,0,0,0,rocket,
775,3.18,-0.42,-2.58,-92.4,110.07,-132.19,9.17,-0.31,2.92,-33.57,1.17,0,5.15,0,0,0,rocket,
776,4.31,-0.42,-3.25,-62.49,116.74,-131.66,8.99,-0.53,2.72,-40.6,2.08,0,5.11,0,0,0,rocket,
777,8.58,-0.59,-4.22,-64.2,22.72,-137.12,9.3,-0.28,2.9,-56,0.35,0,5.16,0,0,0,rocket,
778,8.21,-1.27,-4.58,-53.93,38.27,-129.05,9.36,-0.33,3.14,-51.69,0.17,0,5.14,0,0,0,rocket,
779,7.72,-4.42,-5.03,-19.04,34.66,-149.43,8.69,-0.07,2.96,-58.79,-3.29,0,5.16,0,0,0,rocket,
780,10.02,-2.81,-3.14,25.53,29.92,-188.29,8.88,0.17,3.02,-56.99,-7.06,0,5.15,0,0,0,rocket,
781,8.6,-6.47,-7.64,29.45,-61.88,-80.26,9.66,1.04,2.78,-56.58,-3.2,0,5.16,0,0,0,rocket,
782,10.06,-6.08,-3.01,64.95,-63.16,-62.53,8.85,0.62,3.22,-57.8,-3.18,0,5.12,0,0,0,rocket,
783,7.68,-5.56,1.95,106.68,44.33,-121.5,8.97,1.14,2.61,-39.27,-1.33,0,5.15,0,0,0,rocket,
784,6.88,-4.22,1.87,102.18,24.58,-140.89,8.89,1.01,3.27,-16.36,-4.43,0,5.15,0,0,0,rocket,
785,10.12,-8.16,4.94,129.24,-78.79,-170.8,9.3,0.27,1.79,-26.37,0.74,0,5.16,0,0,0,rocket,
786,12.52,-6.37,5.59,162.15,-37.28,-181.13,9.09,0.02,3.09,-5.02,-3.7,0,5.15,0,0,0,rocket,
787,14.22,-11.79,5.16,137.73,-37.8,12.17,9.11,0.31,2.59,-1.95,1.24,0,5.15,0,0,0,rocket,
788,15.84,-6.04,7.36,124.78,9.46,-90.88,8.82,-0.21,3.03,0.95,1.69,0,5.16,0,0,0,rocket,
789,11.42,-1.46,5.64,152.34,15.75,-123.11,8.83,-0.88,2.79,4.76,6.53,0,5.15,0,0,0,rocket,
790,12.26,-0.2,6.33,146.67,-34.63,-131.53,9.15,-0.76,3,2.81,5.91,0,5.15,0,0,0,rocket,
791,13.21,0.6,7.99,139.67,45.31,-92.4,8.95,-0.96,3.35,-2.4,5.28,0,5.13,0,0,0,rocket,
792,12.25,1.02,7.14,161.08,85.05,-79.18,8.69,-0.83,3.15,3.74,3.84,0,5.15,0,0,0,rocket,
793,11.36,3.46,8.42,138.15,22.27,-48.05,9.1,-0.59,2.99,-1.57,7.52,0,5.15,0,0,0,rocket,
794,11.13,3.37,7.9,110.94,30.83,-40.66,8.75,-0.63,2.95,-1.71,4.96,0,5.14,0,0,0,rocket,
795,10.02,2.96,7.48,100.78,25.9,-39.22,8.74,-0.6,2.67,-4.26,5.88,0,5.1,0,0,0,rocket,
796,9.87,1.99,8.4,100.57,-0.66,-33.27,8.92,-0.29,2.56,-2.7,5.87,0,5.14,0,0,0,rocket,
797,9.63,3.33,9.35,120.89,37.85,-31.57,9.12,-0.35,3.1,-2.63,3.34,0,5.15,0,0,0,cowboy,
798,10.04,4.94,6.55,25.06,4.93,44.47,9.01,-0.45,3.33,6.09,1.44,0,5.15,0,0,0,cowboy,
799,9.03,3.45,5.24,-63.95,-99.34,-32.28,8.64,-0.37,3.08,4.12,1.34,0,5.16,0,0,0,cowboy,
800,8.67,4.45,4.62,-7.45,-69.12,-18.4,9.18,-0.33,2.83,8.59,1.27,0,5.16,0,0,0,cowboy,
801,9.11,3.14,4.99,-15.81,-63.34,-23.35,9.34,-0.36,2.88,11.65,-0.73,0,5.15,0,0,0,cowboy,
802,8.93,3.52,4.91,33.57,65.45,-4.41,9.09,-0.47,3.16,27.31,-5.18,0,5.13,0,0,0,cowboy,
803,8.01,3.65,4.43,27.18,39.34,8.27,9.15,-0.42,3.01,30.11,-5.12,0,5.15,0,0,0,cowboy,
804,8.4,3.91,4.53,43.4,47.58,-12.03,8.91,-0.66,3.09,37.77,-6.02,0,5.15,0,0,0,cowboy,
805,8.57,4,4.72,50.63,62.26,-3.82,8.87,-0.83,3.08,36.44,-5.62,0,5.13,0,0,0,cowboy,
806,8.58,3.97,4.54,36.5,34.8,4.07,8.91,-0.88,3.14,34.64,-6.29,0,5.11,0,0,0,cowboy,
807,8.68,4.07,4.51,36.91,21.97,10.73,8.88,-0.85,2.85,33.96,-6.2,0,5.14,0,0,0,cowboy,
808,8.47,4.13,4.59,63.89,67.02,9.73,8.95,-1.07,2.81,29.63,-4.34,0,5.16,0,0,0,cowboy,
809,8.31,4.54,4.5,48.62,48.09,6.52,8.9,-1.05,2.87,25.86,-3.92,0,5.11,0,0,0,cowboy,
810,8.02,4.53,4.55,22.15,23.9,22.33,8.96,-1.1,2.65,20.47,-3.15,0,5.16,0,0,0,cowboy,
811,7.87,4.56,4.64,14.64,9.39,33.97,9.07,-1.14,2.73,18.34,-2.99,0,5.15,0,0,0,cowboy,
812,8.21,4.45,4.8,2.82,-6.59,28.4,8.83,-1.29,2.95,10.3,-5.64,0,5.14,0,0,0,cowboy,
813,8.32,4.54,4.79,-13.56,-39.6,36.79,9.01,-1.35,2.91,7.67,-5.37,0,5.15,0,0,0,cowboy,
814,9.43,3.92,5.44,-0.47,-3.85,36.76,9.05,-1.86,2.98,4.61,-7.43,0,5.15,0,0,0,cowboy,
815,9.74,3.66,5.65,-5.29,-4.66,44.76,9.06,-1.84,2.73,0.27,-6.42,0,5.16,0,0,0,cowboy,
816,9.88,2.95,6.58,4.26,11.87,51.16,9.09,-1.36,2.53,-0.86,-1.47,0,5.15,0,0,0,cowboy,
817,9.93,3.02,6.69,12.75,24.37,49.15,9.1,-1.23,2.66,4.3,-1.64,0,5.15,0,0,0,cowboy,
818,10.65,0.85,7.75,21.47,53.24,44.49,9.11,-0.84,2.19,9.85,-3.91,0,5.15,0,0,0,cowboy,
819,11.15,1.41,7.31,-15.97,14.99,66.82,9.33,0.1,2.43,17.79,-2.44,0,5.12,0,0,0,cowboy,
820,11.9,0.53,7.11,-7.06,29.51,67.87,9.08,0.14,2.64,26.79,-2.12,0,5.16,0,0,0,cowboy,
821,12.38,0.62,7.25,-11.98,27.39,73.56,8.95,0.12,2.77,26.48,1.9,0,5.15,0,0,0,cowboy,
822,12.59,0.79,7.41,-3.63,49.87,77.83,8.84,-0.11,2.37,27.18,2.23,0,5.09,0,0,0,cowboy,
823,12.51,0.48,7.76,-8.53,51.5,86.53,8.89,-0.45,2.43,22.95,3.15,0,5.15,0,0,0,cowboy,
824,11.98,2.33,7.9,-9.5,96.66,108.54,9.47,0.01,2.53,16.41,3.15,0,5.15,0,0,0,cowboy,
825,11.5,2.15,8.25,-13.73,100.3,111.05,9.15,0.24,2.56,14.51,4.3,0,5.16,0,0,0,cowboy,
826,18.2,-5.86,13.58,-30.56,-209.2,-250.14,9.43,-1.43,2.82,-18.81,-1.55,0,5.15,0,0,0,cowboy,
827,17.17,-1.25,2.34,136.58,2.61,-242.61,9.03,-1.16,3.34,-21.17,0.12,0,5.14,0,0,0,cowboy,
828,18.97,-0.19,3.16,142.06,34.27,-213.95,9.04,-0.88,3.2,-14.37,1.6,0,5.15,0,0,0,cowboy,
829,17.77,-0.53,4.49,145.27,39.09,-175.95,8.9,-1.1,3.2,-11.98,-2.72,0,5.15,0,0,0,cowboy,
830,16.65,-0.16,5.32,250.13,240.73,-119.93,8.81,-1.11,3.11,-3.24,-1.34,0,5.15,0,0,0,cowboy,
831,13.68,1.64,4.98,183.63,130.83,-131.2,8.96,-1.11,2.76,6.08,-2.15,0,5.1,0,0,0,cowboy,
832,19.62,-6.05,4.13,80.15,-86.74,45.76,9.01,-1.11,3.04,9.79,-4.33,0,5.17,0,0,0,cowboy,
833,19.62,-19.62,14.22,250.13,151.56,250.13,9.03,-1.05,3.17,16.45,-5.11,0,5.16,0,0,0,cowboy,
834,10.31,4.13,6.76,84.53,67.75,-175.14,9.03,-1.4,3.06,21.95,-8.01,0,5.14,0,0,0,cowboy,
835,10.72,1.65,8.44,39.7,1.43,-160,8.96,-1.54,3.24,24.37,-10.53,0,5.16,0,0,0,cowboy,
836,12.35,4.16,7.15,40.02,-47.81,-61.17,8.53,-1.88,2.81,21.44,-10.67,0,5.16,0,0,0,cowboy,
837,13.07,4.24,6.91,-8.5,-52.48,-17.66,8.74,-1.53,2.83,28.09,-10.09,0,5.15,0,0,0,cowboy,
838,11.54,2.02,5.43,17.62,36.43,-67.87,9.01,-1.41,2.84,28.48,-12.26,0,5.14,0,0,0,cowboy,
839,11.55,2.71,5.2,21.92,13.15,-17.56,8.88,-1.76,2.79,27.78,-13.89,0,5.16,0,0,0,cowboy,
840,10.16,3.02,4.98,72.81,119.4,-20.82,8.69,-2.22,2.34,32.41,-11.59,0,5.15,0,0,0,cowboy,
841,9.09,2.87,4.62,35.67,45.21,12.84,8.65,-1.99,2.47,36.04,-8.54,0,5.15,0,0,0,cowboy,
842,8.99,3.26,4.34,49.26,33.69,6.85,8.97,-2.03,2.53,38.08,-8.73,0,5.15,0,0,0,cowboy,
843,8.7,3.53,3.99,54.09,15.05,-2.85,9.06,-2.11,2.89,38.85,-9.26,0,5.16,0,0,0,cowboy,
844,11.16,5.07,4.16,16.13,50.4,34.68,8.85,-2.01,2.61,42.3,-14.52,0,5.16,0,0,0,cowboy,
845,10.96,4.54,4,-21.08,58.63,46.82,8.69,-2.4,3.1,36.77,-13.99,0,5.15,0,0,0,cowboy,
846,8.53,3.11,3.66,45.15,95.4,62.73,8.79,-3.05,2.43,31.5,-14.63,0,5.14,0,0,0,cowboy,
847,8.6,3.61,3.91,49.63,54.44,69.75,8.84,-2.71,2.67,32.23,-13.05,0,5.15,0,0,0,cowboy,
848,8.91,4.63,4.09,57.3,44.44,53.28,8.72,-2.57,2.31,28.55,-14.27,0,5.16,0,0,0,cowboy,
849,8.57,4.55,3.89,53.74,52.12,46.54,8.85,-2.77,2.64,28.15,-14.74,0,5.14,0,0,0,cowboy,
850,9.12,4.17,3.67,34.19,39.91,50.02,9.07,-3.14,2.03,29.82,-11.74,0,5.15,0,0,0,cowboy,
851,9.53,3.94,3.95,44.01,58.42,51.87,8.93,-3,2.01,25.74,-10.31,0,5.15,0,0,0,cowboy,
852,9.6,3.74,5.21,51.5,48.47,62.55,9.01,-2.98,2.12,27.52,-10.3,0,5.16,0,0,0,cowboy,
853,10.28,3.61,6.49,37.92,39.23,72.89,9.66,-2.91,1.51,30.57,-10.09,0,5.15,0,0,0,cowboy,
854,9.6,2.55,8.15,13.22,12.84,77.6,9.26,-2.17,1.46,34.2,-10.31,0,5.14,0,0,0,cowboy,
855,10.25,2.64,8.69,26.25,14.18,71.49,9.37,-2.01,1.92,30.84,-5.01,0,5.15,0,0,0,cowboy,
856,11.11,3.51,8.89,-40.02,17.67,91.13,9.07,-0.85,2.04,39.99,-1.84,0,5.16,0,0,0,cowboy,
857,10.55,1.69,9.12,-48.81,29,93.11,8.8,-1.02,1.52,36.19,-4.18,0,5.16,0,0,0,cowboy,
858,12.22,2.02,7.87,-25.43,67.26,116.03,9.24,-1.08,1.96,32.17,-3.07,0,5.15,0,0,0,cowboy,
859,11.68,1.92,7.93,-13.79,106.25,123.94,9.29,-1.39,2.73,30.74,-3.99,0,5.14,0,0,0,cowboy,
860,9.44,1.22,7.49,-28.53,39.47,107.62,9.18,-1.85,3.13,36.9,-9.14,0,5.14,0,0,0,cowboy,
861,10.35,0.72,8.83,-58.93,-17.54,97.35,9.19,-1.66,2.82,34.07,-3.18,0,5.16,0,0,0,cowboy,
862,10.83,0.64,9.76,-82.72,-41.69,106.23,9.13,-1.43,2.59,32.71,-1.84,0,5.12,0,0,0,cowboy,
863,11.38,0.61,9.32,-93.95,-20.9,121.21,9.19,-1.27,2.31,33.77,-1.07,0,5.15,0,0,0,cowboy,
864,9,-1.73,5.76,-173.83,-128.23,71.37,8.93,-1.53,2.77,34.15,-4.88,0,5.16,0,0,0,cowboy,
865,8.61,-2.29,3.1,-132.28,-162.98,34.4,8.84,-1.89,2.75,32.61,-0.42,0,5.15,0,0,0,cowboy,
866,10.1,-2.71,1.39,-81.94,-250.14,36.3,8.68,-2.1,2.33,34.7,-2.05,0,5.16,0,0,0,cowboy,
867,11.36,-4.74,2.69,-7.39,-228.53,26.79,8.92,-2.06,2.85,30.11,0.69,0,5.13,0,0,0,cowboy,
868,15.63,0.31,4.74,-65.47,30.36,146.34,8.83,-1.49,2.64,36.9,1.79,0,5.15,0,0,0,cowboy,
869,10.2,-0.46,3.13,-105.98,93.86,153.98,8.57,-1.19,2.37,41.49,2.85,0,5.14,0,0,0,cowboy,
870,14.34,-2.68,2.89,-125.48,-108.31,143.37,8.45,-1.05,2.99,60.4,4.41,0,5.15,0,0,0,cowboy,
871,14.29,-2.25,1.22,-120.8,9.89,158.37,8.39,-1.04,2.8,60.6,6.27,0,5.16,0,0,0,cowboy,
872,10.93,-3.72,0.33,-86.58,21.92,157.02,9.13,-1.74,3.38,62.33,6,0,5.11,0,0,0,cowboy,
873,9.88,-2.98,1.3,-54.02,-18.27,182.37,9.34,-1.56,2.91,64.47,3.74,0,5.16,0,0,0,cowboy,
874,5.29,-1.31,0.55,-58.42,-84.34,250.13,9.48,0.29,3.04,78.33,14.76,0,5.15,0,0,0,cowboy,
875,2.87,-1.34,0.36,-83.98,-93.22,250.13,9.35,0.89,3.02,84.27,8.95,0,5.16,0,0,0,cowboy,
876,-9.17,1.14,-0.36,-136.23,-55.08,235.43,9.42,0.16,2.63,80.86,-17.73,0,5.16,0,0,0,cowboy,
877,-15.1,3.63,-3.74,-183.25,-47.69,162.67,9.21,0.12,2.64,83.73,-20.81,0,5.16,0,0,0,cowboy,
878,-17.93,5.89,-15.68,-250.14,-190.32,-129.82,10.15,0.4,2.42,74.06,-6.15,0,5.15,0,0,0,cowboy,
879,-9.89,3.52,-19.62,-216.43,-169.91,-250.14,10.29,0.83,2.71,72.7,-4.23,0,5.15,0,0,0,cowboy,
880,12.98,-0.79,-19.62,250.13,143.2,-250.14,8.4,1.35,3.01,67.44,6.12,0,5.16,0,0,0,cowboy,
881,17.82,6.75,-11.96,250.13,250.13,-250.14,8.37,1.96,3.08,71.69,12.41,0,5.13,0,0,0,cowboy,
882,19.62,-2.51,3.64,250.13,-237.71,250.13,8.6,2.96,3.47,96.82,-6.94,0,5.16,0,0,0,cowboy,
883,10.78,2.48,11.54,250.13,-73.4,250.13,8.41,2.26,3.78,100.41,-4.51,0,5.17,0,0,0,cowboy,
884,9.23,1.73,19.62,250.13,-250.14,250.13,8.53,1.79,3.19,106.98,-3.14,0,5.16,0,0,0,cowboy,
885,9.42,-2.04,19.62,128.46,-236.01,250.13,8.63,1.5,3.16,113.64,-1.5,0,5.17,0,0,0,cowboy,
886,3.61,-5.64,19.62,-108.4,-250.14,250.13,8.59,1.57,2.95,120.98,1.08,0,5.16,0,0,0,cowboy,
887,-5.9,-3.23,11.82,-199.72,-250.14,250.13,8.24,0.95,3.84,139.44,6.24,0,5.16,0,0,0,cowboy,
888,-6.81,-2.65,9.11,-250.14,-177.75,239.44,8.75,0.8,4.3,143.34,2.08,0,5.16,0,0,0,cowboy,
889,-10.13,-1.14,-2.33,-250.14,-2.87,66.08,9.35,-2.92,2.61,133.99,-11.04,0,5.18,0,0,0,cowboy,
890,-10.42,-0.45,-5.97,-250.14,30.44,-1.95,9.24,-1.89,3.1,134.23,-17.22,0,5.18,0,0,0,cowboy,
891,-11.02,3.52,-18.04,-250.14,0.44,-170.77,8.94,-2.41,2.89,113.98,-29.08,0,5.18,0,0,0,cowboy,
892,-9.92,0.58,-19.62,-250.14,15.28,-250.14,8.53,-3.26,2.46,101.81,-32.3,0,5.16,0,0,0,cowboy,
893,8.65,1.81,-19.62,250.13,109.06,-250.14,8.71,-2.11,2.65,89.44,-0.96,0,5.16,0,0,0,cowboy,
894,13.73,7.17,-19.62,250.13,201.34,-250.14,8.93,-1.34,3.2,89.92,1.92,0,5.12,0,0,0,cowboy,
895,19.62,1.7,3.12,250.13,23.09,86.71,8.77,-0.62,3.3,110.65,-1.56,0,5.17,0,0,0,cowboy,
896,19.62,0.37,10.66,250.13,-5.52,186.89,8.33,-0.92,3.67,111.92,-0.4,0,5.13,0,0,0,cowboy,
897,5.01,-1.39,12.02,180.32,-209.85,243.73,7.94,-1.61,2.88,130.56,-7.19,0,5.16,0,0,0,cowboy,
898,4.6,-7.48,13.65,-13.31,-230.63,179.69,7.8,-1.6,2.17,132.03,-2.09,0,5.17,0,0,0,cowboy,
899,-3.07,-3.66,6.84,-94.76,-199.56,245.85,9.82,-1.88,2.76,133.95,-0.44,0,5.16,0,0,0,cowboy,
900,-5.64,-2.81,4.63,-148.42,-175.79,247.6,10.53,-1.85,2.88,134.04,-0.12,0,5.15,0,0,0,cowboy,
901,-8.89,-1.83,-1.42,-227.88,79.62,194.88,7.71,-0.76,1.61,110.49,3.09,0,5.15,0,0,0,cowboy,
902,-12.01,1.2,-6.17,-250.14,151,143.07,9.3,-0.51,2.06,103.7,1.59,0,5.16,0,0,0,cowboy,
903,12.16,6.6,-19.62,250.13,250.13,-250.14,9.15,-1.06,2.5,85.19,-3.15,0,5.16,0,0,0,cowboy,
904,5.48,-1.53,-4.49,250.13,66.43,-210.52,9.14,-0.41,2.79,83.95,0.91,0,5.14,0,0,0,cowboy,
905,19.62,19.62,-10.46,250.13,-250.14,-122.34,9.43,0.47,3.4,88.33,6.31,0,5.13,0,0,0,cowboy,
906,19.62,6.66,5.49,250.13,-250.14,157.26,9.42,1.54,3.73,91.27,6.01,0,5.17,0,0,0,cowboy,
907,19.62,-0.28,4.35,250.13,34.8,173.77,9.43,2.11,3.88,101.53,-6.14,0,5.16,0,0,0,cowboy,
908,19.62,-5.66,9.62,250.13,-17.11,250.13,9.26,1.42,3.61,101.11,-11.61,0,5.17,0,0,0,cowboy,
909,14.98,0.75,11.51,250.13,-19.21,250.13,8.73,1.21,3.18,114.2,-15.65,0,5.12,0,0,0,cowboy,
910,8.69,3.21,16.73,-134.85,-152.14,52.15,8.71,1.24,3.65,123.26,-16.84,0,5.14,0,0,0,cowboy,
911,0.11,-4.41,11.13,-220.7,-250.14,174.78,8.52,1.09,2.7,134.45,-16.47,0,5.15,0,0,0,cowboy,
912,-1.25,-1.47,9.44,31.5,-137.53,250.13,8.27,1,2.7,141.39,-15.12,0,5.11,0,0,0,cowboy,
913,-11.97,1.98,-1.22,-250.14,-42.51,200.35,8.33,-0.52,2.96,159.27,-35.41,0,5.15,0,0,0,cowboy,
914,-12.37,2.91,-5.92,-250.14,-34.98,142.17,8.17,-1.84,2.92,147.36,-34.11,0,5.16,0,0,0,cowboy,
915,13.29,3.75,-14.94,250.13,7.08,-250.14,10.85,-2.73,1.79,113,-1.05,0,5.16,0,0,0,cowboy,
916,19.62,5.75,-12.98,250.1,-58.38,-250.14,10.04,-1.36,2.19,104.99,10.28,0,5.16,0,0,0,cowboy,
917,19.62,8.99,-6.54,250.13,250.13,-28.77,9.08,-0.53,2.68,105.6,10.82,0,5.14,0,0,0,cowboy,
918,19.62,-9.44,2.58,250.13,-250.14,250.13,8.78,-0.64,2.22,113.4,4.83,0,5.13,0,0,0,cowboy,
919,19.62,-0.78,6.91,250.13,68.47,37.12,8.42,-0.24,1.66,119.25,8.4,0,5.15,0,0,0,cowboy,
920,19.62,3.15,10.66,250.13,-106.36,147.66,8.06,0.23,1.9,127.4,9.17,0,5.15,0,0,0,cowboy,
921,18.77,2.71,14.36,85.08,-182.24,240.02,7.57,0.33,1.28,129.9,6.8,0,5.11,0,0,0,cowboy,
922,12.54,-2.68,14.81,-54.63,-215.95,250.13,7.21,0.29,1.04,124.84,9.89,0,5.16,0,0,0,cowboy,
923,8.47,-2.33,12.4,-177.18,-109.06,250.13,7.63,-0.11,0.77,123.26,10.38,0,5.15,0,0,0,cowboy,
924,-6.41,-2.63,3.21,-243.69,-109.76,250.13,10.96,0.07,1.8,123.84,9.64,0,5.15,0,0,0,cowboy,
925,-7.21,-2.33,0.66,-243.18,-67.2,250.13,11.33,0.55,2.07,125.43,20.45,0,5.14,0,0,0,cowboy,
926,-13.53,-1.45,-12.46,-177.03,-54.03,250.13,10.15,-0.47,3.49,115.18,4.89,0,5.15,0,0,0,cowboy,
927,-9.61,0.81,-15.54,-82.78,227.34,-91.73,10.04,-1.21,2.7,117.73,-1.81,0,5.16,0,0,0,cowboy,
928,-7.94,-10.37,-19.62,-126.72,-108.24,-250.14,10.06,-0.97,2.8,118.11,9.14,0,5.1,0,0,0,cowboy,
929,-6.68,-7.67,-19.62,82.27,-92.2,-250.14,10.1,-0.6,2.89,115.44,7.07,0,5.16,0,0,0,cowboy,
930,9.12,-0.16,-9.99,250.13,74.49,-250.14,8.44,0.08,2.34,105.87,0.21,0,5.16,0,0,0,cowboy,15
931,16.34,5.5,-0.01,250.13,-177.07,-250.14,8.14,0.42,2.07,112.97,1.06,0,5.14,0,0,0,cowboy,
932,19.62,7.72,7.93,250.13,93.96,175.2,8.79,1.87,2.78,133.65,3.74,0,5.13,0,0,0,cowboy,41
933,19.62,-1.46,8.47,221.76,235.61,191.39,9.15,1.85,2.92,145.09,-7.79,0,5.13,0,0,0,cowboy,
934,13.35,0.74,16.19,190.11,-250.14,250.13,7.39,0.15,2.57,165.08,-8.61,0,5.15,0,0,0,cowboy,
935,10.33,1.93,13.36,8.57,-244.15,250.13,8.82,-0.43,3.3,160.25,-21.34,0,5.15,0,0,0,cowboy,
936,-6.75,-2.02,6.02,-123.59,-85.25,250.13,10.58,-4.49,1.89,144.38,-19.33,0,5.15,0,0,0,cowboy,
937,-8.41,-2.79,4.82,-212.02,-81.16,250.13,10.27,-4.17,1.67,144.26,-14.04,0,5.15,0,0,0,cowboy,
938,-11.95,0.51,-2.8,-250.14,-55.34,248.27,10.04,-2.15,1.84,140.46,-3.66,0,5.16,0,0,0,cowboy,
939,-13.18,0.68,-6.16,-250.14,56.89,203.87,9.4,-1.21,2.36,135.63,-2.24,0,5.16,0,0,0,cowboy,
940,-12.43,-3.42,-19.62,-208.18,-55.53,-250.14,7.32,-1.73,1.45,113.62,11.87,0,5.16,0,0,0,cowboy,
941,-4.07,-10.6,-19.62,-16.47,-87.51,-250.14,7.29,-2.26,0.63,104.23,18.8,0,5.16,0,0,0,cowboy,
942,19.31,-0.32,-14.77,250.13,-103.23,-250.14,9.18,-1.74,1.88,94.91,22.32,0,5.14,0,0,0,cowboy,
943,19.62,13.63,-3.39,250.13,-149.8,-250.14,9.51,-0.57,2.29,90.59,27.62,0,5.15,0,0,0,cowboy,
944,19.62,10.28,-8.92,71.34,-143.31,220.02,9.11,0.79,2.53,92.31,16.14,0,5.09,0,0,0,cowboy,
945,19.62,1.54,9.68,70.08,89.88,250.13,9.81,0.65,2.22,95.21,4.89,0,5.15,0,0,0,cowboy,
946,6.2,-1.11,19.42,-21.27,-250.14,250.13,10.77,0.44,2.35,110.15,8.82,0,5.15,0,0,0,cowboy,
947,2.98,-2.17,17.27,-165.05,-190.82,250.13,11.49,0.95,3.66,125.26,2.45,0,5.15,0,0,0,cowboy,
948,-8.66,-3.59,8.42,-250.14,-110.57,250.13,11.34,-0.72,3.75,114.37,0.72,0,5.16,0,0,0,cowboy,
949,-10.95,-2.89,4.45,-250.14,-122.79,250.13,11.47,-1.16,3.46,116.28,-0.65,0,5.16,0,0,0,cowboy,
950,-14.89,5.09,-8.42,-250.14,-50.22,223.26,9.34,-0.28,2.29,118.26,6.48,0,5.17,0,0,0,cowboy,
951,-12.97,4.89,-13.43,-250.14,41.01,48.02,8.53,0.64,1.41,119.4,5.47,0,5.15,0,0,0,cowboy,
952,-11.27,0.58,-19.62,32.08,-104.38,-250.14,6.08,3.11,1.12,148.01,21.74,0,5.16,0,0,0,cowboy,
953,-7.17,4.39,-16.22,127.82,-100.11,-250.14,6.23,3.12,2.64,147.31,10.04,0,5.14,0,0,0,cowboy,
954,9.87,1.06,-15.56,177.27,-60.25,-250.14,7.39,-2.51,3.68,138.76,-25.18,0,5.16,0,0,0,cowboy,
955,18.64,0.3,-15.44,250.13,116.14,-250.14,8.28,-5.2,1.47,134.19,-10.82,0,5.16,0,0,0,cowboy,
956,19.62,12.26,-9.05,250.13,95.27,-250.14,11.56,-5.35,3.47,132.61,-9.05,0,5.15,0,0,0,cowboy,
957,19.62,12.2,-3.74,250.13,124.33,-52.47,12.24,-3.71,3.01,134.16,1.5,0,5.15,0,0,0,cowboy,
